"","journal","ISSN"
"1","NEW_ENGLAND_JOURNAL_OF_MEDICINE","0028-4793"
"2","JAMA-JOURNAL_OF_THE_AMERICAN_MEDICAL_ASSOCIATION","0098-7484"
"3","BMJ-BRITISH_MEDICAL_JOURNAL","0959-535X"
"4","NATURE_REVIEWS_DISEASE_PRIMERS","2056-676X"
"5","NATURE_REVIEWS_CLINICAL_ONCOLOGY","1759-4774"
"6","NATURE_REVIEWS_CANCER","1474-175X"
"7","CELL","0092-8674"
"8","LANCET_PSYCHIATRY","2215-0374"
"9","SCIENCE","0036-8075"
"10","LANCET_ONCOLOGY","1470-2045"
"11","ANNALS_OF_ONCOLOGY","0923-7534"
"12","CANCER_CELL","1535-6108"
"13","NATURE_BIOTECHNOLOGY","1087-0156"
"14","CHEMICAL_SOCIETY_REVIEWS","0306-0012"
"15","JOURNAL_OF_CLINICAL_ONCOLOGY","0732-183X"
"16","CELL_RESEARCH","1001-0602"
"17","NATURE_REVIEWS_ENDOCRINOLOGY","1759-5029"
"18","JOULE","2542-4351"
"19","SIGNAL_TRANSDUCTION_AND_TARGETED_THERAPY","2095-9907"
"20","EUROPEAN_HEART_JOURNAL","0195-668X"
"21","ANNALS_OF_INTERNAL_MEDICINE","0003-4819"
"22","JAMA_INTERNAL_MEDICINE","2168-6106"
"23","INTENSIVE_CARE_MEDICINE","0342-4642"
"24","NATURE_NANOTECHNOLOGY","1748-3387"
"25","NATURE_REVIEWS_NEUROLOGY","1759-4758"
"26","CIRCULATION","0009-7322"
"27","NATURE_CATALYSIS","2520-1158"
"28","CLINICAL_MICROBIOLOGY_REVIEWS","0893-8512"
"29","LANCET_GLOBAL_HEALTH","2214-109X"
"30","MMWR-MORBIDITY_AND_MORTALITY_WEEKLY_REPORT","0149-2195"
"31","MMWR_RECOMMENDATIONS_AND_REPORTS","1057-5987"
"32","INNOVATION","2666-6758"
"33","ENERGY_&_ENVIRONMENTAL_SCIENCE","1754-5692"
"34","IMMUNITY","1074-7613"
"35","MATERIALS_SCIENCE_&_ENGINEERING_R-REPORTS","0927-796X"
"36","NATURE_GENETICS","1061-4036"
"37","NATURE_IMMUNOLOGY","1529-2908"
"38","CELL_HOST_&_MICROBE","1931-3128"
"39","PHYSICS_REPORTS-REVIEW_SECTION_OF_PHYSICS_LETTERS","0370-1573"
"40","ANNUAL_REVIEW_OF_IMMUNOLOGY","0732-0582"
"41","ADVANCED_MATERIALS","0935-9648"
"42","GASTROENTEROLOGY","0016-5085"
"43","CANCER_DISCOVERY","2159-8274"
"44","CELL_METABOLISM","1550-4131"
"45","JAMA_NEUROLOGY","2168-6149"
"46","SUSMAT","2766-8479"
"47","JAMA_ONCOLOGY","2374-2437"
"48","NATURE_MICROBIOLOGY","2058-5276"
"49","JOURNAL_OF_INFECTION","0163-4453"
"50","ADVANCED_ENERGY_MATERIALS","1614-6832"
"51","MOLECULAR_PLANT","1674-2052"
"52","ANNALS_OF_THE_RHEUMATIC_DISEASES","0003-4967"
"53","ADVANCES_IN_OPTICS_AND_PHOTONICS","1943-8206"
"54","NANO-MICRO_LETTERS","2311-6706"
"55","JAMA_PEDIATRICS","2168-6203"
"56","JAMA_PSYCHIATRY","2168-622X"
"57","ASTRONOMY_AND_ASTROPHYSICS_REVIEW","0935-4956"
"58","JOURNAL_OF_HEPATOLOGY","0168-8278"
"59","JOURNAL_OF_TRAVEL_MEDICINE","1195-1982"
"60","LANCET_RHEUMATOLOGY","2665-9913"
"61","ENERGYCHEM","2589-7780"
"62","NATURE_NEUROSCIENCE","1097-6256"
"63","MMWR_SURVEILLANCE_SUMMARIES","1545-8636"
"64","ANNUAL_REVIEW_OF_PSYCHOLOGY","0066-4308"
"65","SCIENCE_IMMUNOLOGY","2470-9468"
"66","AMERICAN_JOURNAL_OF_RESPIRATORY_AND_CRITICAL_CARE_MEDICINE","1073-449X"
"67","GUT","0017-5749"
"68","JOURNAL_OF_THE_AMERICAN_COLLEGE_OF_CARDIOLOGY","0735-1097"
"69","MATERIALS_TODAY","1369-7021"
"70","CELLULAR_&_MOLECULAR_IMMUNOLOGY","1672-7681"
"71","JAMA_CARDIOLOGY","2380-6583"
"72","IEEE_TRANSACTIONS_ON_PATTERN_ANALYSIS_AND_MACHINE_INTELLIGENCE","0162-8828"
"73","CHEM","2451-9294"
"74","EUROPEAN_UROLOGY","0302-2838"
"75","ANNUAL_REVIEW_OF_CONDENSED_MATTER_PHYSICS","1947-5454"
"76","PSYCHOLOGICAL_BULLETIN","0033-2909"
"77","PSYCHOTHERAPY_AND_PSYCHOSOMATICS","0033-3190"
"78","APPLIED_CATALYSIS_B-ENVIRONMENT_AND_ENERGY","0926-3373"
"79","ACS_ENERGY_LETTERS","2380-8195"
"80","NATURE_CHEMISTRY","1755-4330"
"81","NATURE_CELL_BIOLOGY","1465-7392"
"82","PROTEIN_&_CELL","1674-800X"
"83","MILITARY_MEDICAL_RESEARCH","2095-7467"
"84","PHARMACOLOGICAL_REVIEWS","0031-6997"
"85","LANCET_REGIONAL_HEALTH-EUROPE","2666-7762"
"86","LIVING_REVIEWS_IN_SOLAR_PHYSICS","2367-3648"
"87","ANNUAL_REVIEW_OF_PUBLIC_HEALTH","0163-7525"
"88","NATIONAL_SCIENCE_REVIEW","2095-5138"
"89","PROCEEDINGS_OF_THE_IEEE","0018-9219"
"90","TRENDS_IN_PLANT_SCIENCE","1360-1385"
"91","SMARTMAT","2766-8525"
"92","ENERGY_STORAGE_MATERIALS","2405-8297"
"93","JOURNAL_OF_THORACIC_ONCOLOGY","1556-0864"
"94","BLOOD","0006-4971"
"95","ENDOCRINE_REVIEWS","0163-769X"
"96","ADVANCED_COMPOSITES_AND_HYBRID_MATERIALS","2522-0128"
"97","CIRCULATION_RESEARCH","0009-7330"
"98","TRENDS_IN_COGNITIVE_SCIENCES","1364-6613"
"99","KIDNEY_INTERNATIONAL","0085-2538"
"100","INTERNATIONAL_JOURNAL_OF_COMPUTER_VISION","0920-5691"
"101","NATURE_PHYSICS","1745-2473"
"102","LIGHT-SCIENCE_&_APPLICATIONS","2095-5545"
"103","EUROSURVEILLANCE","1025-496X"
"104","QUALITATIVE_RESEARCH_IN_PSYCHOLOGY","1478-0887"
"105","ADVANCED_FUNCTIONAL_MATERIALS","1616-301X"
"106","TRENDS_IN_CELL_BIOLOGY","0962-8924"
"107","MATTER","2590-2393"
"108","SCIENCE_BULLETIN","2095-9273"
"109","INFORMATION_FUSION","1566-2535"
"110","TRENDS_IN_CANCER","2405-8025"
"111","ACCOUNTS_OF_CHEMICAL_RESEARCH","0001-4842"
"112","ACS_CENTRAL_SCIENCE","2374-7943"
"113","JOURNAL_OF_THE_ACADEMY_OF_MARKETING_SCIENCE","0092-0703"
"114","ANNUAL_REVIEW_OF_PHYSIOLOGY","0066-4278"
"115","EUROPEAN_JOURNAL_OF_HEART_FAILURE","1388-9842"
"116","JOURNAL_OF_INNOVATION_&_KNOWLEDGE","2530-7614"
"117","REPORTS_ON_PROGRESS_IN_PHYSICS","0034-4885"
"118","NATURE_PLANTS","2055-026X"
"119","AMERICAN_JOURNAL_OF_PSYCHIATRY","0002-953X"
"120","IEEE_REVIEWS_IN_BIOMEDICAL_ENGINEERING","1937-3333"
"121","NANO_ENERGY","2211-2855"
"122","CANADIAN_MEDICAL_ASSOCIATION_JOURNAL","0820-3946"
"123","NANO_TODAY","1748-0132"
"124","ANNUAL_REVIEW_OF_MARINE_SCIENCE","1941-1405"
"125","JOURNAL_OF_THE_ROYAL_SOCIETY_OF_MEDICINE","0141-0768"
"126","TRENDS_IN_BIOTECHNOLOGY","0167-7799"
"127","ACS_NANO","1936-0851"
"128","SCIENCE_TRANSLATIONAL_MEDICINE","1946-6234"
"129","NATURE_STRUCTURAL_&_MOLECULAR_BIOLOGY","1545-9993"
"130","TRENDS_IN_IMMUNOLOGY","1471-4906"
"131","ANGEWANDTE_CHEMIE-INTERNATIONAL_EDITION","1433-7851"
"132","ANNUAL_REVIEW_OF_BIOCHEMISTRY","0066-4154"
"133","STUDIES_IN_MYCOLOGY","0166-0616"
"134","ACADEMY_OF_MANAGEMENT_REVIEW","0363-7425"
"135","AMERICAN_PSYCHOLOGIST","0003-066X"
"136","ANNUAL_REVIEW_OF_ENVIRONMENT_AND_RESOURCES","1543-5938"
"137","IEEE_JOURNAL_ON_SELECTED_AREAS_IN_COMMUNICATIONS","0733-8716"
"138","ONE_EARTH","2590-3330"
"139","DIABETES_CARE","0149-5992"
"140","NEURON","0896-6273"
"141","ADVANCED_DRUG_DELIVERY_REVIEWS","0169-409X"
"142","ADVANCED_FIBER_MATERIALS","2524-7921"
"143","INTERNATIONAL_MATERIALS_REVIEWS","0950-6608"
"144","LANCET_HIV","2352-3018"
"145","BIOTECHNOLOGY_ADVANCES","0734-9750"
"146","MOLECULAR_CELL","1097-2765"
"147","JOURNAL_OF_CLINICAL_INVESTIGATION","0021-9738"
"148","NEURO-ONCOLOGY","1522-8517"
"149","RENEWABLE_&_SUSTAINABLE_ENERGY_REVIEWS","1364-0321"
"150","TRENDS_IN_MICROBIOLOGY","0966-842X"
"151","TRENDS_IN_NEUROSCIENCES","0166-2236"
"152","PLOS_MEDICINE","1549-1277"
"153","ENVIRONMENTAL_CHEMISTRY_LETTERS","1610-3653"
"154","JOURNAL_OF_INDUSTRIAL_INFORMATION_INTEGRATION","2467-964X"
"155","ADVANCES_IN_COLLOID_AND_INTERFACE_SCIENCE","0001-8686"
"156","MICROBIOME","2049-2618"
"157","INTERNATIONAL_JOURNAL_OF_SURGERY","1743-9191"
"158","JOURNAL_OF_EXPERIMENTAL_MEDICINE","0022-1007"
"159","NATURE_REVIEWS_UROLOGY","1759-4812"
"160","TRENDS_IN_FOOD_SCIENCE_&_TECHNOLOGY","0924-2244"
"161","CRITICAL_CARE","1364-8535"
"162","BRAIN_BEHAVIOR_AND_IMMUNITY","0889-1591"
"163","APPLIED_PHYSICS_REVIEWS","1931-9401"
"164","JOURNAL_OF_THE_AMERICAN_CHEMICAL_SOCIETY","0002-7863"
"165","INTERNATIONAL_JOURNAL_OF_ORAL_SCIENCE","1674-2818"
"166","NUCLEIC_ACIDS_RESEARCH","0305-1048"
"167","ANNUAL_REVIEW_OF_EARTH_AND_PLANETARY_SCIENCES","0084-6597"
"168","IEEE_SIGNAL_PROCESSING_MAGAZINE","1053-5888"
"169","COMPREHENSIVE_REVIEWS_IN_FOOD_SCIENCE_AND_FOOD_SAFETY","1541-4337"
"170","NATURE_CHEMICAL_BIOLOGY","1552-4450"
"171","NATURE_PROTOCOLS","1754-2189"
"172","HARVARD_BUSINESS_REVIEW","0017-8012"
"173","ANNUAL_REVIEW_OF_PHYSICAL_CHEMISTRY","0066-426X"
"174","MYCOSPHERE","2077-7000"
"175","IEEE_GEOSCIENCE_AND_REMOTE_SENSING_MAGAZINE","2473-2397"
"176","ACTA_PHARMACEUTICA_SINICA_B","2211-3835"
"177","BRAIN","0006-8950"
"178","SEMINARS_IN_CANCER_BIOLOGY","1044-579X"
"179","ARTIFICIAL_INTELLIGENCE","0004-3702"
"180","REVIEWS_IN_ENVIRONMENTAL_SCIENCE_AND_BIO-TECHNOLOGY","1569-1705"
"181","CELL_REPORTS_MEDICINE","2666-3791"
"182","APPLIED_MECHANICS_REVIEWS","0003-6900"
"183","IEEE_TRANSACTIONS_ON_EVOLUTIONARY_COMPUTATION","1089-778X"
"184","CLINICAL_MICROBIOLOGY_AND_INFECTION","1198-743X"
"185","OPTO-ELECTRONIC_ADVANCES","2096-4579"
"186","NATURE_ASTRONOMY","2397-3366"
"187","ALZHEIMERS_&_DEMENTIA","1552-5260"
"188","BIOMATERIALS","0142-9612"
"189","HEPATOLOGY","0270-9139"
"190","INTERNATIONAL_JOURNAL_OF_MACHINE_TOOLS_&_MANUFACTURE","0890-6955"
"191","JACC-CARDIOVASCULAR_IMAGING","1936-878X"
"192","ANNUAL_REVIEW_OF_NEUROSCIENCE","0147-006X"
"193","LIVER_CANCER","2235-1795"
"194","JAMA_NETWORK_OPEN","2574-3805"
"195","PLANT_BIOTECHNOLOGY_JOURNAL","1467-7644"
"196","TRENDS_IN_BIOCHEMICAL_SCIENCES","0968-0004"
"197","TRENDS_IN_PHARMACOLOGICAL_SCIENCES","0165-6147"
"198","ANNUAL_REVIEW_OF_ORGANIZATIONAL_PSYCHOLOGY_AND_ORGANIZATIONAL_BEHAVIOR","2327-0608"
"199","OPHTHALMOLOGY","0161-6420"
"200","SCIENCE_ADVANCES","2375-2548"
"201","ADVANCES_IN_METHODS_AND_PRACTICES_IN_PSYCHOLOGICAL_SCIENCE","2515-2459"
"202","AUTOIMMUNITY_REVIEWS","1568-9972"
"203","EUROPEAN_JOURNAL_OF_EPIDEMIOLOGY","0393-2990"
"204","JOURNAL_OF_HAZARDOUS_MATERIALS","0304-3894"
"205","JOURNAL_OF_PHOTOCHEMISTRY_AND_PHOTOBIOLOGY_C-PHOTOCHEMISTRY_REVIEWS","1389-5567"
"206","JOURNAL_OF_THE_AMERICAN_SOCIETY_OF_NEPHROLOGY","1046-6673"
"207","PROGRESS_IN_LIPID_RESEARCH","0163-7827"
"208","TRENDS_IN_MOLECULAR_MEDICINE","1471-4914"
"209","JOURNAL_OF_MANAGEMENT","0149-2063"
"210","PHARMACOLOGY_&_THERAPEUTICS","0163-7258"
"211","REMOTE_SENSING_OF_ENVIRONMENT","0034-4257"
"212","BUSINESS_STRATEGY_AND_THE_ENVIRONMENT","0964-4733"
"213","JOURNAL_OF_THE_NATIONAL_COMPREHENSIVE_CANCER_NETWORK","1540-1405"
"214","GREEN_ENERGY_&_ENVIRONMENT","2096-2797"
"215","JOURNAL_OF_THE_AMERICAN_ACADEMY_OF_CHILD_AND_ADOLESCENT_PSYCHIATRY","0890-8567"
"216","ARTHRITIS_&_RHEUMATOLOGY","2326-5191"
"217","AUTOPHAGY","1554-8627"
"218","MATERIALS_HORIZONS","2051-6347"
"219","QJM-AN_INTERNATIONAL_JOURNAL_OF_MEDICINE","1460-2725"
"220","SMALL","1613-6810"
"221","AMERICAN_JOURNAL_OF_KIDNEY_DISEASES","0272-6386"
"222","RESOURCES_CONSERVATION_AND_RECYCLING","0921-3449"
"223","AGEING_RESEARCH_REVIEWS","1568-1637"
"224","JOURNAL_OF_ENERGY_CHEMISTRY","2095-4956"
"225","POLYMER_REVIEWS","1558-3724"
"226","BIOFUEL_RESEARCH_JOURNAL-BRJ","2292-8782"
"227","CYTOKINE_&_GROWTH_FACTOR_REVIEWS","1359-6101"
"228","JACC-HEART_FAILURE","2213-1779"
"229","ENERGY_MATERIAL_ADVANCES","2097-1133"
"230","ANALYTIC_METHODS_IN_ACCIDENT_RESEARCH","2213-6657"
"231","JOURNAL_OF_MARKETING","0022-2429"
"232","ACS_CATALYSIS","2155-5435"
"233","COMPUTER_SCIENCE_REVIEW","1574-0137"
"234","IEEE_WIRELESS_COMMUNICATIONS","1536-1284"
"235","MICROBIOLOGY_AND_MOLECULAR_BIOLOGY_REVIEWS","1092-2172"
"236","ENGINEERING","2095-8099"
"237","EXPERIMENTAL_AND_MOLECULAR_MEDICINE","1226-3613"
"238","BLOOD_CANCER_JOURNAL","2044-5385"
"239","CLINICAL_PSYCHOLOGY_REVIEW","0272-7358"
"240","ENERGY_ECONOMICS","0140-9883"
"241","AMERICAN_JOURNAL_OF_HEMATOLOGY","0361-8609"
"242","JOURNAL_OF_AUTOIMMUNITY","0896-8411"
"243","WATER_RESEARCH","0043-1354"
"244","BIOCHAR","2524-7972"
"245","BONE_RESEARCH","2095-4700"
"246","SMALL_SCIENCE","2688-4046"
"247","AMERICAN_JOURNAL_OF_PUBLIC_HEALTH","0090-0036"
"248","TOURISM_MANAGEMENT","0261-5177"
"249","ACTA_NEUROPATHOLOGICA","0001-6322"
"250","ENVIRONMENTAL_SCIENCE_AND_ECOTECHNOLOGY","2666-4984"
"251","TRANSLATIONAL_NEURODEGENERATION","2047-9158"
"252","JOURNAL_OF_ECONOMIC_LITERATURE","0022-0515"
"253","PERSPECTIVES_ON_PSYCHOLOGICAL_SCIENCE","1745-6916"
"254","CLINICAL_GASTROENTEROLOGY_AND_HEPATOLOGY","1542-3565"
"255","CRITICAL_REVIEWS_IN_ENVIRONMENTAL_SCIENCE_AND_TECHNOLOGY","1064-3389"
"256","PHYSICAL_REVIEW_X","2160-3308"
"257","JOURNAL_OF_HOSPITALITY_MARKETING_&_MANAGEMENT","1936-8623"
"258","ANNUAL_REVIEW_OF_PHARMACOLOGY_AND_TOXICOLOGY","0362-1642"
"259","THERANOSTICS","1838-7640"
"260","JOURNAL_OF_SERVICE_RESEARCH","1094-6705"
"261","ALLERGY","0105-4538"
"262","ANNUAL_REVIEW_OF_BIOPHYSICS","1936-122X"
"263","ANNUAL_REVIEW_OF_FOOD_SCIENCE_AND_TECHNOLOGY","1941-1413"
"264","CELL_DEATH_AND_DIFFERENTIATION","1350-9047"
"265","MOLECULAR_THERAPY","1525-0016"
"266","SMALL_METHODS","2366-9608"
"267","GENOME_BIOLOGY","1474-760X"
"268","GENOME_MEDICINE","1756-994X"
"269","IEEE_TRANSACTIONS_ON_INDUSTRIAL_INFORMATICS","1551-3203"
"270","JOURNAL_OF_SPORT_AND_HEALTH_SCIENCE","2095-2546"
"271","GUT_MICROBES","1949-0976"
"272","SUSTAINABLE_PRODUCTION_AND_CONSUMPTION","2352-5509"
"273","EARTH-SCIENCE_REVIEWS","0012-8252"
"274","TRAVEL_MEDICINE_AND_INFECTIOUS_DISEASE","1477-8939"
"275","TECHNOLOGICAL_FORECASTING_AND_SOCIAL_CHANGE","0040-1625"
"276","ARTIFICIAL_INTELLIGENCE_REVIEW","0269-2821"
"277","INTERNATIONAL_JOURNAL_OF_PRODUCTION_ECONOMICS","0925-5273"
"278","PLANT_CELL","1040-4651"
"279","PROGRESS_IN_SOLID_STATE_CHEMISTRY","0079-6786"
"280","GENERAL_PSYCHIATRY","2096-5923"
"281","ETRANSPORTATION","2590-1168"
"282","IEEE_TRANSACTIONS_ON_FUZZY_SYSTEMS","1063-6706"
"283","JOURNAL_OF_MATERIALS_CHEMISTRY_A","2050-7488"
"284","NATURAL_PRODUCT_REPORTS","0265-0568"
"285","PSYCHIATRY_AND_CLINICAL_NEUROSCIENCES","1323-1316"
"286","EMERGING_INFECTIOUS_DISEASES","1080-6040"
"287","ENVIRONMENT_INTERNATIONAL","0160-4120"
"288","JOURNAL_OF_INTERACTIVE_MARKETING","1094-9968"
"289","ANNUAL_REVIEW_OF_ECOLOGY_EVOLUTION_AND_SYSTEMATICS","1543-592X"
"290","CANCER_TREATMENT_REVIEWS","0305-7372"
"291","CLINICAL_INFECTIOUS_DISEASES","1058-4838"
"292","DEVELOPMENTAL_CELL","1534-5807"
"293","IEEE-CAA_JOURNAL_OF_AUTOMATICA_SINICA","2329-9266"
"294","IEEE_TRANSACTIONS_ON_CYBERNETICS","2168-2267"
"295","NANO_CONVERGENCE","2196-5404"
"296","EDUCATIONAL_RESEARCH_REVIEW","1747-938X"
"297","INTERNATIONAL_JOURNAL_OF_HOSPITALITY_MANAGEMENT","0278-4319"
"298","PROGRESS_IN_QUANTUM_ELECTRONICS","0079-6727"
"299","PULMONOLOGY","2531-0437"
"300","JOURNAL_OF_INTERNATIONAL_BUSINESS_STUDIES","0047-2506"
"301","JAMA_HEALTH_FORUM","2689-0186"
"302","CLINICAL_CANCER_RESEARCH","1078-0432"
"303","DRUGS","0012-6667"
"304","MATERIALS_TODAY_PHYSICS","2542-5293"
"305","EARTH_SYSTEM_SCIENCE_DATA","1866-3508"
"306","EMBO_JOURNAL","0261-4189"
"307","REDOX_BIOLOGY","2213-2317"
"308","HUMAN_RESOURCE_MANAGEMENT_REVIEW","1053-4822"
"309","CEMENT_AND_CONCRETE_RESEARCH","0008-8846"
"310","ENVIRONMENTAL_SCIENCE_&_TECHNOLOGY","0013-936X"
"311","JOURNAL_OF_INTEGRATIVE_PLANT_BIOLOGY","1672-9072"
"312","LEUKEMIA","0887-6924"
"313","MEDICAL_JOURNAL_OF_AUSTRALIA","0025-729X"
"314","TRENDS_IN_GENETICS","0168-9525"
"315","WILEY_INTERDISCIPLINARY_REVIEWS-COMPUTATIONAL_MOLECULAR_SCIENCE","1759-0876"
"316","BLOOD_CANCER_DISCOVERY","2643-3230"
"317","BIOMATERIALS_RESEARCH","1226-4601"
"318","JOURNAL_OF_BUSINESS_RESEARCH","0148-2963"
"319","PSYCHIATRY_RESEARCH","0165-1781"
"320","ANNUAL_REVIEW_OF_CELL_AND_DEVELOPMENTAL_BIOLOGY","1081-0706"
"321","ANNUAL_REVIEW_OF_VIROLOGY","2327-056X"
"322","FEMS_MICROBIOLOGY_REVIEWS","0168-6445"
"323","JACC-CARDIOVASCULAR_INTERVENTIONS","1936-8798"
"324","REVIEW_OF_CORPORATE_FINANCE_STUDIES","2046-9128"
"325","REVIEW_OF_EDUCATIONAL_RESEARCH","0034-6543"
"326","ANNALS_OF_NEUROLOGY","0364-5134"
"327","APPLIED_ENERGY","0306-2619"
"328","BIOCHIMICA_ET_BIOPHYSICA_ACTA-REVIEWS_ON_CANCER","0304-419X"
"329","CANCER_RESEARCH","0008-5472"
"330","CARBOHYDRATE_POLYMERS","0144-8617"
"331","IEEE_COMMUNICATIONS_MAGAZINE","0163-6804"
"332","IEEE_TRANSACTIONS_ON_AFFECTIVE_COMPUTING","1949-3045"
"333","TRENDS_IN_ENVIRONMENTAL_ANALYTICAL_CHEMISTRY","2214-1588"
"334","BULLETIN_OF_THE_WORLD_HEALTH_ORGANIZATION","0042-9686"
"335","EMBO_MOLECULAR_MEDICINE","1757-4676"
"336","EBIOMEDICINE","2352-3964"
"337","JACC:_CARDIOONCOLOGY","2666-0873"
"338","INTERNATIONAL_JOURNAL_OF_CONTEMPORARY_HOSPITALITY_MANAGEMENT","0959-6119"
"339","JOURNAL_OF_VOCATIONAL_BEHAVIOR","0001-8791"
"340","ANNUAL_REVIEW_OF_GENETICS","0066-4197"
"341","JOURNAL_OF_CLEANER_PRODUCTION","0959-6526"
"342","JOURNAL_OF_INTERNAL_MEDICINE","0954-6820"
"343","JOURNAL_OF_NEUROLOGY_NEUROSURGERY_AND_PSYCHIATRY","0022-3050"
"344","PROCEEDINGS_OF_THE_NATIONAL_ACADEMY_OF_SCIENCES_OF_THE_UNITED_STATES_OF_AMERICA","0027-8424"
"345","REVIEWS_IN_MEDICAL_VIROLOGY","1052-9276"
"346","JOURNAL_OF_BIOMEDICAL_SCIENCE","1021-7770"
"347","PROTECTION_AND_CONTROL_OF_MODERN_POWER_SYSTEMS","2367-2617"
"348","RESEARCH","2096-5168"
"349","ADDITIVE_MANUFACTURING","2214-8604"
"350","CURRENT_OPINION_IN_SOLID_STATE_&_MATERIALS_SCIENCE","1359-0286"
"351","ISME_JOURNAL","1751-7362"
"352","LASER_&_PHOTONICS_REVIEWS","1863-8880"
"353","MOLECULAR_PSYCHIATRY","1359-4184"
"354","ACTA_PHYSICO-CHIMICA_SINICA","1000-6818"
"355","CARBON","0008-6223"
"356","CARDIOVASCULAR_RESEARCH","0008-6363"
"357","CATALYSIS_REVIEWS-SCIENCE_AND_ENGINEERING","0161-4940"
"358","ENVIRONMENTAL_SCIENCE_&_TECHNOLOGY_LETTERS","2328-8930"
"359","JAMA_DERMATOLOGY","2168-6068"
"360","JOURNAL_OF_MATERIALS_SCIENCE_&_TECHNOLOGY","1005-0302"
"361","MEDICAL_IMAGE_ANALYSIS","1361-8415"
"362","TRENDS_IN_ENDOCRINOLOGY_AND_METABOLISM","1043-2760"
"363","CRITICAL_REVIEWS_IN_SOLID_STATE_AND_MATERIALS_SCIENCES","1040-8436"
"364","INTERNATIONAL_JOURNAL_OF_ANTIMICROBIAL_AGENTS","0924-8579"
"365","JOURNAL_OF_CONTROLLED_RELEASE","0168-3659"
"366","NANO_LETTERS","1530-6984"
"367","CHEM_CATALYSIS","2667-1093"
"368","JOURNAL_OF_ADVANCED_RESEARCH","2090-1232"
"369","MOLECULAR_BIOLOGY_AND_EVOLUTION","0737-4038"
"370","AMERICAN_ECONOMIC_REVIEW","0002-8282"
"371","FOOD_HYDROCOLLOIDS","0268-005X"
"372","VIRTUAL_AND_PHYSICAL_PROTOTYPING","1745-2759"
"373","CLINICAL_AND_TRANSLATIONAL_MEDICINE","2001-1326"
"374","JOURNAL_OF_SERVICE_MANAGEMENT","1757-5818"
"375","JOURNAL_OF_SUPPLY_CHAIN_MANAGEMENT","1523-2409"
"376","TRANSPORTATION_RESEARCH_PART_E-LOGISTICS_AND_TRANSPORTATION_REVIEW","1366-5545"
"377","BIOLOGICAL_PSYCHIATRY","0006-3223"
"378","CLINICAL_NUCLEAR_MEDICINE","0363-9762"
"379","IEEE_INTERNET_OF_THINGS_JOURNAL","2327-4662"
"380","IEEE_TRANSACTIONS_ON_IMAGE_PROCESSING","1057-7149"
"381","IEEE_TRANSACTIONS_ON_MEDICAL_IMAGING","0278-0062"
"382","MOLECULAR_ASPECTS_OF_MEDICINE","0098-2997"
"383","ENVIRONMENTAL_HEALTH_PERSPECTIVES","0091-6765"
"384","PLANT_COMMUNICATIONS","2590-3462"
"385","ACADEMY_OF_MANAGEMENT_JOURNAL","0001-4273"
"386","BRITISH_JOURNAL_OF_PSYCHIATRY","0007-1250"
"387","ENTREPRENEURSHIP_THEORY_AND_PRACTICE","1042-2587"
"388","JOURNAL_OF_MANAGEMENT_STUDIES","0022-2380"
"389","JOURNAL_OF_PRODUCT_INNOVATION_MANAGEMENT","0737-6782"
"390","ANNUAL_REVIEW_OF_MEDICINE","0066-4219"
"391","ANNUAL_REVIEW_OF_MICROBIOLOGY","0066-4227"
"392","CEMENT_&_CONCRETE_COMPOSITES","0958-9465"
"393","GENES_&_DEVELOPMENT","0890-9369"
"394","SLEEP_MEDICINE_REVIEWS","1087-0792"
"395","OPTICA","2334-2536"
"396","ADMINISTRATIVE_SCIENCE_QUARTERLY","0001-8392"
"397","FINANCE_RESEARCH_LETTERS","1544-6123"
"398","JOURNAL_OF_RETAILING_AND_CONSUMER_SERVICES","0969-6989"
"399","ENERGY_CONVERSION_AND_MANAGEMENT","0196-8904"
"400","FOUNDATIONS_AND_TRENDS_IN_INFORMATION_RETRIEVAL","1554-0669"
"401","IEEE_TRANSACTIONS_ON_NEURAL_NETWORKS_AND_LEARNING_SYSTEMS","2162-237X"
"402","IEEE_TRANSACTIONS_ON_WIRELESS_COMMUNICATIONS","1536-1276"
"403","JOURNAL_OF_THROMBOSIS_AND_HAEMOSTASIS","1538-7933"
"404","REVIEWS_IN_AQUACULTURE","1753-5123"
"405","ROBOTICS_AND_COMPUTER-INTEGRATED_MANUFACTURING","0736-5845"
"406","INDUSTRIAL_MARKETING_MANAGEMENT","0019-8501"
"407","JOURNAL_OF_ANXIETY_DISORDERS","0887-6185"
"408","JOURNAL_OF_BUSINESS_LOGISTICS","0735-3766"
"409","AUTOMATION_IN_CONSTRUCTION","0926-5805"
"410","BRITISH_JOURNAL_OF_DERMATOLOGY","0007-0963"
"411","FRONTIERS_IN_ECOLOGY_AND_THE_ENVIRONMENT","1540-9295"
"412","JNCI-JOURNAL_OF_THE_NATIONAL_CANCER_INSTITUTE","0027-8874"
"413","JOURNAL_OF_PINEAL_RESEARCH","0742-3098"
"414","MATERIALS_TODAY_NANO","2588-8420"
"415","SPACE_SCIENCE_REVIEWS","0038-6308"
"416","ASIAN_JOURNAL_OF_PHARMACEUTICAL_SCIENCES","1818-0876"
"417","RESOURCES_POLICY","0301-4207"
"418","AMERICAN_JOURNAL_OF_GASTROENTEROLOGY","0002-9270"
"419","ANNUAL_REVIEW_OF_PHYTOPATHOLOGY","0066-4286"
"420","CRITICAL_REVIEWS_IN_FOOD_SCIENCE_AND_NUTRITION","1040-8398"
"421","BIJDRAGEN_TOT_DE_TAAL-_LAND-_EN_VOLKENKUNDE","0006-2294"
"422","ETHICS_&_GLOBAL_POLITICS","1654-4951"
"423","EURE-REVISTA_LATINOAMERICANA_DE_ESTUDIOS_URBANO_REGIONALES","0250-7161"
"424","HISTORIA_AGRARIA","1139-1472"
"425","JOURNAL_OF_MENS_HEALTH","1875-6867"
"426","ACTA_CARSOLOGICA","0583-6050"
"427","ACTA_ORTOPEDICA_BRASILEIRA","1413-7852"
"428","ACTA_SCIENTIARUM_POLONORUM-HORTORUM_CULTUS","1644-0692"
"429","BIOTECHNOLOGIE_AGRONOMIE_SOCIETE_ET_ENVIRONNEMENT","1370-6233"
"430","BULLETIN_OF_THE_GEOLOGICAL_SOCIETY_OF_FINLAND","0367-5211"
"431","CIENCIAS_MARINAS","0185-3880"
"432","DISCRETE_MATHEMATICS_AND_THEORETICAL_COMPUTER_SCIENCE","1462-7264"
"433","DISCUSSIONES_MATHEMATICAE_GRAPH_THEORY","1234-3099"
"434","ESTUDIOS_GEOLOGICOS-MADRID","0367-0449"
"435","EUROPEAN_JOURNAL_OF_INFLAMMATION","1721-727X"
"436","FOREST_SYSTEMS","2171-5068"
"437","INDIAN_JOURNAL_OF_PURE_&_APPLIED_PHYSICS","0019-5596"
"438","JOURNAL_OF_THEORETICAL_AND_APPLIED_MECHANICS","1429-2955"
"439","MAEJO_INTERNATIONAL_JOURNAL_OF_SCIENCE_AND_TECHNOLOGY","1905-7873"
"440","MECHANIKA","1392-1207"
"441","ANNALS_OF_HUMAN_BIOLOGY","0301-4460"
"442","INDIAN_JOURNAL_OF_PUBLIC_HEALTH","0019-557X"
"443","INQUIRY-THE_JOURNAL_OF_HEALTH_CARE_ORGANIZATION_PROVISION_AND_FINANCING","0046-9580"
"444","SOCIAL_INFLUENCE","1553-4510"
"445","THEORETICAL_ECONOMICS","1933-6837"
"446","ACTA_GEOGRAPHICA_SLOVENICA-GEOGRAFSKI_ZBORNIK","1581-6613"
"447","ACTA_VIROLOGICA","0001-723X"
"448","ADVANCES_IN_HIGH_ENERGY_PHYSICS","1687-7357"
"449","ANAIS_BRASILEIROS_DE_DERMATOLOGIA","0365-0596"
"450","ANIMAL_REPRODUCTION","1806-9614"
"451","ANNALS_OF_AGRICULTURAL_AND_ENVIRONMENTAL_MEDICINE","1232-1966"
"452","ANNALS_OF_INDIAN_ACADEMY_OF_NEUROLOGY","0972-2327"
"453","ARCHIVES_OF_ENDOCRINOLOGY_METABOLISM","2359-3997"
"454","ASIAN_PACIFIC_JOURNAL_OF_TROPICAL_BIOMEDICINE","2221-1691"
"455","CLINICAL_RESPIRATORY_JOURNAL","1752-6981"
"456","EXPERIMENTAL_LUNG_RESEARCH","0190-2148"
"457","GEOFLUIDS","1468-8115"
"458","GEOSPATIAL_HEALTH","1827-1987"
"459","GRAPHICAL_MODELS","1524-0703"
"460","IET_COMPUTER_VISION","1751-9632"
"461","CARBON_MANAGEMENT","1758-3004"
"462","INDIAN_JOURNAL_OF_PSYCHIATRY","0019-5545"
"463","INTERNATIONAL_JOURNAL_OF_METHODS_IN_PSYCHIATRIC_RESEARCH","1049-8931"
"464","JOURNAL_OF_PSYCHOSOMATIC_OBSTETRICS_&_GYNECOLOGY","0167-482X"
"465","JOURNAL_OF_WORK_AND_ORGANIZATIONAL_PSYCHOLOGY-REVISTA_DE_PSICOLOGIA_DEL_TRABAJO_Y_DE_LAS_ORGANIZACIONES","1576-5962"
"466","METHODOLOGY-EUROPEAN_JOURNAL_OF_RESEARCH_METHODS_FOR_THE_BEHAVIORAL_AND_SOCIAL_SCIENCES","1614-1881"
"467","ADVANCES_IN_POLYMER_TECHNOLOGY","0730-6679"
"468","CARDIOVASCULAR_THERAPEUTICS","1755-5914"
"469","CURRENT_ISSUES_IN_MOLECULAR_BIOLOGY","1467-3037"
"470","ENDANGERED_SPECIES_RESEARCH","1863-5407"
"471","FRONTIERS_IN_BIOSCIENCE-LANDMARK","2768-6701"
"472","INDIAN_JOURNAL_OF_OPHTHALMOLOGY","0301-4738"
"473","INTERNATIONAL_JOURNAL_OF_HYPERTHERMIA","0265-6736"
"474","INTERNATIONAL_WOUND_JOURNAL","1742-4801"
"475","JOURNAL_OF_CLINICAL_NEUROLOGY","1738-6586"
"476","JOURNAL_OF_THE_METEOROLOGICAL_SOCIETY_OF_JAPAN","0026-1165"
"477","NEURAL_PLASTICITY","2090-5904"
"478","SLAS_DISCOVERY","2472-5552"
"479","SWISS_JOURNAL_OF_GEOSCIENCES","1661-8726"
"480","ULTRASONOGRAPHY","2288-5919"
"481","HAEMATOLOGICA","0390-6078"
"482","EDUCATIONAL_PSYCHOLOGY_REVIEW","1040-726X"
"483","ANNALS_OF_SURGERY","0003-4932"
"484","BIOSCIENCE","0006-3568"
"485","CANCER_IMMUNOLOGY_RESEARCH","2326-6066"
"486","CHEST","0012-3692"
"487","JOURNAL_OF_NANOSTRUCTURE_IN_CHEMISTRY","2008-9244"
"488","NEUROLOGY","0028-3878"
"489","MATERIALS_TODAY_ADVANCES","2590-0498"
"490","CALIFORNIA_MANAGEMENT_REVIEW","0008-1256"
"491","JOURNAL_OF_RETAILING","0022-4359"
"492","ADVANCED_HEALTHCARE_MATERIALS","2192-2640"
"493","APPLIED_AND_COMPUTATIONAL_MATHEMATICS","1683-3511"
"494","BIOLOGICAL_REVIEWS","1464-7931"
"495","COMPUTERS_IN_INDUSTRY","0166-3615"
"496","SWARM_AND_EVOLUTIONARY_COMPUTATION","2210-6502"
"497","THORAX","0040-6376"
"498","DIABETES_&_METABOLIC_SYNDROME-CLINICAL_RESEARCH_&_REVIEWS","1871-4021"
"499","MOLECULAR_SYSTEMS_BIOLOGY","1744-4292"
"500","NANO_MATERIALS_SCIENCE","2096-6482"
"501","NAUPLIUS","0104-6497"
"502","NOISE_&_HEALTH","1463-1741"
"503","NOTA_LEPIDOPTEROLOGICA","0342-7536"
"504","NUKLEONIKA","0029-5922"
"505","REVISTA_MEXICANA_DE_CIENCIAS_PECUARIAS","2007-1124"
"506","VETERINARNI_MEDICINA","0375-8427"
"507","3L-LANGUAGE_LINGUISTICS_LITERATURE-THE_SOUTHEAST_ASIAN_JOURNAL_OF_ENGLISH_LANGUAGE_STUDIES","0128-5157"
"508","ACTA_STRUCTILIA","1023-0564"
"509","ANNALS_OF_PEDIATRIC_CARDIOLOGY","0974-2069"
"510","ARCHIVES_OF_CIVIL_ENGINEERING","1230-2945"
"511","ARTERIAL_HYPERTENSION","2449-6170"
"512","BALTIC_JOURNAL_OF_MODERN_COMPUTING","2255-8942"
"513","BULLETIN_OF_IRKUTSK_STATE_UNIVERSITY-SERIES_MATHEMATICS","1997-7670"
"514","BULLETIN_OF_UNIVERSITY_OF_AGRICULTURAL_SCIENCES_AND_VETERINARY_MEDICINE_CLUJ-NAPOCA-FOOD_SCIENCE_AND_TECHNOLOGY","2344-2344"
"515","CANADIAN_JOURNAL_OF_HIGHER_EDUCATION","0316-1218"
"516","CASE_REPORTS_IN_GASTROINTESTINAL_MEDICINE","2090-6528"
"517","CASE_REPORTS_IN_HEMATOLOGY","2090-6560"
"518","CATALAN_JOURNAL_OF_LINGUISTICS","1695-6885"
"519","CROATIAN_OPERATIONAL_RESEARCH_REVIEW","1848-0225"
"520","CUADERNOS_DE_RELACIONES_LABORALES","1131-8635"
"521","IET_ELECTRIC_POWER_APPLICATIONS","1751-8660"
"522","IET_MICROWAVES_ANTENNAS_&_PROPAGATION","1751-8725"
"523","IET_RADAR_SONAR_AND_NAVIGATION","1751-8784"
"524","IET_SIGNAL_PROCESSING","1751-9675"
"525","INDIAN_JOURNAL_OF_DERMATOLOGY","0019-5154"
"526","INTERNATIONAL_JOURNAL_OF_OPTICS","1687-9384"
"527","JOURNAL_OF_AVIAN_BIOLOGY","0908-8857"
"528","JOURNAL_OF_FELINE_MEDICINE_AND_SURGERY","1098-612X"
"529","JOURNAL_OF_MECHANICS","1727-7191"
"530","JOURNAL_OF_WATER_SANITATION_AND_HYGIENE_FOR_DEVELOPMENT","2043-9083"
"531","MATERIALS_RESEARCH-IBERO-AMERICAN_JOURNAL_OF_MATERIALS","1516-1439"
"532","MODELING_IDENTIFICATION_AND_CONTROL","0332-7353"
"533","NEOTROPICAL_ICHTHYOLOGY","1679-6225"
"534","REVISTA_BRASILEIRA_DE_CIENCIA_DO_SOLO","0100-0683"
"535","SOUTHERN_AFRICAN_JOURNAL_OF_HIV_MEDICINE","1608-9693"
"536","TRANSPORT","1648-4142"
"537","VIDEOSURGERY_AND_OTHER_MINIINVASIVE_TECHNIQUES","1895-4588"
"538","WATER_SUPPLY","1606-9749"
"539","ADVANCED_MANUFACTURING-POLYMER_&_COMPOSITES_SCIENCE","2055-0340"
"540","AFRICAN_JOURNAL_OF_DISABILITY","2223-9170"
"541","WESTERN_JOURNAL_OF_EMERGENCY_MEDICINE","1936-900X"
"542","ANNALS_OF_COLOPROCTOLOGY","2287-9714"
"543","ASIAN_JOURNAL_OF_SHIPPING_AND_LOGISTICS","2092-5212"
"544","ASIA_PACIFIC_JOURNAL_OF_INNOVATION_AND_ENTREPRENEURSHIP","2071-1395"
"545","INTERNATIONAL_JOURNAL_OF_BIOMATERIALS","1687-8787"
"546","INTERNATIONAL_JOURNAL_OF_CORROSION","1687-9325"
"547","INTERNATIONAL_JOURNAL_OF_SUSTAINABLE_ENERGY","1478-6451"
"548","IRANIAN_JOURNAL_OF_CATALYSIS","2252-0236"
"549","JOURNAL_OF_ADVANCED_DIELECTRICS","2010-135X"
"550","VETERINARY_MEDICINE_INTERNATIONAL","2090-8113"
"551","BMC_PALLIATIVE_CARE","1472-684X"
"552","MEDIA_AND_COMMUNICATION","2183-2439"
"553","ANNALS_OF_FOREST_SCIENCE","1286-4560"
"554","ANNALS_OF_MICROBIOLOGY","1590-4261"
"555","BALKAN_MEDICAL_JOURNAL","2146-3123"
"556","CARDIOLOGY_JOURNAL","1897-5593"
"557","CLINICAL_AND_EXPERIMENTAL_OTORHINOLARYNGOLOGY","1976-8710"
"558","DRUGS_IN_R&D","1174-5886"
"559","FOOD_AND_AGRICULTURAL_IMMUNOLOGY","0954-0105"
"560","FOOD_SCIENCE_OF_ANIMAL_RESOURCES","2636-0772"
"561","COMPUTERS_IN_HUMAN_BEHAVIOR","0747-5632"
"562","INFORMATION_&_MANAGEMENT","0378-7206"
"563","INTERNATIONAL_JOURNAL_OF_CONSUMER_STUDIES","1470-6423"
"564","INTERNATIONAL_JOURNAL_OF_OPERATIONS_&_PRODUCTION_MANAGEMENT","0144-3577"
"565","JOURNAL_OF_APPLIED_PSYCHOLOGY","0021-9010"
"566","CURRENT_OPINION_IN_FOOD_SCIENCE","2214-7993"
"567","JOURNAL_OF_COLLOID_AND_INTERFACE_SCIENCE","0021-9797"
"568","NANO_RESEARCH","1998-0124"
"569","PLOS_BIOLOGY","1544-9173"
"570","CORPORATE_SOCIAL_RESPONSIBILITY_AND_ENVIRONMENTAL_MANAGEMENT","1535-3958"
"571","HEALTH_PSYCHOLOGY_REVIEW","1743-7199"
"572","JOURNAL_OF_PUBLIC_ECONOMICS","0047-2727"
"573","TOURISM_GEOGRAPHIES","1461-6688"
"574","TRANSPORT_REVIEWS","0144-1647"
"575","AMERICAN_JOURNAL_OF_HUMAN_GENETICS","0002-9297"
"576","AMERICAN_JOURNAL_OF_OBSTETRICS_AND_GYNECOLOGY","0002-9378"
"577","BRITISH_JOURNAL_OF_ANAESTHESIA","0007-0912"
"578","CLINICAL_JOURNAL_OF_THE_AMERICAN_SOCIETY_OF_NEPHROLOGY","1555-9041"
"579","GREEN_CHEMISTRY","1463-9262"
"580","METABOLISM-CLINICAL_AND_EXPERIMENTAL","0026-0495"
"581","CUADERNOS_GEOGRAFICOS","0210-5462"
"582","ECONOMICS_AND_BUSINESS_REVIEW","2392-1641"
"583","ELECTRONIC_JOURNAL_OF_GRAPH_THEORY_AND_APPLICATIONS","2338-2287"
"584","EMPIRIA","1139-5737"
"585","EPITOANYAG-JOURNAL_OF_SILICATE_BASED_AND_COMPOSITE_MATERIALS","0013-970X"
"586","EQA-INTERNATIONAL_JOURNAL_OF_ENVIRONMENTAL_QUALITY","2039-9898"
"587","ESTUDIOS_GEOGRAFICOS","0014-1496"
"588","FAMILY_MEDICINE_AND_PRIMARY_CARE_REVIEW","1734-3402"
"589","FINISTERRA-REVISTA_PORTUGUESA_DE_GEOGRAFIA","0430-5027"
"590","GADJAH_MADA_INTERNATIONAL_JOURNAL_OF_BUSINESS","1411-1128"
"591","INDIAN_JOURNAL_OF_RHEUMATOLOGY","0973-3698"
"592","INDONESIAN_JOURNAL_OF_SUSTAINABILITY_ACCOUNTING_AND_MANAGEMENT","2597-6214"
"593","INTERNATIONAL_JOURNAL_OF_CRIMINAL_JUSTICE_SCIENCES","0973-5089"
"594","INTERNATIONAL_JOURNAL_OF_ELECTRONICS_AND_TELECOMMUNICATIONS","2081-8491"
"595","INTERNATIONAL_JOURNAL_OF_MANAGEMENT_STUDIES","2232-1608"
"596","INTERNATIONAL_JOURNAL_OF_MULTIPHYSICS","1750-9548"
"597","ISECURE-ISC_INTERNATIONAL_JOURNAL_OF_INFORMATION_SECURITY","2008-2045"
"598","JOURNAL_OF_ADVANCED_COMPUTATIONAL_INTELLIGENCE_AND_INTELLIGENT_INFORMATICS","1343-0130"
"599","JOURNAL_OF_ARCHITECTURE_AND_URBANISM","2029-7955"
"600","JOURNAL_OF_COMBUSTION","2090-1968"
"601","AIDS_RESEARCH_AND_TREATMENT","2090-1240"
"602","ANAESTHESIOLOGY_INTENSIVE_THERAPY","1642-5758"
"603","BASIC_AND_CLINICAL_NEUROSCIENCE","2008-126X"
"604","BIOMEDICINE-TAIWAN","2211-8020"
"605","BROCK_EDUCATION-A_JOURNAL_OF_EDUCATIONAL_RESEARCH_AND_PRACTICE","1183-1189"
"606","CRITICAL_CARE_RESEARCH_AND_PRACTICE","2090-1305"
"607","FOREST_AND_SOCIETY","2549-4724"
"608","IIMB_MANAGEMENT_REVIEW","0970-3896"
"609","INDIAN_DERMATOLOGY_ONLINE_JOURNAL","2229-5178"
"610","JOURNAL_OF_CONTROL_SCIENCE_AND_ENGINEERING","1687-5249"
"611","JOURNAL_OF_HEALTH_RESEARCH","0857-4421"
"612","JOURNAL_OF_PROJECT_MANAGEMENT","2371-8366"
"613","NATURE_CONSERVATION_RESEARCH","2500-008X"
"614","RESEARCH_ETHICS","1747-0161"
"615","REVISTA_ESPANOLA_DE_EDUCACION_COMPARADA","1137-8654"
"616","TEMA-JOURNAL_OF_LAND_USE_MOBILITY_AND_ENVIRONMENT","1970-9889"
"617","EUROPEAN_JOURNAL_OF_TRANSPORT_AND_INFRASTRUCTURE_RESEARCH","1567-7133"
"618","INTERNATIONAL_JOURNAL_OF_COMMUNICATION","1932-8036"
"619","NORDIC_STUDIES_ON_ALCOHOL_AND_DRUGS","1455-0725"
"620","PUBLIC_HEALTH_GENOMICS","1662-4246"
"621","HEALTH_INFORMATICS_JOURNAL","1460-4582"
"622","JOURNAL_OF_CHEMISTRY","2090-9063"
"623","JOURNAL_OF_OCCUPATIONAL_HEALTH","1341-9145"
"624","KIDNEY_RESEARCH_AND_CLINICAL_PRACTICE","2211-9132"
"625","MAGNETIC_RESONANCE_IN_MEDICAL_SCIENCES","1347-3182"
"626","PROSTATE_INTERNATIONAL","2287-8882"
"627","RENAL_FAILURE","0886-022X"
"628","ARRHYTHMIA_&_ELECTROPHYSIOLOGY_REVIEW","2050-3369"
"629","BIOCHEMISTRY_RESEARCH_INTERNATIONAL","2090-2247"
"630","ECONOMICS_&_SOCIOLOGY","2071-789X"
"631","EUROPEAN_CARDIOLOGY_REVIEW","1758-3756"
"632","JOURNAL_OF_INDUSTRIAL_ENGINEERING_AND_MANAGEMENT-JIEM","2013-8423"
"633","JOURNAL_OF_INTELLIGENT_SYSTEMS","0334-1860"
"634","PULMONARY_THERAPY","2364-1754"
"635","ANIMALS","2076-2615"
"636","ATMOSPHERIC_SCIENCE_LETTERS","1530-261X"
"637","BMC_BIOINFORMATICS","1471-2105"
"638","FRONTIERS_IN_ASTRONOMY_AND_SPACE_SCIENCES","2296-987X"
"639","FRONTIERS_IN_BEHAVIORAL_NEUROSCIENCE","1662-5153"
"640","FRONTIERS_IN_ECOLOGY_AND_EVOLUTION","2296-701X"
"641","SCIENCE_OF_THE_TOTAL_ENVIRONMENT","0048-9697"
"642","SPORTS_MEDICINE","0112-1642"
"643","SURFACE_SCIENCE_REPORTS","0167-5729"
"644","RADIOLOGY-ARTIFICIAL_INTELLIGENCE","2638-6100"
"645","GEOGRAPHY_AND_SUSTAINABILITY","2096-7438"
"646","JACC-BASIC_TO_TRANSLATIONAL_SCIENCE","2452-302X"
"647","NPG_ASIA_MATERIALS","1884-4049"
"648","ASIAN_ECONOMIC_PAPERS","1535-3516"
"649","ACTA_BIOMATERIALIA","1742-7061"
"650","ANNUAL_REVIEW_OF_BIOMEDICAL_ENGINEERING","1523-9829"
"651","ANNUAL_REVIEW_OF_MATERIALS_RESEARCH","1531-7331"
"652","ARCHIVES_OF_COMPUTATIONAL_METHODS_IN_ENGINEERING","1134-3060"
"653","CANCER_LETTERS","0304-3835"
"654","CIRCULATION-HEART_FAILURE","1941-3289"
"655","NANOSCALE_HORIZONS","2055-6756"
"656","BRITISH_JOURNAL_OF_SURGERY","0007-1323"
"657","COMPUTER-AIDED_CIVIL_AND_INFRASTRUCTURE_ENGINEERING","1093-9687"
"658","IEEE_TRANSACTIONS_ON_SMART_GRID","1949-3053"
"659","PROGRESS_IN_AEROSPACE_SCIENCES","0376-0421"
"660","SCIENCE_CHINA-CHEMISTRY","1674-7291"
"661","JOURNAL_OF_COMMUNICATIONS_SOFTWARE_AND_SYSTEMS","1845-6421"
"662","JOURNAL_OF_COMPUTER_SCIENCE_&_TECHNOLOGY","1666-6046"
"663","JOURNAL_OF_DIGESTIVE_ENDOSCOPY","0976-5042"
"664","JOURNAL_OF_FISHERIES","2311-729X"
"665","JOURNAL_OF_MATHEMATICAL_AND_FUNDAMENTAL_SCIENCES","2337-5760"
"666","JOURNAL_OF_THE_ASEAN_FEDERATION_OF_ENDOCRINE_SOCIETIES","0857-1074"
"667","JOURNAL_OF_URBAN_AND_REGIONAL_ANALYSIS","2067-4082"
"668","KARDIOCHIRURGIA_I_TORAKOCHIRURGIA_POLSKA-POLISH_JOURNAL_OF_THORACIC_AND_CARDIOVASCULAR_SURGERY","1731-5530"
"669","KEMIJA_U_INDUSTRIJI-JOURNAL_OF_CHEMISTS_AND_CHEMICAL_ENGINEERS","0022-9830"
"670","KESMAS-NATIONAL_PUBLIC_HEALTH_JOURNAL","1907-7505"
"671","KONSULTATIVNAYA_PSIKHOLOGIYA_I_PSIKHOTERAPIYA-COUNSELING_PSYCHOLOGY_AND_PSYCHOTHERAPY","2075-3470"
"672","KRAGUJEVAC_JOURNAL_OF_MATHEMATICS","1450-9628"
"673","LED_I_SNEG-ICE_AND_SNOW","2076-6734"
"674","LIBERABIT-REVISTA_DE_PSICOLOGIA","1729-4827"
"675","MALAYSIAN_ORTHOPAEDIC_JOURNAL","1985-2533"
"676","MANAGEMENT-JOURNAL_OF_CONTEMPORARY_MANAGEMENT_ISSUES","1331-0194"
"677","NOVUM_JUS","1692-6013"
"678","OBRAZOVANIE_I_NAUKA-EDUCATION_AND_SCIENCE","1994-5639"
"679","PHYSICS_AND_CHEMISTRY_OF_SOLID_STATE","1729-4428"
"680","PNEUMON","1105-848X"
"681","ACTA_BIOCHIMICA_POLONICA","0001-527X"
"682","GENES_AND_ENVIRONMENT","1880-7046"
"683","GEUS_BULLETIN","2597-2154"
"684","HEREDITARY_CANCER_IN_CLINICAL_PRACTICE","1731-2302"
"685","IFOREST-BIOGEOSCIENCES_AND_FORESTRY","1971-7458"
"686","MARINE_AND_COASTAL_FISHERIES","1942-5120"
"687","OPEN_MATHEMATICS","2391-5455"
"688","TROPICAL_CONSERVATION_SCIENCE","1940-0829"
"689","AUDIOLOGY_RESEARCH","2039-4330"
"690","CLINICAL_NEUROPHYSIOLOGY_PRACTICE","2467-981X"
"691","CLINICAL_OPTOMETRY","1179-2752"
"692","COMMUNICATION_&_SOCIETY-SPAIN","2386-7876"
"693","CONDENSED_MATTER","2410-3896"
"694","ENTREPRENEURSHIP_AND_SUSTAINABILITY_ISSUES","2345-0282"
"695","GLOBAL_MEDICAL_GENETICS","2699-9404"
"696","GLOBAL_QUALITATIVE_NURSING_RESEARCH","2333-3936"
"697","HERITAGE","2571-9408"
"698","INTERNATIONAL_JOURNAL_OF_NETWORKED_AND_DISTRIBUTED_COMPUTING","2211-7938"
"699","INTERNATIONAL_JOURNAL_OF_SOCIOLOGY_OF_EDUCATION","2014-3575"
"700","INTERNATIONAL_JOURNAL_OF_SPORTS_PHYSICAL_THERAPY","2159-2896"
"701","JOURNAL_OF_OCCUPATIONAL_MEDICINE_AND_TOXICOLOGY","1745-6673"
"702","TRANSLATIONAL_VISION_SCIENCE_&_TECHNOLOGY","2164-2591"
"703","CLINICAL_MEDICINE_INSIGHTS-CARDIOLOGY","1179-5468"
"704","COGENT_BUSINESS_&_MANAGEMENT","2331-1975"
"705","EUROPES_JOURNAL_OF_PSYCHOLOGY","1841-0413"
"706","GMS_HYGIENE_AND_INFECTION_CONTROL","2196-5226"
"707","JOURNAL_OF_CLINICAL_AND_TRANSLATIONAL_ENDOCRINOLOGY","2214-6237"
"708","JOURNAL_OF_INTERACTIVE_MEDIA_IN_EDUCATION","1365-893X"
"709","NEUROLOGY_INTERNATIONAL","2035-8377"
"710","REVISTA_INTERNACIONAL_DE_EDUCACION_PARA_LA_JUSTICIA_SOCIAL","2254-3139"
"711","VISUAL_INFORMATICS","2468-502X"
"712","ADICCIONES","0214-4840"
"713","APPLIED_PSYCHOPHYSIOLOGY_AND_BIOFEEDBACK","1090-0586"
"714","BUSINESS_ETHICS_QUARTERLY","1052-150X"
"715","CAREER_DEVELOPMENT_INTERNATIONAL","1362-0436"
"716","CHEMISTRY_EDUCATION_RESEARCH_AND_PRACTICE","1109-4028"
"717","CRISIS-THE_JOURNAL_OF_CRISIS_INTERVENTION_AND_SUICIDE_PREVENTION","0227-5910"
"718","DEVELOPMENT_AND_CHANGE","0012-155X"
"719","ENVIRONMENTAL_POLICY_AND_GOVERNANCE","1756-932X"
"720","EUROPEAN_JOURNAL_OF_PSYCHOLOGY_OF_EDUCATION","0256-2928"
"721","SUSTAINABLE_MATERIALS_AND_TECHNOLOGIES","2214-9937"
"722","GENOMICS_PROTEOMICS_&_BIOINFORMATICS","1672-0229"
"723","EUROPEAN_JOURNAL_OF_INFORMATION_SYSTEMS","0960-085X"
"724","ORGANIZATIONAL_RESEARCH_METHODS","1094-4281"
"725","ACS_APPLIED_MATERIALS_&_INTERFACES","1944-8244"
"726","ASIAN_JOURNAL_OF_PSYCHIATRY","1876-2018"
"727","BASIC_RESEARCH_IN_CARDIOLOGY","0300-8428"
"728","BRIEFINGS_IN_BIOINFORMATICS","1467-5463"
"729","CURRENT_OPINION_IN_PLANT_BIOLOGY","1369-5266"
"730","JOURNAL_OF_MEMBRANE_SCIENCE","0376-7388"
"731","PROGRESS_IN_PARTICLE_AND_NUCLEAR_PHYSICS","0146-6410"
"732","JOURNAL_OF_MATERIOMICS","2352-8478"
"733","SERVICE_INDUSTRIES_JOURNAL","0264-2069"
"734","ACTA_MATERIALIA","1359-6454"
"735","ANNUAL_REVIEWS_IN_CONTROL","1367-5788"
"736","JOURNAL_OF_ALLERGY_AND_CLINICAL_IMMUNOLOGY-IN_PRACTICE","2213-2198"
"737","JOURNAL_OF_CLINICAL_MICROBIOLOGY","0095-1137"
"738","JOURNAL_OF_ENERGY_STORAGE","2352-152X"
"739","NEW_PHYTOLOGIST","0028-646X"
"740","COMPUTATIONAL_LINGUISTICS","0891-2017"
"741","POLJOPRIVREDA","1330-7142"
"742","PRZEGLAD_DERMATOLOGICZNY","0033-2526"
"743","PSL_QUARTERLY_REVIEW","2037-3635"
"744","PSYCHOLINGUISTICS","2309-1797"
"745","RAUMFORSCHUNG_UND_RAUMORDNUNG-SPATIAL_RESEARCH_AND_PLANNING","0034-0111"
"746","READING_&_WRITING-JOURNAL_OF_THE_READING_ASSOCIATION_OF_SOUTH_AFRICA","2079-8245"
"747","RELIGION_AND_SOCIETY-ADVANCES_IN_RESEARCH","2150-9298"
"748","REVISTA_DE_COMUNICACION-PERU","1684-0933"
"749","REVISTA_DE_TELEDETECCION","1133-0953"
"750","REVISTA_INVI","0718-1299"
"751","SERBIAN_JOURNAL_OF_MANAGEMENT","1452-4864"
"752","SOUTH_AFRICAN_JOURNAL_OF_HIGHER_EDUCATION","1011-3487"
"753","TEKSTILEC","0351-3386"
"754","THEORETICAL_AND_APPLIED_MECHANICS","1450-5584"
"755","TRANSPORT_PROBLEMS","1896-0596"
"756","UROLOGY_ANNALS","0974-7796"
"757","VOPROSY_OBRAZOVANIYA-EDUCATIONAL_STUDIES_MOSCOW","1814-9545"
"758","HISTORIA_Y_COMUNICACION_SOCIAL","1137-0734"
"759","INFORMAL_LOGIC","0824-2577"
"760","REVISTA_DE_FILOSOFIA","0034-8236"
"761","JGH_OPEN","2397-9070"
"762","JMIR_RESEARCH_PROTOCOLS","1929-0748"
"763","JOURNAL_FOR_LABOUR_MARKET_RESEARCH","2510-5019"
"764","JOURNAL_OF_CLINICAL_VIROLOGY_PLUS","2667-0380"
"765","JOURNAL_OF_PATIENT-CENTERED_RESEARCH_AND_REVIEWS","2330-068X"
"766","MATERIALS_LETTERS-X","2590-1508"
"767","NUTRITION_AND_METABOLIC_INSIGHTS","1178-6388"
"768","OPEN_ENGINEERING","2391-5439"
"769","PHARMACEUTICAL_SCIENCES","1735-403X"
"770","REPORTS_OF_BIOCHEMISTRY_AND_MOLECULAR_BIOLOGY","2322-3480"
"771","REVISTA_PAULISTA_DE_PEDIATRIA","0103-0582"
"772","SCANDINAVIAN_JOURNAL_OF_DISABILITY_RESEARCH","1501-7419"
"773","ACCOUNTING_AND_BUSINESS_RESEARCH","0001-4788"
"774","ACTA_SOCIOLOGICA","0001-6993"
"775","ADVANCES_IN_NEONATAL_CARE","1536-0903"
"776","AIDS_CARE-PSYCHOLOGICAL_AND_SOCIO-MEDICAL_ASPECTS_OF_AIDS/HIV","0954-0121"
"777","AMERICAN_JOURNAL_OF_EVALUATION","1098-2140"
"778","ANALES_DE_PSICOLOGIA","0212-9728"
"779","ANNALS_OF_REGIONAL_SCIENCE","0570-1864"
"780","ANTHROPOLOGICAL_THEORY","1463-4996"
"781","FUTURES","0016-3287"
"782","GEOGRAPHICAL_JOURNAL","0016-7398"
"783","GROUP_DECISION_AND_NEGOTIATION","0926-2644"
"784","INNOVATION_IN_LANGUAGE_LEARNING_AND_TEACHING","1750-1229"
"785","INTELLIGENCE","0160-2896"
"786","INTERNATIONAL_JOURNAL_OF_ISLAMIC_AND_MIDDLE_EASTERN_FINANCE_AND_MANAGEMENT","1753-8394"
"787","INTERNATIONAL_JOURNAL_OF_MARKET_RESEARCH","1470-7853"
"788","INTERNATIONAL_JOURNAL_OF_PSYCHOPHYSIOLOGY","0167-8760"
"789","JOURNALISM_STUDIES","1461-670X"
"790","JOURNAL_OF_APPLIED_DEVELOPMENTAL_PSYCHOLOGY","0193-3973"
"791","JOURNAL_OF_APPLIED_GERONTOLOGY","0733-4648"
"792","JOURNAL_OF_ATTENTION_DISORDERS","1087-0547"
"793","JOURNAL_OF_BUSINESS_&_ECONOMIC_STATISTICS","0735-0015"
"794","JOURNAL_OF_CHILDREN_AND_MEDIA","1748-2798"
"795","JOURNAL_OF_CHINESE_GOVERNANCE","2381-2346"
"796","JOURNAL_OF_CLINICAL_PSYCHOLOGY","0021-9762"
"797","JOURNAL_OF_CROSS-CULTURAL_PSYCHOLOGY","0022-0221"
"798","JOURNAL_OF_ENGLISH_FOR_ACADEMIC_PURPOSES","1475-1585"
"799","JOURNAL_OF_EUROPEAN_SOCIAL_POLICY","0958-9287"
"800","JOURNAL_OF_EXPERIMENTAL_CRIMINOLOGY","1573-3750"
"801","POLICY_AND_SOCIETY","1449-4035"
"802","BMC_MEDICINE","1741-7015"
"803","PHARMACOLOGICAL_RESEARCH","1043-6618"
"804","INFORMATION_TECHNOLOGY_&_TOURISM","1098-3058"
"805","PSYCHOLOGICAL_INQUIRY","1047-840X"
"806","CELL_SYSTEMS","2405-4712"
"807","CLINICAL_CHEMISTRY","0009-9147"
"808","CURRENT_OPINION_IN_GREEN_AND_SUSTAINABLE_CHEMISTRY","2452-2236"
"809","ENDOSCOPY","0013-726X"
"810","IEEE_NETWORK","0890-8044"
"811","JOURNAL_OF_NUCLEAR_MEDICINE","0161-5505"
"812","MATERIALS_TODAY_ENERGY","2468-6069"
"813","TRENDS_IN_CARDIOVASCULAR_MEDICINE","1050-1738"
"814","GIGASCIENCE","2047-217X"
"815","INTERNATIONAL_JOURNAL_OF_BIOLOGICAL_SCIENCES","1449-2288"
"816","TECHNOLOGY_IN_SOCIETY","0160-791X"
"817","WILEY_INTERDISCIPLINARY_REVIEWS-CLIMATE_CHANGE","1757-7780"
"818","CANCER_AND_METASTASIS_REVIEWS","0167-7659"
"819","CURRENT_BIOLOGY","0960-9822"
"820","INTERNATIONAL_JOURNAL_OF_PRODUCTION_RESEARCH","0020-7543"
"821","ACTA_PAULISTA_DE_ENFERMAGEM","0103-2100"
"822","ELECTRONIC_JOURNAL_OF_COMBINATORICS","1077-8926"
"823","ELECTRONIC_JOURNAL_OF_DIFFERENTIAL_EQUATIONS","1072-6691"
"824","ISJ-INVERTEBRATE_SURVIVAL_JOURNAL","1824-307X"
"825","KAFKAS_UNIVERSITESI_VETERINER_FAKULTESI_DERGISI","1300-6045"
"826","PSYCHIATRY_AND_CLINICAL_PSYCHOPHARMACOLOGY","2475-0573"
"827","TROPICAL_GRASSLANDS-FORRAJES_TROPICALES","2346-3775"
"828","TURKISH_JOURNAL_OF_BIOCHEMISTRY-TURK_BIYOKIMYA_DERGISI","0250-4685"
"829","AFRICAN_JOURNAL_OF_INFORMATION_SYSTEMS","1936-0282"
"830","AIMS_ALLERGY_AND_IMMUNOLOGY","2575-615X"
"831","AIMS_MEDICAL_SCIENCE","2375-1576"
"832","ARCHIVE_OF_MECHANICAL_ENGINEERING","0004-0738"
"833","CASE_REPORTS_IN_NEPHROLOGY_AND_DIALYSIS","2296-9705"
"834","CLINICAL_CASE_REPORTS","2050-0904"
"835","CONTRIBUTIONS_TO_GEOPHYSICS_AND_GEODESY","1338-0540"
"836","CURRENT_JOURNAL_OF_NEUROLOGY","2717-011X"
"837","DEPENDENCE_MODELING","2300-2298"
"838","E-BALONMANO_COM","1885-7019"
"839","E-JOURNAL_OF_SURFACE_SCIENCE_AND_NANOTECHNOLOGY","1348-0391"
"840","ELECTRICAL_CONTROL_AND_COMMUNICATION_ENGINEERING","2255-9140"
"841","ASIA_PACIFIC_JOURNAL_OF_EDUCATION","0218-8791"
"842","ATTENTION_PERCEPTION_&_PSYCHOPHYSICS","1943-3921"
"843","BEHAVIORAL_DISORDERS","0198-7429"
"844","BOSTON_UNIVERSITY_LAW_REVIEW","0006-8047"
"845","CHILD_AND_ADOLESCENT_SOCIAL_WORK_JOURNAL","0738-0151"
"846","CHILD_&_FAMILY_SOCIAL_WORK","1356-7500"
"847","CHILDREN_&_SOCIETY","0951-0605"
"848","CIENCIA_&_SAUDE_COLETIVA","1413-8123"
"849","CLINICAL_NURSING_RESEARCH","1054-7738"
"850","COGNITIVE_LINGUISTICS","0936-5907"
"851","COGNITIVE_NEUROPSYCHIATRY","1354-6805"
"852","COGNITIVE_PROCESSING","1612-4782"
"853","COMMUNICATION_CULTURE_&_CRITIQUE","1753-9129"
"854","COMPARATIVE_EUROPEAN_POLITICS","1472-4790"
"855","CRITICAL_INQUIRY","0093-1896"
"856","CULTURE_MEDICINE_AND_PSYCHIATRY","0165-005X"
"857","CURRICULUM_INQUIRY","0362-6784"
"858","DAEDALUS","0011-5266"
"859","DEVELOPMENT_POLICY_REVIEW","0950-6764"
"860","DISCOURSE-STUDIES_IN_THE_CULTURAL_POLITICS_OF_EDUCATION","0159-6306"
"861","JOURNAL_OF_LEARNING_DISABILITIES","0022-2194"
"862","JOURNAL_OF_REGIONAL_SCIENCE","0022-4146"
"863","MASS_COMMUNICATION_AND_SOCIETY","1520-5436"
"864","MEDICAL_CARE","0025-7079"
"865","NURSING_IN_CRITICAL_CARE","1362-1017"
"866","ORGANIZATION","1350-5084"
"867","PSYCHOLOGY_OF_POPULAR_MEDIA","2689-6567"
"868","PSYCHOMETRIKA","0033-3123"
"869","PUBLIC_PERSONNEL_MANAGEMENT","0091-0260"
"870","REGULATION_&_GOVERNANCE","1748-5983"
"871","RELC_JOURNAL","0033-6882"
"872","REVIEW_OF_INTERNATIONAL_STUDIES","0260-2105"
"873","SCHOOL_EFFECTIVENESS_AND_SCHOOL_IMPROVEMENT","0924-3453"
"874","SCHOOL_PSYCHOLOGY","2578-4218"
"875","SOCIAL_STUDIES_OF_SCIENCE","0306-3127"
"876","SOCIOLOGICAL_METHODOLOGY","0081-1750"
"877","SOCIOLOGY_OF_RACE_AND_ETHNICITY","2332-6492"
"878","TOPICS_IN_COGNITIVE_SCIENCE","1756-8757"
"879","ZDM-MATHEMATICS_EDUCATION","1863-9690"
"880","AMERICAN_JOURNAL_OF_BOTANY","0002-9122"
"881","INTERNATIONAL_JOURNAL_OF_ROBOTICS_RESEARCH","0278-3649"
"882","JOURNAL_OF_POWER_SOURCES","0378-7753"
"883","JOURNAL_OF_THE_EUROPEAN_ACADEMY_OF_DERMATOLOGY_AND_VENEREOLOGY","0926-9959"
"884","AMERICAN_SOCIOLOGICAL_REVIEW","0003-1224"
"885","LANDSCAPE_AND_URBAN_PLANNING","0169-2046"
"886","CHINESE_CHEMICAL_LETTERS","1001-8417"
"887","CLINICAL_REVIEWS_IN_ALLERGY_&_IMMUNOLOGY","1080-0549"
"888","EUROPEAN_JOURNAL_OF_NUCLEAR_MEDICINE_AND_MOLECULAR_IMAGING","1619-7070"
"889","JOURNAL_OF_CLINICAL_IMMUNOLOGY","0271-9142"
"890","PERSOONIA","0031-5850"
"891","PROGRESS_IN_CARDIOVASCULAR_DISEASES","0033-0620"
"892","SCIENCE_CHINA-LIFE_SCIENCES","1674-7305"
"893","CELL_DEATH_&_DISEASE","2041-4889"
"894","NPJ_CLIMATE_AND_ATMOSPHERIC_SCIENCE","2397-3722"
"895","CANADIAN_JOURNAL_OF_AGRICULTURAL_ECONOMICS-REVUE_CANADIENNE_D_AGROECONOMIE","0008-3976"
"896","ENERGY_POLICY","0301-4215"
"897","JOURNAL_OF_SUSTAINABLE_TOURISM","0966-9582"
"898","OPERATIONS_MANAGEMENT_RESEARCH","1936-9735"
"899","SCIENCE_COMMUNICATION","1075-5470"
"900","ADVANCED_OPTICAL_MATERIALS","2195-1071"
"901","ESP_TODAY-JOURNAL_OF_ENGLISH_FOR_SPECIFIC_PURPOSES_AT_TERTIARY_LEVEL","2334-9050"
"902","ETHICS_&_BIOETHICS","1338-5615"
"903","ETHNOBIOLOGY_LETTERS","2159-8126"
"904","EUROPEAN_JOURNAL_OF_MENTAL_HEALTH","1788-4934"
"905","GATEWAYS-INTERNATIONAL_JOURNAL_OF_COMMUNITY_RESEARCH_AND_ENGAGEMENT","1836-3393"
"906","GEODYNAMICS_&_TECTONOPHYSICS","2078-502X"
"907","HUMANA_MENTE-JOURNAL_OF_PHILOSOPHICAL_STUDIES","1972-1293"
"908","INTERNATIONAL_JOURNAL_OF_ALCOHOL_AND_DRUG_RESEARCH","1925-7066"
"909","INTERNATIONAL_JOURNAL_OF_COGNITIVE_RESEARCH_IN_SCIENCE_ENGINEERING_AND_EDUCATION-IJCRSEE","2334-847X"
"910","INTERNATIONAL_JOURNAL_OF_EVIDENCE_BASED_COACHING_&_MENTORING","1741-8305"
"911","JOURNAL_OF_BRACHIAL_PLEXUS_AND_PERIPHERAL_NERVE_INJURY","1749-7221"
"912","JOURNAL_OF_CENTRAL_EUROPEAN_AGRICULTURE","1332-9049"
"913","JOURNAL_OF_FELINE_MEDICINE_AND_SURGERY_OPEN_REPORTS","2055-1169"
"914","KOME-AN_INTERNATIONAL_JOURNAL_OF_PURE_COMMUNICATION_INQUIRY","2063-7330"
"915","PHYSIO-GEO","1958-573X"
"916","PRESENT_ENVIRONMENT_AND_SUSTAINABLE_DEVELOPMENT","1843-5971"
"917","REPORTS_ON_GEODESY_AND_GEOINFORMATICS","2391-8365"
"918","REVIEW_OF_ECONOMIC_PERSPECTIVES","1213-2446"
"919","REVISTA_ELECTRONICA_DE_LEEME","1575-9563"
"920","SECULARISM_&_NONRELIGION","2053-6712"
"921","EDUCATIONAL_STUDIES","0305-5698"
"922","ELEMENTARY_SCHOOL_JOURNAL","0013-5984"
"923","ENGINEERING_STUDIES","1937-8629"
"924","EUROPEAN_JOURNAL_ON_CRIMINAL_POLICY_AND_RESEARCH","0928-1371"
"925","FEDERAL_RESERVE_BANK_OF_ST_LOUIS_REVIEW","0014-9187"
"926","FEMINIST_MEDIA_STUDIES","1468-0777"
"927","FIELD_METHODS","1525-822X"
"928","FINANCE_AND_STOCHASTICS","0949-2984"
"929","GLOBAL_ECONOMIC_REVIEW","1226-508X"
"930","HARVARD_EDUCATIONAL_REVIEW","0017-8055"
"931","HEALTH_ECONOMICS_POLICY_AND_LAW","1744-1331"
"932","IDENTITIES-GLOBAL_STUDIES_IN_CULTURE_AND_POWER","1070-289X"
"933","IEEE_TRANSACTIONS_ON_PROFESSIONAL_COMMUNICATION","0361-1434"
"934","IMA_JOURNAL_OF_MANAGEMENT_MATHEMATICS","1471-678X"
"935","INTERNATIONAL_JOURNAL_OF_CLINICAL_AND_EXPERIMENTAL_HYPNOSIS","0020-7144"
"936","INTERNATIONAL_JOURNAL_OF_REHABILITATION_RESEARCH","0342-5282"
"937","INTERNATIONAL_REVIEW_OF_FINANCE","1369-412X"
"938","IRISH_EDUCATIONAL_STUDIES","0332-3315"
"939","ISSUES_IN_SCIENCE_AND_TECHNOLOGY","0748-5492"
"940","JAPAN_JOURNAL_OF_NURSING_SCIENCE","1742-7932"
"941","AMERICAN_JOURNAL_OF_CARDIOVASCULAR_DRUGS","1175-3277"
"942","AMERICAN_JOURNAL_OF_ORTHODONTICS_AND_DENTOFACIAL_ORTHOPEDICS","0889-5406"
"943","AMERICAN_JOURNAL_OF_PHYSICAL_MEDICINE_&_REHABILITATION","0894-9115"
"944","AMERICAN_JOURNAL_OF_SURGERY","0002-9610"
"945","ANNALS_OF_PHYSICS","0003-4916"
"946","APPLIED_BIOCHEMISTRY_AND_BIOTECHNOLOGY","0273-2289"
"947","ARCHIVES_OF_CARDIOVASCULAR_DISEASES","1875-2136"
"948","ARCHIVES_OF_DERMATOLOGICAL_RESEARCH","0340-3696"
"949","ARCHIVES_OF_ORAL_BIOLOGY","0003-9969"
"950","ARCHIVES_OF_OSTEOPOROSIS","1862-3522"
"951","ARCHIVES_OF_PHYSIOLOGY_AND_BIOCHEMISTRY","1381-3455"
"952","BIOCHIMICA_ET_BIOPHYSICA_ACTA-GENERAL_SUBJECTS","0304-4165"
"953","BLOOD_PURIFICATION","0253-5068"
"954","BULLETIN_OF_THE_SEISMOLOGICAL_SOCIETY_OF_AMERICA","0037-1106"
"955","CANCER_CHEMOTHERAPY_AND_PHARMACOLOGY","0344-5704"
"956","CATALYSIS_SURVEYS_FROM_ASIA","1571-1013"
"957","CHEMICAL_BIOLOGY_&_DRUG_DESIGN","1747-0277"
"958","CLINICAL_REHABILITATION","0269-2155"
"959","CNS_&_NEUROLOGICAL_DISORDERS-DRUG_TARGETS","1871-5273"
"960","COMMUNICATIONS_ON_PURE_AND_APPLIED_MATHEMATICS","0010-3640"
"961","BIOFABRICATION","1758-5082"
"962","CRITICAL_REVIEWS_IN_BIOTECHNOLOGY","0738-8551"
"963","IEEE_COMPUTATIONAL_INTELLIGENCE_MAGAZINE","1556-603X"
"964","SEMINARS_IN_IMMUNOPATHOLOGY","1863-2297"
"965","JOURNAL_OF_INDUSTRIAL_INTEGRATION_AND_MANAGEMENT-INNOVATION_AND_ENTREPRENEURSHIP","2424-8622"
"966","CLINICAL_AND_MOLECULAR_HEPATOLOGY","2287-2728"
"967","GEOSCIENCE_FRONTIERS","1674-9871"
"968","JOURNAL_OF_CACHEXIA_SARCOPENIA_AND_MUSCLE","2190-5991"
"969","ACADEMY_OF_MANAGEMENT_PERSPECTIVES","1558-9080"
"970","GLOBAL_ENVIRONMENTAL_CHANGE-HUMAN_AND_POLICY_DIMENSIONS","0959-3780"
"971","JOURNAL_OF_FINANCIAL_ECONOMICS","0304-405X"
"972","JOURNAL_OF_TRAVEL_RESEARCH","0047-2875"
"973","JOURNAL_OF_WORLD_BUSINESS","1090-9516"
"974","ACS_SENSORS","2379-3694"
"975","ANNUAL_REVIEW_OF_NUTRITION","0199-9885"
"976","CURRENT_OPINION_IN_COLLOID_&_INTERFACE_SCIENCE","1359-0294"
"977","ENERGY","0360-5442"
"978","ENVIRONMENTAL_POLLUTION","0269-7491"
"979","GLOBAL_FOOD_SECURITY-AGRICULTURE_POLICY_ECONOMICS_AND_ENVIRONMENT","2211-9124"
"980","IEEE_TRANSACTIONS_ON_KNOWLEDGE_AND_DATA_ENGINEERING","1041-4347"
"981","SPORTIS-SCIENTIFIC_TECHNICAL_JOURNAL_OF_SCHOOL_SPORT_PHYSICAL_EDUCATION_AND_PSYCHOMOTRICITY","2386-8333"
"982","ACROSS_LANGUAGES_AND_CULTURES","1585-1923"
"983","AUSTRALIAN_AND_NEW_ZEALAND_JOURNAL_OF_FAMILY_THERAPY","0814-723X"
"984","AUSTRALIAN_FEMINIST_STUDIES","0816-4649"
"985","CANADIAN_JOURNAL_OF_SOCIOLOGY-CAHIERS_CANADIENS_DE_SOCIOLOGIE","0318-6431"
"986","CHILD_WELFARE","0009-4021"
"987","COMPARATIVE_STUDIES_IN_SOCIETY_AND_HISTORY","0010-4175"
"988","CONVERGENCIA-REVISTA_DE_CIENCIAS_SOCIALES","2448-5799"
"989","DIACHRONICA","0176-4225"
"990","DIAGNOSTICA","0012-1924"
"991","EAST_EUROPEAN_POLITICS_AND_SOCIETIES","0888-3254"
"992","ENGLISH_HISTORICAL_REVIEW","0013-8266"
"993","ENVIRONMENTAL_HISTORY","1084-5453"
"994","EUROPEAN_JOURNAL_OF_THE_HISTORY_OF_ECONOMIC_THOUGHT","0967-2567"
"995","GLQ-A_JOURNAL_OF_LESBIAN_AND_GAY_STUDIES","1064-2684"
"996","HACIENDA_PUBLICA_ESPANOLA-REVIEW_OF_PUBLIC_ECONOMICS","0210-1173"
"997","HISTORY_AND_ANTHROPOLOGY","0275-7206"
"998","HISTORY_OF_POLITICAL_ECONOMY","0018-2702"
"999","IDS_BULLETIN-INSTITUTE_OF_DEVELOPMENT_STUDIES","0265-5012"
"1000","INDIAN_ECONOMIC_AND_SOCIAL_HISTORY_REVIEW","0019-4646"
"1001","JOURNAL_OF_COMMUNICATION_DISORDERS","0021-9924"
"1002","JOURNAL_OF_COMPARATIVE_FAMILY_STUDIES","0047-2328"
"1003","JOURNAL_OF_DRUG_ISSUES","0022-0426"
"1004","JOURNAL_OF_ECONOMICS","0931-8658"
"1005","JOURNAL_OF_EDUCATIONAL_AND_PSYCHOLOGICAL_CONSULTATION","1047-4412"
"1006","JOURNAL_OF_EMERGENCY_NURSING","0099-1767"
"1007","JOURNAL_OF_EMPIRICAL_LEGAL_STUDIES","1740-1453"
"1008","JOURNAL_OF_FAMILY_ISSUES","0192-513X"
"1009","JOURNAL_OF_GENDER_STUDIES","0958-9236"
"1010","JOURNAL_OF_HUMANISTIC_PSYCHOLOGY","0022-1678"
"1011","JOURNAL_OF_INTERNATIONAL_RELATIONS_AND_DEVELOPMENT","1408-6980"
"1012","JOURNAL_OF_LANGUAGE_IDENTITY_AND_EDUCATION","1534-8458"
"1013","JOURNAL_OF_LIBRARIANSHIP_AND_INFORMATION_SCIENCE","0961-0006"
"1014","JOURNAL_OF_MEDIA_PSYCHOLOGY-THEORIES_METHODS_AND_APPLICATIONS","1864-1105"
"1015","JOURNAL_OF_MORAL_EDUCATION","0305-7240"
"1016","JOURNAL_OF_PALLIATIVE_CARE","0825-8597"
"1017","JOURNAL_OF_PERIANESTHESIA_NURSING","1089-9472"
"1018","JOURNAL_OF_POLICY_AND_PRACTICE_IN_INTELLECTUAL_DISABILITIES","1741-1122"
"1019","JOURNAL_OF_PSYCHOEDUCATIONAL_ASSESSMENT","0734-2829"
"1020","JOURNAL_OF_REFUGEE_STUDIES","0951-6328"
"1021","COMPARATIVE_BIOCHEMISTRY_AND_PHYSIOLOGY_D-GENOMICS_&_PROTEOMICS","1744-117X"
"1022","COMPLEMENTARY_THERAPIES_IN_CLINICAL_PRACTICE","1744-3881"
"1023","CRYSTALLOGRAPHY_REVIEWS","0889-311X"
"1024","CURRENT_CANCER_DRUG_TARGETS","1568-0096"
"1025","DEEP-SEA_RESEARCH_PART_II-TOPICAL_STUDIES_IN_OCEANOGRAPHY","0967-0645"
"1026","DENDROCHRONOLOGIA","1125-7865"
"1027","DEVELOPMENTAL_NEUROBIOLOGY","1932-8451"
"1028","ELECTROANALYSIS","1040-0397"
"1029","ENVIRONMENTAL_MONITORING_AND_ASSESSMENT","0167-6369"
"1030","EUROPEAN_JOURNAL_OF_APPLIED_PHYSIOLOGY","1439-6319"
"1031","EXPERIMENTAL_ASTRONOMY","0922-6435"
"1032","FOOD_BIOPHYSICS","1557-1858"
"1033","FOUNDATIONS_OF_COMPUTATIONAL_MATHEMATICS","1615-3375"
"1034","FRACTIONAL_CALCULUS_AND_APPLIED_ANALYSIS","1311-0454"
"1035","FRONTIERS_OF_INFORMATION_TECHNOLOGY_&_ELECTRONIC_ENGINEERING","2095-9184"
"1036","FRONTIERS_OF_STRUCTURAL_AND_CIVIL_ENGINEERING","2095-2430"
"1037","FUNCTIONAL_PLANT_BIOLOGY","1445-4408"
"1038","FUNGAL_GENETICS_AND_BIOLOGY","1087-1845"
"1039","GLYCOCONJUGATE_JOURNAL","0282-0080"
"1040","HEMATOLOGY-AMERICAN_SOCIETY_OF_HEMATOLOGY_EDUCATION_PROGRAM","1520-4391"
"1041","JOURNAL_OF_HEART_AND_LUNG_TRANSPLANTATION","1053-2498"
"1042","MAYO_CLINIC_PROCEEDINGS","0025-6196"
"1043","OBESITY_REVIEWS","1467-7881"
"1044","QUARTERLY_JOURNAL_OF_THE_ROYAL_METEOROLOGICAL_SOCIETY","0035-9009"
"1045","RADIOLOGIA_MEDICA","0033-8362"
"1046","PRAGMATIC_AND_OBSERVATIONAL_RESEARCH","1179-7266"
"1047","INTERNATIONAL_JOURNAL_OF_CLINICAL_AND_HEALTH_PSYCHOLOGY","1697-2600"
"1048","JOURNAL_OF_PHARMACEUTICAL_ANALYSIS","2095-1779"
"1049","CELL_REPORTS","2211-1247"
"1050","MOLECULAR_THERAPY_NUCLEIC_ACIDS","2162-2531"
"1051","NEUROLOGY-NEUROIMMUNOLOGY_&_NEUROINFLAMMATION","2332-7812"
"1052","EDUCATIONAL_PSYCHOLOGIST","0046-1520"
"1053","FAMILY_BUSINESS_REVIEW","0894-4865"
"1054","SUPPLY_CHAIN_MANAGEMENT-AN_INTERNATIONAL_JOURNAL","1359-8546"
"1055","ADVANCED_ENGINEERING_INFORMATICS","1474-0346"
"1056","ANESTHESIOLOGY","0003-3022"
"1057","BMJ_EVIDENCE-BASED_MEDICINE","2515-446X"
"1058","BRITISH_JOURNAL_OF_CANCER","0007-0920"
"1059","CHEMOSPHERE","0045-6535"
"1060","CRITICAL_CARE_MEDICINE","0090-3493"
"1061","INTERNATIONAL_JOURNAL_OF_FEMINIST_APPROACHES_TO_BIOETHICS","1937-4585"
"1062","INTERNATIONAL_REVIEW_OF_THE_RED_CROSS","1816-3831"
"1063","INTERVENTIONS-INTERNATIONAL_JOURNAL_OF_POSTCOLONIAL_STUDIES","1369-801X"
"1064","IRISH_POLITICAL_STUDIES","0790-7184"
"1065","JOURNAL_OF_ANTHROPOLOGICAL_RESEARCH","0091-7710"
"1066","JOURNAL_OF_COGNITIVE_PSYCHOTHERAPY","0889-8391"
"1067","JOURNAL_OF_CONSCIOUSNESS_STUDIES","1355-8250"
"1068","JOURNAL_OF_CONTEMPORARY_HISTORY","0022-0094"
"1069","JOURNAL_OF_DERIVATIVES","1074-1240"
"1070","JOURNAL_OF_EAST_EUROPEAN_MANAGEMENT_STUDIES","0949-6181"
"1071","JOURNAL_OF_ECONOMIC_ISSUES","0021-3624"
"1072","JOURNAL_OF_NEUROSCIENCE_PSYCHOLOGY_AND_ECONOMICS","1937-321X"
"1073","JOURNAL_OF_PIDGIN_AND_CREOLE_LANGUAGES","0920-9034"
"1074","JOURNAL_OF_PSYCHOLOGY_AND_THEOLOGY","0091-6471"
"1075","JOURNAL_OF_RISK","1465-1211"
"1076","JOURNAL_OF_RISK_MODEL_VALIDATION","1753-9579"
"1077","JOURNAL_OF_SOUTH_ASIAN_DEVELOPMENT","0973-1741"
"1078","JOURNAL_OF_THE_ECONOMIC_AND_SOCIAL_HISTORY_OF_THE_ORIENT","0022-4995"
"1079","JOURNAL_OF_THE_PHILOSOPHY_OF_SPORT","0094-8705"
"1080","KNOWLEDGE_ORGANIZATION","0943-7444"
"1081","JOURNAL_OF_SCHOOL_NURSING","1059-8405"
"1082","JOURNAL_OF_SOCIAL_AND_CLINICAL_PSYCHOLOGY","0736-7236"
"1083","JOURNAL_OF_SPORTS_ECONOMICS","1527-0025"
"1084","LITHIC_TECHNOLOGY","0197-7261"
"1085","MEDICAL_LAW_REVIEW","0967-0742"
"1086","MEDITERRANEAN_POLITICS","1362-9395"
"1087","NATIONAL_TAX_JOURNAL","0028-0283"
"1088","PAIN_MANAGEMENT_NURSING","1524-9042"
"1089","PERCEPTION","0301-0066"
"1090","PHILOSOPHY_OF_SCIENCE","0031-8248"
"1091","PSYCHIATRIC_CLINICS_OF_NORTH_AMERICA","0193-953X"
"1092","PSYCHOLOGY_OF_MUSIC","0305-7356"
"1093","QUALITATIVE_SOCIAL_WORK","1473-3250"
"1094","QUARTERLY_JOURNAL_OF_EXPERIMENTAL_PSYCHOLOGY","1747-0218"
"1095","QUARTERLY_JOURNAL_OF_POLITICAL_SCIENCE","1554-0626"
"1096","REVIEW_OF_WORLD_ECONOMICS","1610-2878"
"1097","SOCIAL_EPISTEMOLOGY","0269-1728"
"1098","SOCIAL_WORK_RESEARCH","1070-5309"
"1099","SOCIOLOGY_OF_SPORT_JOURNAL","0741-1235"
"1100","THEORY_CULTURE_&_SOCIETY","0263-2764"
"1101","HIV_MEDICINE","1464-2662"
"1102","IEEE_JOURNAL_OF_PHOTOVOLTAICS","2156-3381"
"1103","INDIAN_JOURNAL_OF_MICROBIOLOGY","0046-8991"
"1104","INTERNATIONAL_ARCHIVES_OF_OCCUPATIONAL_AND_ENVIRONMENTAL_HEALTH","0340-0131"
"1105","INTERNATIONAL_JOURNAL_OF_COMPUTER_ASSISTED_RADIOLOGY_AND_SURGERY","1861-6410"
"1106","INTERNATIONAL_JOURNAL_OF_EXPERIMENTAL_PATHOLOGY","0959-9673"
"1107","INTERNATIONAL_JOURNAL_OF_LABORATORY_HEMATOLOGY","1751-5521"
"1108","INTERNATIONAL_JOURNAL_OF_PRESSURE_VESSELS_AND_PIPING","0308-0161"
"1109","INTERNATIONAL_JOURNAL_OF_PSYCHIATRY_IN_CLINICAL_PRACTICE","1365-1501"
"1110","IRRIGATION_SCIENCE","0342-7188"
"1111","JOURNAL_OF_APPLIED_METEOROLOGY_AND_CLIMATOLOGY","1558-8424"
"1112","JOURNAL_OF_APPLIED_POLYMER_SCIENCE","0021-8995"
"1113","JOURNAL_OF_ARID_LAND","1674-6767"
"1114","JOURNAL_OF_ASIAN_EARTH_SCIENCES","1367-9120"
"1115","JOURNAL_OF_BIOENERGETICS_AND_BIOMEMBRANES","0145-479X"
"1116","JOURNAL_OF_BIOLOGICAL_INORGANIC_CHEMISTRY","0949-8257"
"1117","JOURNAL_OF_CARDIOVASCULAR_MEDICINE","1558-2027"
"1118","JOURNAL_OF_CARDIOVASCULAR_PHARMACOLOGY","0160-2446"
"1119","JOURNAL_OF_CHEMICAL_EDUCATION","0021-9584"
"1120","JOURNAL_OF_CHROMATOGRAPHY_B-ANALYTICAL_TECHNOLOGIES_IN_THE_BIOMEDICAL_AND_LIFE_SCIENCES","1570-0232"
"1121","CURRENT_OBESITY_REPORTS","2162-4968"
"1122","ECOLOGY_LETTERS","1461-023X"
"1123","FOOD_CHEMISTRY","0308-8146"
"1124","GENETICS_IN_MEDICINE","1098-3600"
"1125","IEEE_TRANSACTIONS_ON_SUSTAINABLE_ENERGY","1949-3029"
"1126","JOURNAL_OF_CLINICAL_VIROLOGY","1386-6532"
"1127","KNOWLEDGE-BASED_SYSTEMS","0950-7051"
"1128","RARE_METALS","1001-0521"
"1129","SCIENCE_CHINA-INFORMATION_SCIENCES","1674-733X"
"1130","ASTROPHYSICAL_JOURNAL_SUPPLEMENT_SERIES","0067-0049"
"1131","HORTICULTURE_RESEARCH","2662-6810"
"1132","INTERNATIONAL_BUSINESS_REVIEW","0969-5931"
"1133","JOURNAL_OF_BUSINESS_VENTURING","0883-9026"
"1134","TOURISM_MANAGEMENT_PERSPECTIVES","2211-9736"
"1135","AMERICAN_JOURNAL_OF_TRANSPLANTATION","1600-6135"
"1136","ANNUAL_REVIEW_OF_GENOMICS_AND_HUMAN_GENETICS","1527-8204"
"1137","APPLIED_SOFT_COMPUTING","1568-4946"
"1138","ARTERIOSCLEROSIS_THROMBOSIS_AND_VASCULAR_BIOLOGY","1079-5642"
"1139","COMPOSITES_PART_A-APPLIED_SCIENCE_AND_MANUFACTURING","1359-835X"
"1140","ENGINEERING_WITH_COMPUTERS","0177-0667"
"1141","LABOR_HISTORY","0023-656X"
"1142","LANGUAGE_AND_LITERATURE","0963-9470"
"1143","LATIN_AMERICAN_PERSPECTIVES","0094-582X"
"1144","LAW_PROBABILITY_&_RISK","1470-8396"
"1145","LEGAL_STUDIES","0261-3875"
"1146","MIDDLE_EAST_JOURNAL","0026-3141"
"1147","NARRATIVE_INQUIRY","1387-6740"
"1148","NATURE_+_CULTURE","1558-6073"
"1149","ORTHOPAEDIC_NURSING","0744-6020"
"1150","PRAGUE_ECONOMIC_PAPERS","1210-0455"
"1151","PSYCHOTHERAPIE","2731-7161"
"1152","REVIEW_OF_COGNITIVE_LINGUISTICS","1877-9751"
"1153","REVIEW_OF_ECONOMIC_DESIGN","1434-4742"
"1154","REVIEW_OF_NETWORK_ECONOMICS","2194-5993"
"1155","RHETORIC_SOCIETY_QUARTERLY","0277-3945"
"1156","RURAL_HISTORY-ECONOMY_SOCIETY_CULTURE","0956-7933"
"1157","SOCIAL_HISTORY_OF_MEDICINE","0951-631X"
"1158","STUDIES_IN_PSYCHOLOGY","0210-9395"
"1159","TECHNOLOGY_AND_CULTURE","0040-165X"
"1160","TRANSLATOR","1355-6509"
"1161","TRENDS_IN_ORGANIZED_CRIME","1084-4791"
"1162","WASHINGTON_QUARTERLY","0163-660X"
"1163","ACI_MATERIALS_JOURNAL","0889-325X"
"1164","ACM_TRANSACTIONS_ON_STORAGE","1553-3077"
"1165","ACOUSTICS_AUSTRALIA","0814-6039"
"1166","ACTA_POLYTECHNICA_HUNGARICA","1785-8860"
"1167","ADVANCED_STEEL_CONSTRUCTION","1816-112X"
"1168","ADVANCES_IN_CALCULUS_OF_VARIATIONS","1864-8258"
"1169","ADVANCES_IN_COMPUTATIONAL_MATHEMATICS","1019-7168"
"1170","ADVANCES_IN_MATHEMATICS","0001-8708"
"1171","AMERICAN_JOURNAL_OF_MATHEMATICS","0002-9327"
"1172","ANALYSIS_AND_MATHEMATICAL_PHYSICS","1664-2368"
"1173","ANZ_JOURNAL_OF_SURGERY","1445-1433"
"1174","APPLIED_NEUROPSYCHOLOGY-ADULT","2327-9095"
"1175","APPLIED_NEUROPSYCHOLOGY-CHILD","2162-2965"
"1176","AURIS_NASUS_LARYNX","0385-8146"
"1177","AUSTRALIAN_&_NEW_ZEALAND_JOURNAL_OF_OBSTETRICS_&_GYNAECOLOGY","0004-8666"
"1178","AUSTRIAN_JOURNAL_OF_EARTH_SCIENCES","2072-7151"
"1179","BIOLOGICALS","1045-1056"
"1180","BIOMEDICAL_ENGINEERING-BIOMEDIZINISCHE_TECHNIK","0013-5585"
"1181","JOURNAL_OF_COMPUTATIONAL_CHEMISTRY","0192-8651"
"1182","JOURNAL_OF_CRYPTOLOGY","0933-2790"
"1183","JOURNAL_OF_DIABETES_AND_ITS_COMPLICATIONS","1056-8727"
"1184","JOURNAL_OF_ENERGY_RESOURCES_TECHNOLOGY-TRANSACTIONS_OF_THE_ASME","0195-0738"
"1185","JOURNAL_OF_ESSENTIAL_OIL_RESEARCH","1041-2905"
"1186","JOURNAL_OF_FOOD_PROCESS_ENGINEERING","0145-8876"
"1187","JOURNAL_OF_FORESTRY_RESEARCH","1007-662X"
"1188","JOURNAL_OF_GERIATRIC_ONCOLOGY","1879-4068"
"1189","JOURNAL_OF_HEPATO-BILIARY-PANCREATIC_SCIENCES","1868-6974"
"1190","JOURNAL_OF_MEDICAL_MICROBIOLOGY","0022-2615"
"1191","JOURNAL_OF_MICROBIOLOGY","1225-8873"
"1192","JOURNAL_OF_NEUROSCIENCE_METHODS","0165-0270"
"1193","JOURNAL_OF_NONLINEAR_SCIENCE","0938-8974"
"1194","JOURNAL_OF_NUMERICAL_MATHEMATICS","1570-2820"
"1195","JOURNAL_OF_REAL-TIME_IMAGE_PROCESSING","1861-8200"
"1196","JOURNAL_OF_SHOULDER_AND_ELBOW_SURGERY","1058-2746"
"1197","JOURNAL_OF_STRUCTURAL_BIOLOGY","1047-8477"
"1198","JOURNAL_OF_THE_CHINESE_MEDICAL_ASSOCIATION","1726-4901"
"1199","JOURNAL_OF_X-RAY_SCIENCE_AND_TECHNOLOGY","0895-3996"
"1200","MARINE_BIOTECHNOLOGY","1436-2228"
"1201","IEEE_TRANSACTIONS_ON_SYSTEMS_MAN_CYBERNETICS-SYSTEMS","2168-2216"
"1202","IMMUNOLOGICAL_REVIEWS","0105-2896"
"1203","JOURNAL_OF_ENVIRONMENTAL_MANAGEMENT","0301-4797"
"1204","JOURNAL_OF_NETWORK_AND_COMPUTER_APPLICATIONS","1084-8045"
"1205","RENEWABLE_ENERGY","0960-1481"
"1206","WORLD_JOURNAL_OF_PEDIATRICS","1708-8569"
"1207","VIEW","2688-3988"
"1208","INTERNATIONAL_JOURNAL_OF_EDUCATIONAL_TECHNOLOGY_IN_HIGHER_EDUCATION","2365-9440"
"1209","JOURNAL_OF_CHEMINFORMATICS","1758-2946"
"1210","GREEN_FINANCE","2643-1092"
"1211","INFORMATION_PROCESSING_&_MANAGEMENT","0306-4573"
"1212","INTERNET_AND_HIGHER_EDUCATION","1096-7516"
"1213","CELL_CHEMICAL_BIOLOGY","2451-9456"
"1214","CHEMISTRY_OF_MATERIALS","0897-4756"
"1215","CLINICAL_IMMUNOLOGY","1521-6616"
"1216","MOVEMENT_DISORDERS","0885-3185"
"1217","PHYSICAL_REVIEW_LETTERS","0031-9007"
"1218","SEPARATION_AND_PURIFICATION_TECHNOLOGY","1383-5866"
"1219","TOPICS_IN_CURRENT_CHEMISTRY","2365-0869"
"1220","WILEY_INTERDISCIPLINARY_REVIEWS-NANOMEDICINE_AND_NANOBIOTECHNOLOGY","1939-5116"
"1221","TRAVAIL_HUMAIN","0041-1868"
"1222","ACTA_ARITHMETICA","0065-1036"
"1223","ACTA_MATHEMATICA_SINICA-ENGLISH_SERIES","1439-8516"
"1224","ACTA_ORNITHOLOGICA","0001-6454"
"1225","ACTA_PHYSICA_POLONICA_A","0587-4246"
"1226","ALEA-LATIN_AMERICAN_JOURNAL_OF_PROBABILITY_AND_MATHEMATICAL_STATISTICS","1980-0436"
"1227","ALGEBRAIC_AND_GEOMETRIC_TOPOLOGY","1472-2739"
"1228","ANALYSIS_MATHEMATICA","0133-3852"
"1229","ANASTHESIOLOGIE_&_INTENSIVMEDIZIN","0170-5334"
"1230","ANKARA_UNIVERSITESI_VETERINER_FAKULTESI_DERGISI","1300-0861"
"1231","ANNALES_BOTANICI_FENNICI","0003-3847"
"1232","ANNALES_DE_L_INSTITUT_FOURIER","0373-0956"
"1233","ANNALES_ZOOLOGICI_FENNICI","0003-455X"
"1234","ANNALS_OF_GLOBAL_ANALYSIS_AND_GEOMETRY","0232-704X"
"1235","ANTHROPOLOGICAL_SCIENCE","0918-7960"
"1236","APPLICABLE_ALGEBRA_IN_ENGINEERING_COMMUNICATION_AND_COMPUTING","0938-1279"
"1237","APPLICATIONS_OF_MATHEMATICS","0862-7940"
"1238","APPLIED_COMPUTATIONAL_ELECTROMAGNETICS_SOCIETY_JOURNAL","1054-4887"
"1239","APPLIED_ECOLOGY_AND_ENVIRONMENTAL_RESEARCH","1589-1623"
"1240","APPLIED_GEOPHYSICS","1672-7975"
"1241","BIOMETRICAL_JOURNAL","0323-3847"
"1242","BOUNDARY_VALUE_PROBLEMS","1687-2770"
"1243","BRAIN_BEHAVIOR_AND_EVOLUTION","0006-8977"
"1244","BRAIN_&_DEVELOPMENT","0387-7604"
"1245","BUILDING_SERVICES_ENGINEERING_RESEARCH_&_TECHNOLOGY","0143-6244"
"1246","BULLETIN_OF_THE_KOREAN_CHEMICAL_SOCIETY","0253-2964"
"1247","BUNDESGESUNDHEITSBLATT-GESUNDHEITSFORSCHUNG-GESUNDHEITSSCHUTZ","1436-9990"
"1248","CALCOLO","0008-0624"
"1249","CANADIAN_JOURNAL_OF_SOIL_SCIENCE","0008-4271"
"1250","CANADIAN_WATER_RESOURCES_JOURNAL","0701-1784"
"1251","CENTRAL_EUROPEAN_JOURNAL_OF_OPERATIONS_RESEARCH","1435-246X"
"1252","CHEMICAL_&_PHARMACEUTICAL_BULLETIN","0009-2363"
"1253","CHILEAN_JOURNAL_OF_AGRICULTURAL_RESEARCH","0718-5839"
"1254","CHINESE_PHYSICS_B","1674-1056"
"1255","CHROMATOGRAPHIA","0009-5893"
"1256","CLEAN-SOIL_AIR_WATER","1863-0650"
"1257","CLINICS_IN_LABORATORY_MEDICINE","0272-2712"
"1258","COMMUNITY_DENTAL_HEALTH","0265-539X"
"1259","COMMUNITY_ECOLOGY","1585-8553"
"1260","CURRENT_COMPUTER-AIDED_DRUG_DESIGN","1573-4099"
"1261","MARINE_CHEMISTRY","0304-4203"
"1262","MATERIALS_LETTERS","0167-577X"
"1263","MEDICINA_INTENSIVA","0210-5691"
"1264","METALLURGICAL_AND_MATERIALS_TRANSACTIONS_B-PROCESS_METALLURGY_AND_MATERIALS_PROCESSING_SCIENCE","1073-5615"
"1265","MINERVA_GASTROENTEROLOGY","2724-5985"
"1266","MYCOTOXIN_RESEARCH","0178-7888"
"1267","NEOPLASMA","0028-2685"
"1268","NEURODEGENERATIVE_DISEASES","1660-2854"
"1269","NEUROINFORMATICS","1539-2791"
"1270","NEUROPHYSIOLOGIE_CLINIQUE-CLINICAL_NEUROPHYSIOLOGY","0987-7053"
"1271","OPTICAL_AND_QUANTUM_ELECTRONICS","0306-8919"
"1272","ORGANIC_GEOCHEMISTRY","0146-6380"
"1273","OUTLOOK_ON_AGRICULTURE","0030-7270"
"1274","PALAEOGEOGRAPHY_PALAEOCLIMATOLOGY_PALAEOECOLOGY","0031-0182"
"1275","PEDIATRIC_NEPHROLOGY","0931-041X"
"1276","PEPTIDES","0196-9781"
"1277","PLANT_CELL_TISSUE_AND_ORGAN_CULTURE","0167-6857"
"1278","PLASMONICS","1557-1955"
"1279","PRENATAL_DIAGNOSIS","0197-3851"
"1280","PROSTAGLANDINS_LEUKOTRIENES_AND_ESSENTIAL_FATTY_ACIDS","0952-3278"
"1281","OECONOMIA_COPERNICANA","2083-1277"
"1282","CELL_PROLIFERATION","0960-7722"
"1283","JMIR_PUBLIC_HEALTH_AND_SURVEILLANCE","2369-2960"
"1284","CONSERVATION_LETTERS","1755-263X"
"1285","AMERICAN_ECONOMIC_REVIEW-INSIGHTS","2640-205X"
"1286","ELECTRONIC_MARKETS","1019-6781"
"1287","LONG_RANGE_PLANNING","0024-6301"
"1288","TELEMATICS_AND_INFORMATICS","0736-5853"
"1289","CURRENT_OPINION_IN_ELECTROCHEMISTRY","2451-9103"
"1290","EXPERT_SYSTEMS_WITH_APPLICATIONS","0957-4174"
"1291","QUALITATIVE_PSYCHOLOGY","2326-3601"
"1292","INTERNATIONAL_JOURNAL_OF_INFECTIOUS_DISEASES","1201-9712"
"1293","MATERIALS_&_DESIGN","0264-1275"
"1294","CHEMICAL_SCIENCE","2041-6520"
"1295","JOURNAL_OF_DESTINATION_MARKETING_&_MANAGEMENT","2212-571X"
"1296","JOURNAL_OF_ECONOMIC_PERSPECTIVES","0895-3309"
"1297","ACS_SUSTAINABLE_CHEMISTRY_&_ENGINEERING","2168-0485"
"1298","ANNUAL_REVIEW_OF_CHEMICAL_AND_BIOMOLECULAR_ENGINEERING","1947-5438"
"1299","CHEMSUSCHEM","1864-5631"
"1300","CIRCULATION-ARRHYTHMIA_AND_ELECTROPHYSIOLOGY","1941-3149"
"1301","ARKIV_FOR_MATEMATIK","0004-2080"
"1302","AUTOMATION_AND_REMOTE_CONTROL","0005-1179"
"1303","BALTICA","0067-3064"
"1304","BAUTECHNIK","0932-8351"
"1305","BIOLOGY_AND_ENVIRONMENT-PROCEEDINGS_OF_THE_ROYAL_IRISH_ACADEMY","0791-7945"
"1306","BIRD_STUDY","0006-3657"
"1307","BLUMEA","0006-5196"
"1308","BOLETIN_LATINOAMERICANO_Y_DEL_CARIBE_DE_PLANTAS_MEDICINALES_Y_AROMATICAS","0717-7917"
"1309","BULLETIN_OF_EXPERIMENTAL_BIOLOGY_AND_MEDICINE","0007-4888"
"1310","BULLETIN_OF_THE_AUSTRALIAN_MATHEMATICAL_SOCIETY","0004-9727"
"1311","BULLETIN_OF_THE_BRAZILIAN_MATHEMATICAL_SOCIETY","1678-7544"
"1312","BULLETIN_OF_THE_IRANIAN_MATHEMATICAL_SOCIETY","1017-060X"
"1313","CANADIAN_JOURNAL_OF_MATHEMATICS-JOURNAL_CANADIEN_DE_MATHEMATIQUES","0008-414X"
"1314","CARDIOVASCULAR_JOURNAL_OF_AFRICA","1995-1892"
"1315","CEMENT_WAPNO_BETON","1425-8129"
"1316","CHELONIAN_CONSERVATION_AND_BIOLOGY","1071-8443"
"1317","CHINESE_JOURNAL_OF_INORGANIC_CHEMISTRY","1001-4861"
"1318","CLINICAL_DYSMORPHOLOGY","0962-8827"
"1319","CLINICAL_LABORATORY","1433-6510"
"1320","COLEOPTERISTS_BULLETIN","0010-065X"
"1321","CYBERNETICS_AND_SYSTEMS","0196-9722"
"1322","CYTOGENETIC_AND_GENOME_RESEARCH","1424-8581"
"1323","DYNAMICS_OF_ATMOSPHERES_AND_OCEANS","0377-0265"
"1324","ELECTROMAGNETIC_BIOLOGY_AND_MEDICINE","1536-8378"
"1325","ENVIRONMENTAL_ENTOMOLOGY","0046-225X"
"1326","ENVIRONMETRICS","1180-4009"
"1327","ETHOLOGY","0179-1613"
"1328","EUROPEAN_JOURNAL_OF_CONTRACEPTION_AND_REPRODUCTIVE_HEALTH_CARE","1362-5187"
"1329","EUROPEAN_JOURNAL_OF_HOSPITAL_PHARMACY","2047-9956"
"1330","EUROPEAN_JOURNAL_OF_OPHTHALMOLOGY","1120-6721"
"1331","FIBER_AND_INTEGRATED_OPTICS","0146-8030"
"1332","FOOD_WEBS","2352-2496"
"1333","FUSION_ENGINEERING_AND_DESIGN","0920-3796"
"1334","GEOARCHAEOLOGY-AN_INTERNATIONAL_JOURNAL","0883-6353"
"1335","HEAT_TRANSFER_RESEARCH","1064-2285"
"1336","HERZ","0340-9937"
"1337","HOMEOPATHY","1475-4916"
"1338","HUMAN_PSYCHOPHARMACOLOGY-CLINICAL_AND_EXPERIMENTAL","0885-6222"
"1339","INORGANIC_AND_NANO-METAL_CHEMISTRY","2470-1556"
"1340","INTELLIGENT_DATA_ANALYSIS","1088-467X"
"1341","PROTEIN_JOURNAL","1572-3887"
"1342","REVUE_NEUROLOGIQUE","0035-3787"
"1343","SAR_AND_QSAR_IN_ENVIRONMENTAL_RESEARCH","1062-936X"
"1344","SCIENTIFIC_AMERICAN","0036-8733"
"1345","SEIZURE-EUROPEAN_JOURNAL_OF_EPILEPSY","1059-1311"
"1346","SEMANTIC_WEB","1570-0844"
"1347","SEMINARS_IN_FETAL_&_NEONATAL_MEDICINE","1744-165X"
"1348","SPINE","0362-2436"
"1349","TISSUE_ENGINEERING_PART_C-METHODS","1937-3384"
"1350","TRANSGENIC_RESEARCH","0962-8819"
"1351","WIRELESS_NETWORKS","1022-0038"
"1352","WORLD_JOURNAL_OF_GASTROINTESTINAL_ONCOLOGY","1948-5204"
"1353","ACS_CHEMICAL_HEALTH_&_SAFETY","1871-5532"
"1354","AI_&_SOCIETY","0951-5666"
"1355","BIONANOSCIENCE","2191-1630"
"1356","CLINICAL_NUTRITION_ESPEN","2405-4577"
"1357","COUNSELLING_PSYCHOLOGY_QUARTERLY","0951-5070"
"1358","FOOTWEAR_SCIENCE","1942-4280"
"1359","HIGH_BLOOD_PRESSURE_&_CARDIOVASCULAR_PREVENTION","1120-9879"
"1360","INTERNATIONAL_JOURNAL_OF_INFORMATION_AND_LEARNING_TECHNOLOGY","2056-4880"
"1361","COCHRANE_DATABASE_OF_SYSTEMATIC_REVIEWS","1469-493X"
"1362","EUROPEAN_JOURNAL_OF_CANCER","0959-8049"
"1363","IEEE_TRANSACTIONS_ON_CIRCUITS_AND_SYSTEMS_FOR_VIDEO_TECHNOLOGY","1051-8215"
"1364","INTERNATIONAL_JOURNAL_OF_BIOPRINTING","2424-7723"
"1365","MECHANICAL_SYSTEMS_AND_SIGNAL_PROCESSING","0888-3270"
"1366","METABOLIC_ENGINEERING","1096-7176"
"1367","PHYSIOLOGY","1548-9213"
"1368","STROKE","0039-2499"
"1369","CELLULAR_&_MOLECULAR_BIOLOGY_LETTERS","1425-8153"
"1370","INTERNATIONAL_JOURNAL_OF_COAL_SCIENCE_&_TECHNOLOGY","2095-8293"
"1371","NONLINEAR_ENGINEERING_-_MODELING_AND_APPLICATION","2192-8010"
"1372","MATERIALS_RESEARCH_LETTERS","2166-3831"
"1373","PROGRESS_OF_THEORETICAL_AND_EXPERIMENTAL_PHYSICS","2050-3911"
"1374","JOURNAL_OF_HOSPITALITY_AND_TOURISM_MANAGEMENT","1447-6770"
"1375","STRATEGIC_MANAGEMENT_JOURNAL","0143-2095"
"1376","ANNALS_OF_THE_AMERICAN_THORACIC_SOCIETY","1546-3222"
"1377","APPLIED_MATERIALS_TODAY","2352-9407"
"1378","CORROSION_SCIENCE","0010-938X"
"1379","DIALOGUES_IN_CLINICAL_NEUROSCIENCE","1294-8322"
"1380","ENVIRONMENTAL_RESEARCH","0013-9351"
"1381","COMMUNICATIONS_IN_ALGEBRA","0092-7872"
"1382","COMMUNICATIONS_IN_ANALYSIS_AND_GEOMETRY","1019-8385"
"1383","COMPEL-THE_INTERNATIONAL_JOURNAL_FOR_COMPUTATION_AND_MATHEMATICS_IN_ELECTRICAL_AND_ELECTRONIC_ENGINEERING","0332-1649"
"1384","COMPUTATIONAL_MATHEMATICS_AND_MATHEMATICAL_PHYSICS","0965-5425"
"1385","COMPUTING_AND_INFORMATICS","1335-9150"
"1386","CRYSTALLOGRAPHY_REPORTS","1063-7745"
"1387","CURRENT_HERPETOLOGY","1345-5834"
"1388","CYBIUM","0399-0974"
"1389","DIABETOLOGIE_UND_STOFFWECHSEL","1861-9002"
"1390","ELECTRONIC_JOURNAL_OF_LINEAR_ALGEBRA","1537-9582"
"1391","EUROPEAN_JOURNAL_OF_PHYSICS","0143-0807"
"1392","EXPOSITIONES_MATHEMATICAE","0723-0869"
"1393","FOLIA_BIOLOGICA-KRAKOW","0015-5497"
"1394","FORKTAIL","0950-1746"
"1395","GEOLOGY_OF_ORE_DEPOSITS","1075-7015"
"1396","GEORGIAN_MATHEMATICAL_JOURNAL","1072-947X"
"1397","GLASS_PHYSICS_AND_CHEMISTRY","1087-6596"
"1398","GRAPHS_AND_COMBINATORICS","0911-0119"
"1399","GRUNDWASSER","1430-483X"
"1400","HERZOGIA","0018-0971"
"1401","INTERNATIONAL_JOURNAL_FOR_UNCERTAINTY_QUANTIFICATION","2152-5080"
"1402","INTERNATIONAL_JOURNAL_OF_AERONAUTICAL_AND_SPACE_SCIENCES","2093-274X"
"1403","INTERNATIONAL_JOURNAL_OF_ARTIFICIAL_ORGANS","0391-3988"
"1404","INTERNATIONAL_JOURNAL_OF_ASTROBIOLOGY","1473-5504"
"1405","INTERNATIONAL_JOURNAL_OF_CIVIL_ENGINEERING","1735-0522"
"1406","INTERNATIONAL_JOURNAL_OF_COMPUTATIONAL_METHODS","0219-8762"
"1407","INTERNATIONAL_JOURNAL_OF_COMPUTERIZED_DENTISTRY","1463-4201"
"1408","INTERNATIONAL_JOURNAL_OF_LOWER_EXTREMITY_WOUNDS","1534-7346"
"1409","INTERNATIONAL_JOURNAL_OF_MODERN_PHYSICS_B","0217-9792"
"1410","INTERNATIONAL_JOURNAL_OF_RF_AND_MICROWAVE_COMPUTER-AIDED_ENGINEERING","1096-4290"
"1411","INTERNATIONAL_JOURNAL_OF_SATELLITE_COMMUNICATIONS_AND_NETWORKING","1542-0973"
"1412","INTERNATIONAL_JOURNAL_OF_UNCONVENTIONAL_COMPUTING","1548-7199"
"1413","INTERVENTIONAL_NEURORADIOLOGY","1591-0199"
"1414","IRANIAN_JOURNAL_OF_SCIENCE_AND_TECHNOLOGY-TRANSACTIONS_OF_CIVIL_ENGINEERING","2228-6160"
"1415","JOURNAL_OF_AMBIENT_INTELLIGENCE_AND_SMART_ENVIRONMENTS","1876-1364"
"1416","JOURNAL_OF_ASIAN_NATURAL_PRODUCTS_RESEARCH","1028-6020"
"1417","JOURNAL_OF_BERRY_RESEARCH","1878-5093"
"1418","JOURNAL_OF_BIOACTIVE_AND_COMPATIBLE_POLYMERS","0883-9115"
"1419","JOURNAL_OF_BIOMECHANICAL_ENGINEERING-TRANSACTIONS_OF_THE_ASME","0148-0731"
"1420","JOURNAL_OF_CHEMICAL_SCIENCES","0974-3626"
"1421","JDR_CLINICAL_&_TRANSLATIONAL_RESEARCH","2380-0844"
"1422","JOURNAL_OF_APPLIED_ACCOUNTING_RESEARCH","0967-5426"
"1423","JOURNAL_OF_CHANGE_MANAGEMENT","1469-7017"
"1424","JOURNAL_OF_CLINICAL_AND_EXPERIMENTAL_HEPATOLOGY","0973-6883"
"1425","JOURNAL_OF_FINANCIAL_SERVICES_MARKETING","1363-0539"
"1426","JOURNAL_OF_MARKETING_ANALYTICS","2050-3318"
"1427","JOURNAL_OF_MARKETING_THEORY_AND_PRACTICE","1069-6679"
"1428","JOURNAL_OF_RISK_FINANCE","1526-5943"
"1429","JOURNAL_OF_SOCIAL_ENTREPRENEURSHIP","1942-0676"
"1430","MARITIME_BUSINESS_REVIEW","2397-3757"
"1431","MECHANICAL_ENGINEERING_REVIEWS","2187-9753"
"1432","MODELING_EARTH_SYSTEMS_AND_ENVIRONMENT","2363-6203"
"1433","REVISTA_LATINA_DE_COMUNICACION_SOCIAL","1138-5820"
"1434","SOCIAL_MARKETING_QUARTERLY","1524-5004"
"1435","STIGMA_AND_HEALTH","2376-6972"
"1436","TEXTILE_PROGRESS","0040-5167"
"1437","YOUNG_CONSUMERS","1758-7212"
"1438","ADSORPTION_SCIENCE_&_TECHNOLOGY","0263-6174"
"1439","ADVANCES_IN_METEOROLOGY","1687-9309"
"1440","ANIMAL_CELLS_AND_SYSTEMS","1976-8354"
"1441","EUROPEAN_JOURNAL_OF_PREVENTIVE_CARDIOLOGY","2047-4873"
"1442","HYPERTENSION","0194-911X"
"1443","IEEE_TRANSACTIONS_ON_COMMUNICATIONS","0090-6778"
"1444","JOURNAL_OF_FIELD_ROBOTICS","1556-4959"
"1445","JOURNAL_OF_INTELLIGENT_MANUFACTURING","0956-5515"
"1446","PRODUCTION_PLANNING_&_CONTROL","0953-7287"
"1447","RADIOCARBON","0033-8222"
"1448","ENERGY_STRATEGY_REVIEWS","2211-467X"
"1449","JOURNAL_OF_STROKE","2287-6391"
"1450","JOURNAL_OF_TISSUE_ENGINEERING","2041-7314"
"1451","MATERIALS_TODAY_BIO","2590-0064"
"1452","EDUCATIONAL_RESEARCHER","0013-189X"
"1453","INTERNATIONAL_REVIEW_OF_FINANCIAL_ANALYSIS","1057-5219"
"1454","JOURNAL_OF_POLITICAL_ECONOMY","0022-3808"
"1455","JOURNAL_OF_RESEARCH_IN_INTERACTIVE_MARKETING","2040-7122"
"1456","PSYCHOLOGICAL_SCIENCE","0956-7976"
"1457","REVIEW_OF_FINANCIAL_STUDIES","0893-9454"
"1458","ACTA_PHARMACOLOGICA_SINICA","1671-4083"
"1459","DIABETOLOGIA","0012-186X"
"1460","IEEE_TRANSACTIONS_ON_GEOSCIENCE_AND_REMOTE_SENSING","0196-2892"
"1461","HIGH_ENERGY_CHEMISTRY","0018-1439"
"1462","HORTICULTURA_BRASILEIRA","0102-0536"
"1463","IEEE_ANNALS_OF_THE_HISTORY_OF_COMPUTING","1058-6180"
"1464","IEICE_TRANSACTIONS_ON_COMMUNICATIONS","0916-8516"
"1465","IEICE_TRANSACTIONS_ON_INFORMATION_AND_SYSTEMS","0916-8532"
"1466","INDIAN_JOURNAL_OF_PURE_&_APPLIED_MATHEMATICS","0019-5588"
"1467","INTEGRATED_FERROELECTRICS","1058-4587"
"1468","INTERNATIONAL_JOURNAL_OF_AD_HOC_AND_UBIQUITOUS_COMPUTING","1743-8225"
"1469","INTERNATIONAL_JOURNAL_OF_DEVELOPMENTAL_BIOLOGY","0214-6282"
"1470","INTERNATIONAL_JOURNAL_OF_ENVIRONMENT_AND_POLLUTION","0957-4352"
"1471","INTERNATIONAL_JOURNAL_OF_NUMBER_THEORY","1793-0421"
"1472","ISOKINETICS_AND_EXERCISE_SCIENCE","0959-3020"
"1473","IZVESTIYA_ATMOSPHERIC_AND_OCEANIC_PHYSICS","0001-4338"
"1474","JOURNAL_AWWA","0003-150X"
"1475","JOURNAL_OF_ANIMAL_AND_PLANT_SCIENCES-JAPS","1018-7081"
"1476","JOURNAL_OF_APPLIED_SPECTROSCOPY","0021-9037"
"1477","JOURNAL_OF_COMBINATORIAL_DESIGNS","1063-8539"
"1478","JOURNAL_OF_COMPUTATIONAL_AND_THEORETICAL_TRANSPORT","2332-4309"
"1479","JOURNAL_OF_FISH_AND_WILDLIFE_MANAGEMENT","1944-687X"
"1480","JOURNAL_OF_FRICTION_AND_WEAR","1068-3666"
"1481","JOURNAL_OF_COMPLEXITY","0885-064X"
"1482","JOURNAL_OF_COMPUTATIONAL_BIOLOGY","1066-5277"
"1483","JOURNAL_OF_CUTANEOUS_PATHOLOGY","0303-6987"
"1484","JOURNAL_OF_DEVELOPMENTAL_ORIGINS_OF_HEALTH_AND_DISEASE","2040-1744"
"1485","JOURNAL_OF_DYNAMIC_SYSTEMS_MEASUREMENT_AND_CONTROL-TRANSACTIONS_OF_THE_ASME","0022-0434"
"1486","JOURNAL_OF_ELASTOMERS_AND_PLASTICS","0095-2443"
"1487","JOURNAL_OF_ELECTROCERAMICS","1385-3449"
"1488","JOURNAL_OF_FUNCTIONAL_ANALYSIS","0022-1236"
"1489","JOURNAL_OF_INORGANIC_MATERIALS","1000-324X"
"1490","JOURNAL_OF_KNEE_SURGERY","1538-8506"
"1491","JOURNAL_OF_LARYNGOLOGY_AND_OTOLOGY","0022-2151"
"1492","JOURNAL_OF_MAMMALOGY","0022-2372"
"1493","JOURNAL_OF_MATHEMATICAL_CHEMISTRY","0259-9791"
"1494","JOURNAL_OF_NANO_RESEARCH","1662-5250"
"1495","JOURNAL_OF_OROFACIAL_ORTHOPEDICS-FORTSCHRITTE_DER_KIEFERORTHOPADIE","1434-5293"
"1496","JOURNAL_OF_ORTHOPAEDIC_SCIENCE","0949-2658"
"1497","JOURNAL_OF_PAEDIATRICS_AND_CHILD_HEALTH","1034-4810"
"1498","JOURNAL_OF_PEDIATRIC_ORTHOPAEDICS","0271-6798"
"1499","JOURNAL_OF_PHOTONICS_FOR_ENERGY","1947-7988"
"1500","JOURNAL_OF_RADIATION_RESEARCH_AND_APPLIED_SCIENCES","1687-8507"
"1501","ANNALS_OF_GLACIOLOGY","0260-3055"
"1502","ASIAN_JOURNAL_OF_ANDROLOGY","1008-682X"
"1503","CLINICAL_AND_APPLIED_THROMBOSIS-HEMOSTASIS","1076-0296"
"1504","INTEGRATIVE_CANCER_THERAPIES","1534-7354"
"1505","INTERNATIONAL_JOURNAL_OF_COMPUTATIONAL_INTELLIGENCE_SYSTEMS","1875-6891"
"1506","INTERNATIONAL_JOURNAL_OF_FOOD_PROPERTIES","1094-2912"
"1507","INTERNATIONAL_JOURNAL_OF_GENOMICS","2314-436X"
"1508","JOURNAL_OF_DERMATOLOGICAL_TREATMENT","0954-6634"
"1509","JOURNAL_OF_PALAEOGEOGRAPHY-ENGLISH","2095-3836"
"1510","JOURNAL_OF_THE_RENIN-ANGIOTENSIN-ALDOSTERONE_SYSTEM","1470-3203"
"1511","JOURNAL_OF_WOOD_SCIENCE","1435-0211"
"1512","KOREAN_JOURNAL_OF_ANESTHESIOLOGY","2005-6419"
"1513","OCEANOLOGIA","0078-3234"
"1514","PAIN_RESEARCH_&_MANAGEMENT","1203-6765"
"1515","PLANT_SIGNALING_&_BEHAVIOR","1559-2316"
"1516","PPAR_RESEARCH","1687-4757"
"1517","SWISS_MEDICAL_WEEKLY","1424-7860"
"1518","THORACIC_CANCER","1759-7706"
"1519","ADVANCES_IN_HUMAN-COMPUTER_INTERACTION","1687-5893"
"1520","ANEMIA","2090-1267"
"1521","IEEE_TRANSACTIONS_ON_INTELLIGENT_VEHICLES","2379-8858"
"1522","INTERNATIONAL_JOURNAL_OF_BIOLOGICAL_MACROMOLECULES","0141-8130"
"1523","REVIEWS_IN_ENDOCRINE_&_METABOLIC_DISORDERS","1389-9155"
"1524","WILEY_INTERDISCIPLINARY_REVIEWS-WATER","2049-1948"
"1525","ADVANCES_IN_GEO-ENERGY_RESEARCH","2207-9963"
"1526","CHINA_FINANCE_REVIEW_INTERNATIONAL","2044-1398"
"1527","EPIDEMIOLOGY_AND_PSYCHIATRIC_SCIENCES","2045-7960"
"1528","INFECTIOUS_DISEASES_OF_POVERTY","2095-5162"
"1529","BMJ_GLOBAL_HEALTH","2059-7908"
"1530","ANNALS_OF_INTENSIVE_CARE","2110-5820"
"1531","MOLECULAR_METABOLISM","2212-8778"
"1532","EUROPEAN_SOCIETIES","1461-6696"
"1533","INTERNATIONAL_JOURNAL_OF_MANAGEMENT_REVIEWS","1460-8545"
"1534","WORLD_BANK_RESEARCH_OBSERVER","0257-3032"
"1535","FOOD_RESEARCH_INTERNATIONAL","0963-9969"
"1536","FRONTIERS_OF_MEDICINE","2095-0217"
"1537","IEEE_TRANSACTIONS_ON_SERVICES_COMPUTING","1939-1374"
"1538","IEEE_VEHICULAR_TECHNOLOGY_MAGAZINE","1556-6072"
"1539","INFORMATION_SCIENCES","0020-0255"
"1540","JAMA_OPHTHALMOLOGY","2168-6165"
"1541","JOURNAL_OF_HYPERBOLIC_DIFFERENTIAL_EQUATIONS","0219-8916"
"1542","JOURNAL_OF_ICHTHYOLOGY","0032-9452"
"1543","JOURNAL_OF_INFRARED_AND_MILLIMETER_WAVES","1001-9014"
"1544","JOURNAL_OF_LOGIC_AND_COMPUTATION","0955-792X"
"1545","JOURNAL_OF_MEDICAL_PRIMATOLOGY","0047-2565"
"1546","JOURNAL_OF_MINERALOGICAL_AND_PETROLOGICAL_SCIENCES","1345-6296"
"1547","JOURNAL_OF_NONLINEAR_MATHEMATICAL_PHYSICS","1402-9251"
"1548","JOURNAL_OF_NUMBER_THEORY","0022-314X"
"1549","JOURNAL_OF_SWINE_HEALTH_AND_PRODUCTION","1537-209X"
"1550","JOURNAL_OF_SYMBOLIC_COMPUTATION","0747-7171"
"1551","JOURNAL_OF_SYMPLECTIC_GEOMETRY","1527-5256"
"1552","JOURNAL_OF_THE_AMERICAN_PODIATRIC_MEDICAL_ASSOCIATION","8750-7315"
"1553","JOURNAL_OF_THE_AUSTRALIAN_MATHEMATICAL_SOCIETY","1446-7887"
"1554","JOURNAL_OF_THE_CHEMICAL_SOCIETY_OF_PAKISTAN","0253-5106"
"1555","JOURNAL_OF_THE_MATHEMATICAL_SOCIETY_OF_JAPAN","0025-5645"
"1556","JOURNAL_OF_VOLCANOLOGY_AND_SEISMOLOGY","0742-0463"
"1557","JOURNAL_OF_ZOO_AND_WILDLIFE_MEDICINE","1042-7260"
"1558","KOVOVE_MATERIALY-METALLIC_MATERIALS","0023-432X"
"1559","MAGNETOHYDRODYNAMICS","0024-998X"
"1560","MECHANICS_OF_SOLIDS","0025-6544"
"1561","JOURNAL_OF_RAPTOR_RESEARCH","0892-1016"
"1562","JOURNAL_OF_SPINAL_CORD_MEDICINE","1079-0268"
"1563","JOURNAL_OF_SPORT_REHABILITATION","1056-6716"
"1564","JOURNAL_OF_SPORTS_MEDICINE_AND_PHYSICAL_FITNESS","0022-4707"
"1565","JOURNAL_OF_THE_AMERICAN_ASSOCIATION_FOR_LABORATORY_ANIMAL_SCIENCE","1559-6109"
"1566","JOURNAL_OF_THE_PHYSICAL_SOCIETY_OF_JAPAN","0031-9015"
"1567","CONSERVATION_&_SOCIETY","0972-4923"
"1568","ERDE","0013-9998"
"1569","ACTA_AGRICULTURAE_SCANDINAVICA_SECTION_B-SOIL_AND_PLANT_SCIENCE","0906-4710"
"1570","ACTA_MONTANISTICA_SLOVACA","1335-1788"
"1571","ANNALS_OF_SAUDI_MEDICINE","0256-4947"
"1572","AQUATIC_INVASIONS","1798-6540"
"1573","BANGLADESH_JOURNAL_OF_PHARMACOLOGY","1991-007X"
"1574","CHINA_FOUNDRY","1672-6421"
"1575","DESIGNED_MONOMERS_AND_POLYMERS","1385-772X"
"1576","GERIATRIC_ORTHOPAEDIC_SURGERY_&_REHABILITATION","2151-4585"
"1577","IET_COMMUNICATIONS","1751-8628"
"1578","IET_OPTOELECTRONICS","1751-8768"
"1579","IET_SOFTWARE","1751-8806"
"1580","JOURNAL_OF_INTERNATIONAL_MEDICAL_RESEARCH","0300-0605"
"1581","APPLIED_COMPUTATIONAL_INTELLIGENCE_AND_SOFT_COMPUTING","1687-9724"
"1582","DEMOCRATIC_THEORY-AN_INTERDISCIPLINARY_JOURNAL","2332-8894"
"1583","EARTH_AND_PLANETARY_PHYSICS","2096-3955"
"1584","GASTROENTEROLOGY_INSIGHTS","2036-7414"
"1585","HEALTHCARE_INFORMATICS_RESEARCH","2093-3681"
"1586","INDIAN_JOURNAL_OF_ANAESTHESIA","0019-5049"
"1587","INTERNATIONAL_JOURNAL_OF_INDUSTRIAL_ENGINEERING_AND_MANAGEMENT","2217-2661"
"1588","JOURNAL_OF_TOXICOLOGY","1687-8191"
"1589","LABORATORY_ANIMAL_RESEARCH","1738-6055"
"1590","TROPICAL_CYCLONE_RESEARCH_AND_REVIEW","2225-6032"
"1591","TUBERCULOSIS_AND_RESPIRATORY_DISEASES","1738-3536"
"1592","VASCULAR_HEALTH_AND_RISK_MANAGEMENT","1176-6344"
"1593","CYBERPSYCHOLOGY-JOURNAL_OF_PSYCHOSOCIAL_RESEARCH_ON_CYBERSPACE","1802-7962"
"1594","ANNALS_OF_GLOBAL_HEALTH","2214-9996"
"1595","AOB_PLANTS","2041-2851"
"1596","BMC_ORAL_HEALTH","1472-6831"
"1597","BMJ_OPEN","2044-6055"
"1598","EATING_AND_WEIGHT_DISORDERS-STUDIES_ON_ANOREXIA_BULIMIA_AND_OBESITY","1124-4909"
"1599","ENVIRONMENTAL_RESEARCH_COMMUNICATIONS","2515-7620"
"1600","FRONTIERS_IN_HUMAN_NEUROSCIENCE","1662-5161"
"1601","RELIABILITY_ENGINEERING_&_SYSTEM_SAFETY","0951-8320"
"1602","SCIENCE_CHINA-MATERIALS","2095-8226"
"1603","WASTE_MANAGEMENT","0956-053X"
"1604","CURRENT_OPINION_IN_ENVIRONMENTAL_SCIENCE_&_HEALTH","2468-5844"
"1605","JOURNAL_OF_SCIENCE-ADVANCED_MATERIALS_AND_DEVICES","2468-2284"
"1606","INTERNATIONAL_JOURNAL_OF_NANOMEDICINE","1178-2013"
"1607","WEATHER_AND_CLIMATE_EXTREMES","2212-0947"
"1608","CURRENT_ISSUES_IN_TOURISM","1368-3500"
"1609","INTERNATIONAL_JOURNAL_OF_MENTAL_HEALTH_AND_ADDICTION","1557-1874"
"1610","INTERNATIONAL_JOURNAL_OF_PROJECT_MANAGEMENT","0263-7863"
"1611","JOURNAL_OF_FINANCE","0022-1082"
"1612","REVIEW_OF_ECONOMICS_AND_STATISTICS","0034-6535"
"1613","ANNUAL_REVIEW_OF_ANALYTICAL_CHEMISTRY","1936-1327"
"1614","ARCHIVOS_DE_BRONCONEUMOLOGIA","0300-2896"
"1615","BULLETIN_OF_THE_AMERICAN_METEOROLOGICAL_SOCIETY","0003-0007"
"1616","CELLULAR_AND_MOLECULAR_LIFE_SCIENCES","1420-682X"
"1617","COMPOSITES_COMMUNICATIONS","2452-2139"
"1618","DIABETES-METABOLISM_RESEARCH_AND_REVIEWS","1520-7552"
"1619","ENGINEERING_APPLICATIONS_OF_ARTIFICIAL_INTELLIGENCE","0952-1976"
"1620","EUROPEAN_JOURNAL_OF_INTERNAL_MEDICINE","0953-6205"
"1621","METRIKA","0026-1335"
"1622","MILITARY_OPERATIONS_RESEARCH","1082-5983"
"1623","MOLECULAR_CRYSTALS_AND_LIQUID_CRYSTALS","1542-1406"
"1624","M_S-MEDECINE_SCIENCES","0767-0974"
"1625","NEPHROLOGIE_&_THERAPEUTIQUE","1769-7255"
"1626","NEUROENDOCRINOLOGY_LETTERS","0172-780X"
"1627","NORTH-WESTERN_JOURNAL_OF_ZOOLOGY","1584-9074"
"1628","NOTRE_DAME_JOURNAL_OF_FORMAL_LOGIC","0029-4527"
"1629","OPERATIVE_ORTHOPADIE_UND_TRAUMATOLOGIE","0934-6694"
"1630","PACIFIC_SCIENCE","0030-8870"
"1631","PEDIATRIC_NEUROSURGERY","1016-2291"
"1632","PERIODICO_DI_MINERALOGIA","0369-8963"
"1633","PHARMACOGNOSY_MAGAZINE","0973-1296"
"1634","PLASTIC_SURGERY","2292-5503"
"1635","PROCEEDINGS_OF_THE_EDINBURGH_MATHEMATICAL_SOCIETY","0013-0915"
"1636","PROGRAMMING_AND_COMPUTER_SOFTWARE","0361-7688"
"1637","PROGRESS_IN_COMPUTATIONAL_FLUID_DYNAMICS","1468-4349"
"1638","PROGRESS_IN_REACTION_KINETICS_AND_MECHANISM","1468-6783"
"1639","PURE_AND_APPLIED_MATHEMATICS_QUARTERLY","1558-8599"
"1640","QUAESTIONES_MATHEMATICAE","1607-3606"
"1641","JOURNAL_OF_KOREAN_NEUROSURGICAL_SOCIETY","2005-3711"
"1642","JOURNAL_OF_LIMNOLOGY","1129-5767"
"1643","JOURNAL_OF_RESEARCH_IN_MEDICAL_SCIENCES","1735-1995"
"1644","MEDICINE","0025-7974"
"1645","MOUNTAIN_RESEARCH_AND_DEVELOPMENT","0276-4741"
"1646","NATURE_CONSERVATION-BULGARIA","1314-6947"
"1647","ORAL_HEALTH_&_PREVENTIVE_DENTISTRY","1602-1622"
"1648","POLIMERY","0032-2725"
"1649","SHOCK_AND_VIBRATION","1070-9622"
"1650","WATER_POLICY","1366-7017"
"1651","CENTRAL_EUROPEAN_FORESTRY_JOURNAL","2454-034X"
"1652","COMMUNICATIONS_IN_COMBINATORICS_AND_OPTIMIZATION","2538-2128"
"1653","CONSTRUCTION_ECONOMICS_AND_BUILDING","1835-6354"
"1654","CURRENT_UROLOGY","1661-7649"
"1655","ENVIRONMENTAL_HEALTH_ENGINEERING_AND_MANAGEMENT_JOURNAL","2423-3765"
"1656","FME_TRANSACTIONS","1451-2092"
"1657","INTERNATIONAL_JOURNAL_OF_DIFFERENTIAL_EQUATIONS","1687-9643"
"1658","INTERNATIONAL_JOURNAL_OF_GEO-ENGINEERING","2092-9196"
"1659","INTERNATIONAL_JOURNAL_OF_OPTIMIZATION_AND_CONTROL-THEORIES_&_APPLICATIONS-IJOCTA","2146-0957"
"1660","INTERNATIONAL_JOURNAL_OF_YOGA","0973-6131"
"1661","FRONTIERS_IN_NEUROANATOMY","1662-5129"
"1662","HEALTH_PROMOTION_AND_CHRONIC_DISEASE_PREVENTION_IN_CANADA-RESEARCH_POLICY_AND_PRACTICE","2368-738X"
"1663","IRISH_VETERINARY_JOURNAL","0368-0762"
"1664","JOURNAL_OF_ENGINEERED_FIBERS_AND_FABRICS","1558-9250"
"1665","PARASITE","1252-607X"
"1666","BREAST_CANCER-BASIC_AND_CLINICAL_RESEARCH","1178-2234"
"1667","INTEGRATED_PHARMACY_RESEARCH_AND_PRACTICE","2230-5254"
"1668","JOURNAL_OF_OPHTHALMIC_INFLAMMATION_AND_INFECTION","1869-5760"
"1669","LOCAL_AND_REGIONAL_ANESTHESIA","1178-7112"
"1670","SCIENTIFIC_AFRICAN","2468-2276"
"1671","STEM_CELLS_AND_CLONING-ADVANCES_AND_APPLICATIONS","1178-6957"
"1672","ADDICTION_RESEARCH_&_THEORY","1606-6359"
"1673","AFRICAN_DEVELOPMENT_REVIEW-REVUE_AFRICAINE_DE_DEVELOPPEMENT","1017-6772"
"1674","AGGRESSIVE_BEHAVIOR","0096-140X"
"1675","AMERICAN_JOURNAL_OF_CULTURAL_SOCIOLOGY","2049-7113"
"1676","AMERICAN_JOURNAL_OF_HUMAN_BIOLOGY","1042-0533"
"1677","AMERICAN_JOURNAL_OF_OCCUPATIONAL_THERAPY","0272-9490"
"1678","ASIA_PACIFIC_BUSINESS_REVIEW","1360-2381"
"1679","CHILD_PSYCHIATRY_&_HUMAN_DEVELOPMENT","0009-398X"
"1680","COGNITIVE_AND_BEHAVIORAL_PRACTICE","1077-7229"
"1681","FOOD_PACKAGING_AND_SHELF_LIFE","2214-2894"
"1682","HEPATOBILIARY_SURGERY_AND_NUTRITION","2304-3881"
"1683","HLA","2059-2302"
"1684","INTERNATIONAL_JOURNAL_OF_NEURAL_SYSTEMS","0129-0657"
"1685","JOURNAL_OF_CROHNS_&_COLITIS","1873-9946"
"1686","MUCOSAL_IMMUNOLOGY","1933-0219"
"1687","ONCOGENE","0950-9232"
"1688","PATTERN_RECOGNITION","0031-3203"
"1689","PEDIATRICS","0031-4005"
"1690","PROTEIN_SCIENCE","0961-8368"
"1691","SUSTAINABLE_ENERGY_TECHNOLOGIES_AND_ASSESSMENTS","2213-1388"
"1692","ASTROPHYSICAL_JOURNAL_LETTERS","2041-8205"
"1693","FACTA_UNIVERSITATIS-SERIES_MECHANICAL_ENGINEERING","0354-2025"
"1694","JOURNAL_OF_TRAFFIC_AND_TRANSPORTATION_ENGINEERING-ENGLISH_EDITION","2095-7564"
"1695","DIGITAL_COMMUNICATIONS_AND_NETWORKS","2468-5925"
"1696","IMMUNITY_&_AGEING","1742-4933"
"1697","MICROSYSTEMS_&_NANOENGINEERING","2055-7434"
"1698","PHOTOACOUSTICS","2213-5979"
"1699","BRITISH_JOURNAL_OF_HEALTH_PSYCHOLOGY","1359-107X"
"1700","ENVIRONMENTAL_IMPACT_ASSESSMENT_REVIEW","0195-9255"
"1701","QUARTERLY_JOURNAL_OF_MATHEMATICS","0033-5606"
"1702","RADIOLOGIE","2731-7048"
"1703","RAMANUJAN_JOURNAL","1382-4090"
"1704","REVISTA_BRASILEIRA_DE_PALEONTOLOGIA","1519-7530"
"1705","REVISTA_ROMANA_DE_MATERIALE-ROMANIAN_JOURNAL_OF_MATERIALS","1583-3186"
"1706","REVUE_ROUMAINE_DES_SCIENCES_TECHNIQUES-SERIE_ELECTROTECHNIQUE_ET_ENERGETIQUE","0035-4066"
"1707","ROMANIAN_AGRICULTURAL_RESEARCH","1222-4227"
"1708","RUSSIAN_JOURNAL_OF_DEVELOPMENTAL_BIOLOGY","1062-3604"
"1709","RUSSIAN_JOURNAL_OF_HERPETOLOGY","1026-2296"
"1710","RUSSIAN_JOURNAL_OF_PHYSICAL_CHEMISTRY_A","0036-0244"
"1711","RUSSIAN_METEOROLOGY_AND_HYDROLOGY","1068-3739"
"1712","SCHWEIZER_ARCHIV_FUR_TIERHEILKUNDE","0036-7281"
"1713","SCOTTISH_JOURNAL_OF_GEOLOGY","0036-9276"
"1714","SEMICONDUCTORS","1063-7826"
"1715","SEMIGROUP_FORUM","0037-1912"
"1716","SOLID_FUEL_CHEMISTRY","0361-5219"
"1717","SOLVENT_EXTRACTION_RESEARCH_AND_DEVELOPMENT-JAPAN","1341-7215"
"1718","SPECTROSCOPY_AND_SPECTRAL_ANALYSIS","1000-0593"
"1719","SPORTVERLETZUNG-SPORTSCHADEN","0932-0555"
"1720","STOCHASTIC_MODELS","1532-6349"
"1721","JOURNAL_OF_EASTERN_EUROPEAN_AND_CENTRAL_ASIAN_RESEARCH","2328-8272"
"1722","JOURNAL_OF_GLOBAL_INFECTIOUS_DISEASES","0974-777X"
"1723","JOURNAL_OF_INFORMATION_AND_COMMUNICATION_TECHNOLOGY-MALAYSIA","1675-414X"
"1724","LUNG_INDIA","0970-2113"
"1725","REVISTA_COMPLUTENSE_DE_EDUCACION","1130-2496"
"1726","REVISTA_DE_GASTROENTEROLOGIA_DE_MEXICO","0375-0906"
"1727","SCANDINAVIAN_JOURNAL_OF_PAIN","1877-8860"
"1728","SLEEP_SCIENCE","1984-0659"
"1729","USPEKHI_FIZIKI_METALLOV-PROGRESS_IN_PHYSICS_OF_METALS","1608-1021"
"1730","VETERINARY_WORLD","0972-8988"
"1731","COMPTES_RENDUS_CHIMIE","1631-0748"
"1732","HIV_RESEARCH_&_CLINICAL_PRACTICE","2578-7489"
"1733","JOURNAL_OF_INEQUALITIES_AND_APPLICATIONS","1029-242X"
"1734","JOURNAL_OF_ORTHOPAEDIC_SURGERY","1022-5536"
"1735","PRIMARY_HEALTH_CARE_RESEARCH_AND_DEVELOPMENT","1463-4236"
"1736","ACUTE_MEDICINE_&_SURGERY","2052-8817"
"1737","ADVANCEMENTS_IN_LIFE_SCIENCES","2310-5380"
"1738","AUSTRALIAN_JOURNAL_OF_INDIGENOUS_EDUCATION","1326-0111"
"1739","COGENT_EDUCATION","2331-186X"
"1740","DRUG_HEALTHCARE_AND_PATIENT_SAFETY","1179-1365"
"1741","COLUMBIA_LAW_REVIEW","0010-1958"
"1742","COMPUTER_LAW_&_SECURITY_REVIEW","0267-3649"
"1743","EARLY_EDUCATION_AND_DEVELOPMENT","1040-9289"
"1744","ENERGY_JOURNAL","0195-6574"
"1745","ENVIRONMENT_AND_PLANNING_E-NATURE_AND_SPACE","2514-8486"
"1746","EUROPEAN_JOURNAL_OF_CARDIOVASCULAR_NURSING","1474-5151"
"1747","EVALUATION_&_THE_HEALTH_PROFESSIONS","0163-2787"
"1748","GEOPOLITICS","1465-0045"
"1749","GOVERNANCE-AN_INTERNATIONAL_JOURNAL_OF_POLICY_ADMINISTRATION_AND_INSTITUTIONS","0952-1895"
"1750","HOUSING_POLICY_DEBATE","1051-1482"
"1751","INTERNATIONAL_JOURNAL_OF_FINANCE_&_ECONOMICS","1076-9307"
"1752","INTERNATIONAL_JOURNAL_OF_URBAN_SCIENCES","1226-5934"
"1753","JOURNALISM","1464-8849"
"1754","JOURNAL_OF_APPLIED_BEHAVIOR_ANALYSIS","0021-8855"
"1755","JOURNAL_OF_BUSINESS_FINANCE_&_ACCOUNTING","0306-686X"
"1756","JOURNAL_OF_CAREER_DEVELOPMENT","0894-8453"
"1757","JOURNAL_OF_DEVELOPMENT_STUDIES","0022-0388"
"1758","JOURNAL_OF_ECONOMIC_GEOGRAPHY","1468-2702"
"1759","JOURNAL_OF_ETHNOBIOLOGY","0278-0771"
"1760","JOURNAL_OF_EUROPEAN_INTEGRATION","0703-6337"
"1761","INTERNATIONAL_JOURNAL_OF_FORECASTING","0169-2070"
"1762","JOURNAL_OF_COMMUNICATION","0021-9916"
"1763","BIO-DESIGN_AND_MANUFACTURING","2096-5524"
"1764","BUSINESS_&_INFORMATION_SYSTEMS_ENGINEERING","2363-7005"
"1765","COMPUTERS_&_INDUSTRIAL_ENGINEERING","0360-8352"
"1766","IEEE_TRANSACTIONS_ON_MOBILE_COMPUTING","1536-1233"
"1767","PHYTOMEDICINE","0944-7113"
"1768","SOFT_ROBOTICS","2169-5172"
"1769","SOLAR_RRL","2367-198X"
"1770","JOURNAL_OF_INTERNATIONAL_BUSINESS_POLICY","2522-0691"
"1771","EUROPEAN_PSYCHIATRY","0924-9338"
"1772","AGING_CELL","1474-9718"
"1773","JOURNAL_OF_BEHAVIORAL_ADDICTIONS","2062-5871"
"1774","GOVERNMENT_INFORMATION_QUARTERLY","0740-624X"
"1775","JOURNAL_OF_OPERATIONS_MANAGEMENT","0272-6963"
"1776","JOURNAL_OF_PUBLIC_POLICY_&_MARKETING","0743-9156"
"1777","TOURISM_REVIEW","1660-5373"
"1778","CHAOS_SOLITONS_&_FRACTALS","0960-0779"
"1779","CURRENT_OPINION_IN_CHEMICAL_BIOLOGY","1367-5931"
"1780","IEEE_TRANSACTIONS_ON_ROBOTICS","1552-3098"
"1781","STRENGTH_OF_MATERIALS","0039-2316"
"1782","STUDIA_LOGICA","0039-3215"
"1783","STUDIA_SCIENTIARUM_MATHEMATICARUM_HUNGARICA","0081-6906"
"1784","TECHNICAL_PHYSICS","1063-7842"
"1785","TELOPEA","0312-9764"
"1786","THALASSAS","0212-5919"
"1787","TOPOLOGICAL_METHODS_IN_NONLINEAR_ANALYSIS","1230-3429"
"1788","TRANSFORMATION_GROUPS","1083-4362"
"1789","TURKISH_JOURNAL_OF_PEDIATRICS","0041-4301"
"1790","VIE_ET_MILIEU-LIFE_AND_ENVIRONMENT","0240-8759"
"1791","ZEITSCHRIFT_FUR_GEBURTSHILFE_UND_NEONATOLOGIE","0948-2393"
"1792","ZENTRALBLATT_FUR_CHIRURGIE","0044-409X"
"1793","ZOOLOGY_IN_THE_MIDDLE_EAST","0939-7140"
"1794","ACM_TRANSACTIONS_ON_COMPUTATION_THEORY","1942-3454"
"1795","ACOUSTICAL_SCIENCE_AND_TECHNOLOGY","1346-3969"
"1796","ACTA_MATHEMATICA_UNIVERSITATIS_COMENIANAE","0231-6986"
"1797","ACTA_MECHANICA_ET_AUTOMATICA","1898-4088"
"1798","ACTA_NEUROPSYCHOLOGICA","1730-7503"
"1799","AD_ALTA-JOURNAL_OF_INTERDISCIPLINARY_RESEARCH","1804-7890"
"1800","ADULTSPAN_JOURNAL","1524-6817"
"1801","EPJ_APPLIED_METAMATERIALS","2272-2394"
"1802","EUROPEAN_COUNTRYSIDE","1803-8417"
"1803","EUROPEAN_JOURNAL_OF_COMPARATIVE_ECONOMICS","1824-2979"
"1804","GMS_JOURNAL_FOR_MEDICAL_EDUCATION","2366-5017"
"1805","HEALTH_SERVICES_RESEARCH_AND_MANAGERIAL_EPIDEMIOLOGY","2333-3928"
"1806","INTERNATIONAL_JOURNAL_OF_MATHEMATICAL_ENGINEERING_AND_MANAGEMENT_SCIENCES","2455-7749"
"1807","JOURNAL_OF_GENERAL_AND_FAMILY_MEDICINE","2189-7948"
"1808","JOURNAL_OF_KIDNEY_CANCER_AND_VHL","2203-5826"
"1809","LEARNING_AND_TEACHING_IN_HIGHER_EDUCATION-GULF_PERSPECTIVES","2077-5504"
"1810","NONPROFIT_POLICY_FORUM","2194-6035"
"1811","PROBABILITY_SURVEYS","1549-5787"
"1812","RESEARCH_AND_REPORTS_IN_UROLOGY","2253-2447"
"1813","REVIEW_OF_ECONOMICS_AND_POLITICAL_SCIENCE","2356-9980"
"1814","REVISTA_DE_ARTES_MARCIALES_ASIATICAS","2174-0747"
"1815","SICOT-J","2426-8887"
"1816","STATISTICS_AND_PUBLIC_POLICY","2330-443X"
"1817","ADAPTIVE_BEHAVIOR","1059-7123"
"1818","ADVANCES_IN_NURSING_SCIENCE","0161-9268"
"1819","AFRICAN_ARCHAEOLOGICAL_REVIEW","0263-0338"
"1820","AFRICAN_STUDIES_REVIEW","0002-0206"
"1821","JOURNAL_OF_GEOGRAPHICAL_SYSTEMS","1435-5930"
"1822","JOURNAL_OF_THE_JAPANESE_AND_INTERNATIONAL_ECONOMIES","0889-1583"
"1823","LANGUAGE_ASSESSMENT_QUARTERLY","1543-4303"
"1824","LAW_&_SOCIETY_REVIEW","0023-9216"
"1825","LIBRARY_&_INFORMATION_SCIENCE_RESEARCH","0740-8188"
"1826","MANAGEMENT_AND_ORGANIZATION_REVIEW","1740-8776"
"1827","MANAGERIAL_AUDITING_JOURNAL","0268-6902"
"1828","MARINE_RESOURCE_ECONOMICS","0738-1360"
"1829","PHYSIOLOGY_&_BEHAVIOR","0031-9384"
"1830","RESOURCE_AND_ENERGY_ECONOMICS","0928-7655"
"1831","SOCIAL_PSYCHOLOGY_OF_EDUCATION","1381-2890"
"1832","SOCIAL_WORK","0037-8046"
"1833","SOCIOLOGY_OF_HEALTH_&_ILLNESS","0141-9889"
"1834","SOCIOLOGY-THE_JOURNAL_OF_THE_BRITISH_SOCIOLOGICAL_ASSOCIATION","0038-0385"
"1835","SPORT_EDUCATION_AND_SOCIETY","1357-3322"
"1836","TEACHER_EDUCATION_AND_SPECIAL_EDUCATION","0888-4064"
"1837","THEORY_AND_SOCIETY","0304-2421"
"1838","WORK_AND_OCCUPATIONS","0730-8884"
"1839","ADVANCED_COMPOSITE_MATERIALS","0924-3046"
"1840","AMERICAN_JOURNAL_OF_SCIENCE","0002-9599"
"1841","JOURNAL_OF_CELL_BIOLOGY","0021-9525"
"1842","MATERIALS_TODAY_SUSTAINABILITY","2589-2347"
"1843","NETWORK-COMPUTATION_IN_NEURAL_SYSTEMS","0954-898X"
"1844","NEURAL_NETWORKS","0893-6080"
"1845","PROCESS_SAFETY_AND_ENVIRONMENTAL_PROTECTION","0957-5820"
"1846","SEMINARS_IN_IMMUNOLOGY","1044-5323"
"1847","TRANSLATIONAL_RESEARCH","1931-5244"
"1848","WILEY_INTERDISCIPLINARY_REVIEWS-DATA_MINING_AND_KNOWLEDGE_DISCOVERY","1942-4787"
"1849","BRAIN_STIMULATION","1935-861X"
"1850","ELIFE","2050-084X"
"1851","EMBO_REPORTS","1469-221X"
"1852","JOURNAL_OF_CO2_UTILIZATION","2212-9820"
"1853","JOURNAL_OF_MANAGEMENT_INFORMATION_SYSTEMS","0742-1222"
"1854","NBER_MACROECONOMICS_ANNUAL","0889-3365"
"1855","ANNUAL_REVIEW_OF_CANCER_BIOLOGY","2472-3428"
"1856","ARCHIVES_OF_MEDICAL_RESEARCH","0188-4409"
"1857","COMPUTERS_IN_BIOLOGY_AND_MEDICINE","0010-4825"
"1858","CURRENT_OPINION_IN_BIOTECHNOLOGY","0958-1669"
"1859","DEUTSCHES_ARZTEBLATT_INTERNATIONAL","1866-0452"
"1860","DIABETES","0012-1797"
"1861","AFGHANISTAN","2399-357X"
"1862","ALTERNATIVE_LAW_JOURNAL","1037-969X"
"1863","AMERICAN_SOCIOLOGIST","0003-1232"
"1864","ANNALS_OF_ANTHROPOLOGICAL_PRACTICE","2153-957X"
"1865","ANNALS_OF_CORPORATE_GOVERNANCE","2381-6732"
"1866","AOTEAROA_NEW_ZEALAND_SOCIAL_WORK","2463-4131"
"1867","APPLICATIONS_AND_APPLIED_MATHEMATICS-AN_INTERNATIONAL_JOURNAL","1932-9466"
"1868","ARCHIVES_OF_PEDIATRIC_INFECTIOUS_DISEASES","2322-1828"
"1869","ART_&_PERCEPTION","2213-4905"
"1870","ARTS_AND_THE_MARKET","2056-4945"
"1871","ASIAN_CARDIOVASCULAR_&_THORACIC_ANNALS","0218-4923"
"1872","ASIAN_JOURNAL_OF_COMPARATIVE_POLITICS","2057-8911"
"1873","ASIAN_JOURNAL_OF_LAW_AND_ECONOMICS","2194-6086"
"1874","ASIASCAPE-DIGITAL_ASIA","2214-2304"
"1875","ATMOSPHERIC_AND_OCEANIC_OPTICS","1024-8560"
"1876","AUSTRALASIAN_JOURNAL_OF_LOGIC","1448-5052"
"1877","AUSTRALASIAN_JOURNAL_OF_SPECIAL_AND_INCLUSIVE_EDUCATION","2515-0731"
"1878","BMS-BULLETIN_OF_SOCIOLOGICAL_METHODOLOGY-BULLETIN_DE_METHODOLOGIE_SOCIOLOGIQUE","0759-1063"
"1879","BOLLETTINO_DELLA_UNIONE_MATEMATICA_ITALIANA","1972-6724"
"1880","BOYHOOD_STUDIES-AN_INTERDISCIPLINARY_JOURNAL","2375-9240"
"1881","ANNALS_OF_PUBLIC_AND_COOPERATIVE_ECONOMICS","1370-4788"
"1882","ANTHROZOOS","0892-7936"
"1883","APPLIED_ECONOMICS_LETTERS","1350-4851"
"1884","ASIA_EUROPE_JOURNAL","1610-2932"
"1885","AUSTRALASIAN_JOURNAL_ON_AGEING","1440-6381"
"1886","BIOSEMIOTICS","1875-1342"
"1887","BIOSOCIETIES","1745-8552"
"1888","CANADIAN_JOURNAL_OF_ECONOMICS-REVUE_CANADIENNE_D_ECONOMIQUE","0008-4085"
"1889","CHILD_ABUSE_REVIEW","0952-9136"
"1890","CHINA_PERSPECTIVES","2070-3449"
"1891","CHINA_REVIEW-AN_INTERDISCIPLINARY_JOURNAL_ON_GREATER_CHINA","1680-2012"
"1892","CLIOMETRICA","1863-2505"
"1893","COMMUNICATIONS-EUROPEAN_JOURNAL_OF_COMMUNICATION_RESEARCH","0341-2059"
"1894","CONTEMPORARY_NURSE","1037-6178"
"1895","CORPUS_LINGUISTICS_AND_LINGUISTIC_THEORY","1613-7027"
"1896","CRITICAL_CARE_NURSE","0279-5442"
"1897","CULTURAL_GEOGRAPHIES","1474-4740"
"1898","CULTURE_AND_ORGANIZATION","1475-9551"
"1899","CULTURE_&_PSYCHOLOGY","1354-067X"
"1900","DATA_TECHNOLOGIES_AND_APPLICATIONS","2514-9288"
"1901","AMERICAN_NATURALIST","0003-0147"
"1902","ANALYTICAL_BIOCHEMISTRY","0003-2697"
"1903","ANNALS_OF_PHARMACOTHERAPY","1060-0280"
"1904","APPLIED_CLINICAL_INFORMATICS","1869-0327"
"1905","AQUACULTURE_INTERNATIONAL","0967-6120"
"1906","ARABIAN_JOURNAL_FOR_SCIENCE_AND_ENGINEERING","2193-567X"
"1907","ARCHITECTURAL_ENGINEERING_AND_DESIGN_MANAGEMENT","1745-2007"
"1908","BIOCHEMISTRY","0006-2960"
"1909","BIOCHEMISTRY_AND_CELL_BIOLOGY","0829-8211"
"1910","BIOLOGICAL_INVASIONS","1387-3547"
"1911","BIOPOLYMERS","0006-3525"
"1912","BIOTECHNOLOGY_PROGRESS","8756-7938"
"1913","BRAIN_RESEARCH","0006-8993"
"1914","CARDIOVASCULAR_AND_INTERVENTIONAL_RADIOLOGY","0174-1551"
"1915","CEREBROVASCULAR_DISEASES","1015-9770"
"1916","CHAOS","1054-1500"
"1917","CHEMISTRY_&_BIODIVERSITY","1612-1872"
"1918","CHEMPHYSCHEM","1439-4235"
"1919","CHINESE_JOURNAL_OF_INTEGRATIVE_MEDICINE","1672-0415"
"1920","CLINICAL_AND_EXPERIMENTAL_PHARMACOLOGY_AND_PHYSIOLOGY","0305-1870"
"1921","GASTROINTESTINAL_ENDOSCOPY","0016-5107"
"1922","IEEE_JOURNAL_OF_BIOMEDICAL_AND_HEALTH_INFORMATICS","2168-2194"
"1923","IEEE_TRANSACTIONS_ON_INDUSTRIAL_ELECTRONICS","0278-0046"
"1924","INTERNATIONAL_JOURNAL_OF_EPIDEMIOLOGY","0300-5771"
"1925","JOURNAL_OF_ENVIRONMENTAL_CHEMICAL_ENGINEERING","2213-2929"
"1926","MOLECULAR_ECOLOGY_RESOURCES","1755-098X"
"1927","PHYTOCHEMISTRY_REVIEWS","1568-7767"
"1928","RUSSIAN_CHEMICAL_REVIEWS","0036-021X"
"1929","INTERNATIONAL_JOURNAL_OF_BIOMEDICAL_IMAGING","1687-4188"
"1930","ECOSYSTEM_SERVICES","2212-0416"
"1931","GLOBAL_STRATEGY_JOURNAL","2042-5791"
"1932","JOURNAL_OF_ADOLESCENT_HEALTH","1054-139X"
"1933","JOURNAL_OF_CHILD_PSYCHOLOGY_AND_PSYCHIATRY","0021-9630"
"1934","JOURNAL_OF_MANUFACTURING_TECHNOLOGY_MANAGEMENT","1741-038X"
"1935","JOURNAL_OF_PERSONALITY_AND_SOCIAL_PSYCHOLOGY","0022-3514"
"1936","TRANSPORTATION_RESEARCH_PART_D-TRANSPORT_AND_ENVIRONMENT","1361-9209"
"1937","ALIMENTARY_PHARMACOLOGY_&_THERAPEUTICS","0269-2813"
"1938","ANTIVIRAL_RESEARCH","0166-3542"
"1939","BLOOD_ADVANCES","2473-9529"
"1940","JOURNAL_OF_DENTAL_RESEARCH","0022-0345"
"1941","BRAZILIAN_JOURNAL_OF_ANALYTICAL_CHEMISTRY","2179-3425"
"1942","BREAST_CANCER_MANAGEMENT","1758-1923"
"1943","BRITISH_JOURNAL_OF_MUSIC_THERAPY","1359-4575"
"1944","CAMBRIDGE_INTERNATIONAL_LAW_JOURNAL","2398-9173"
"1945","CANADIAN_ETHNIC_STUDIES-ETUDES_ETHNIQUES_AU_CANADA","0008-3496"
"1946","CANADIAN_JOURNAL_OF_CAREER_DEVELOPMENT","1499-1845"
"1947","CANADIAN_JOURNAL_OF_LAW_AND_SOCIETY","0829-3201"
"1948","CANADIAN_JOURNAL_OF_SPEECH-LANGUAGE_PATHOLOGY_AND_AUDIOLOGY","1913-2018"
"1949","CAPITAL_MARKETS_LAW_JOURNAL","1750-7219"
"1950","CATALOGING_&_CLASSIFICATION_QUARTERLY","0163-9374"
"1951","CATALYSIS_IN_INDUSTRY","2070-0504"
"1952","CENTRAL_EUROPEAN_PUBLIC_ADMINISTRATION_REVIEW","2591-2240"
"1953","CHILD_&_YOUTH_SERVICES","0145-935X"
"1954","CHILEAN_JOURNAL_OF_STATISTICS","0718-7912"
"1955","CHINESE_JOURNAL_OF_APPLIED_LINGUISTICS","2192-9505"
"1956","CHINESE_JOURNAL_OF_CHROMATOGRAPHY","1000-8713"
"1957","CITY_&_SOCIETY","0893-0465"
"1958","CIVIL_AND_ENVIRONMENTAL_ENGINEERING_REPORTS","2080-5187"
"1959","CLINICAL_ADVANCES_IN_PERIODONTICS","2573-8046"
"1960","CLINICAL_DIABETOLOGY","2450-8187"
"1961","DEFENCE_AND_PEACE_ECONOMICS","1024-2694"
"1962","DEVIANT_BEHAVIOR","0163-9625"
"1963","ECONOMIST-NETHERLANDS","0013-063X"
"1964","EUROPEAN_SECURITY","0966-2839"
"1965","EVALUATION_AND_PROGRAM_PLANNING","0149-7189"
"1966","GAIA-ECOLOGICAL_PERSPECTIVES_FOR_SCIENCE_AND_SOCIETY","0940-5550"
"1967","GENEVA_PAPERS_ON_RISK_AND_INSURANCE-ISSUES_AND_PRACTICE","1018-5895"
"1968","HIGHER_EDUCATION_POLICY","0952-8733"
"1969","INTERNATIONAL_DEVELOPMENT_PLANNING_REVIEW","1474-6743"
"1970","INTERNATIONAL_FEMINIST_JOURNAL_OF_POLITICS","1461-6742"
"1971","INTERNATIONAL_JOURNAL_OF_APPLIED_LINGUISTICS","0802-6106"
"1972","INTERNATIONAL_JOURNAL_OF_MOBILE_COMMUNICATIONS","1470-949X"
"1973","INTERNATIONAL_JOURNAL_OF_TRANSITIONAL_JUSTICE","1752-7716"
"1974","INTERNATIONAL_RELATIONS","0047-1178"
"1975","JOURNAL_OF_AFRICAN_ECONOMIES","0963-8024"
"1976","JOURNAL_OF_BEHAVIORAL_AND_EXPERIMENTAL_ECONOMICS","2214-8043"
"1977","JOURNAL_OF_CONTEMPORARY_ETHNOGRAPHY","0891-2416"
"1978","JOURNAL_OF_DISABILITY_POLICY_STUDIES","1044-2073"
"1979","JOURNAL_OF_EARLY_CHILDHOOD_LITERACY","1468-7984"
"1980","JOURNAL_OF_ECONOMIC_THEORY","0022-0531"
"1981","CLINICAL_JOURNAL_OF_PAIN","0749-8047"
"1982","COGNITIVE_AFFECTIVE_&_BEHAVIORAL_NEUROSCIENCE","1530-7026"
"1983","COMPUTER_APPLICATIONS_IN_ENGINEERING_EDUCATION","1061-3773"
"1984","COMPUTERS_&_MATHEMATICS_WITH_APPLICATIONS","0898-1221"
"1985","CONNECTIVE_TISSUE_RESEARCH","0300-8207"
"1986","CONTRACEPTION","0010-7824"
"1987","CRITICAL_CARE_AND_RESUSCITATION","1441-2772"
"1988","CURRENT_HEMATOLOGIC_MALIGNANCY_REPORTS","1558-8211"
"1989","CYTOSKELETON","1949-3584"
"1990","DEVELOPMENTAL_AND_COMPARATIVE_IMMUNOLOGY","0145-305X"
"1991","DEVELOPMENTAL_NEUROSCIENCE","0378-5866"
"1992","DIAGNOSTIC_MICROBIOLOGY_AND_INFECTIOUS_DISEASE","0732-8893"
"1993","DIFFERENTIATION","0301-4681"
"1994","DIGITAL_SIGNAL_PROCESSING","1051-2004"
"1995","DRUG_TESTING_AND_ANALYSIS","1942-7603"
"1996","ELECTROPHORESIS","0173-0835"
"1997","ENERGY_SOURCES_PART_A-RECOVERY_UTILIZATION_AND_ENVIRONMENTAL_EFFECTS","1556-7036"
"1998","EUROPEAN_JOURNAL_OF_CLINICAL_PHARMACOLOGY","0031-6970"
"1999","EUROPEAN_JOURNAL_OF_PROTISTOLOGY","0932-4739"
"2000","EVOLUTION_&_DEVELOPMENT","1520-541X"
"2001","JOURNAL_OF_THE_AMERICAN_MEDICAL_DIRECTORS_ASSOCIATION","1525-8610"
"2002","NEUROPSYCHOPHARMACOLOGY","0893-133X"
"2003","PHOTONICS_RESEARCH","2327-9125"
"2004","BIOMEDICINE_&_PHARMACOTHERAPY","0753-3322"
"2005","EUROPEAN_RESPIRATORY_REVIEW","0905-9180"
"2006","FUEL_PROCESSING_TECHNOLOGY","0378-3820"
"2007","NANOPHOTONICS","2192-8606"
"2008","EUROPEAN_MANAGEMENT_JOURNAL","0263-2373"
"2009","FOREIGN_AFFAIRS","0015-7120"
"2010","INTERNATIONAL_JOURNAL_OF_LOGISTICS_MANAGEMENT","0957-4093"
"2011","INTERNATIONAL_JOURNAL_OF_SOCIAL_PSYCHIATRY","0020-7640"
"2012","LEADERSHIP_QUARTERLY","1048-9843"
"2013","POLITICAL_COMMUNICATION","1058-4609"
"2014","ARTIFICIAL_INTELLIGENCE_IN_MEDICINE","0933-3657"
"2015","CIRCULATION-CARDIOVASCULAR_IMAGING","1941-9651"
"2016","CURRENT_OPINION_IN_CELL_BIOLOGY","0955-0674"
"2017","DECISION_SUPPORT_SYSTEMS","0167-9236"
"2018","FRONTIERS_OF_PHYSICS","2095-0462"
"2019","FUTURE_GENERATION_COMPUTER_SYSTEMS-THE_INTERNATIONAL_JOURNAL_OF_ESCIENCE","0167-739X"
"2020","IEEE_JOURNAL_OF_SELECTED_TOPICS_IN_SIGNAL_PROCESSING","1932-4553"
"2021","COMPARATIVE_STUDIES_OF_SOUTH_ASIA_AFRICA_AND_THE_MIDDLE_EAST","1089-201X"
"2022","CONSTELLATIONS-AN_INTERNATIONAL_JOURNAL_OF_CRITICAL_AND_DEMOCRATIC_THEORY","1351-0487"
"2023","CONTEMPORARY_ASIA_ARBITRATION_JOURNAL","1999-9747"
"2024","CONTEMPORARY_REVIEW_OF_THE_MIDDLE_EAST","2347-7989"
"2025","CONTEMPORARY_VOICE_OF_DALIT","2455-328X"
"2026","CREATIVE_NURSING","1078-4535"
"2027","CRIME_PREVENTION_&_COMMUNITY_SAFETY","1460-3780"
"2028","CRITICAL_RESEARCH_ON_RELIGION","2050-3032"
"2029","CUADERNOS_DE_PREHISTORIA_Y_ARQUEOLOGIA-UNIVERSIDAD_AUTONOMA_DE_MADRID","0211-1608"
"2030","CURRENT_EMERGENCY_AND_HOSPITAL_MEDICINE_REPORTS","2167-4884"
"2031","CURRENT_TRAUMA_REPORTS","2198-6096"
"2032","DISTINKTION-JOURNAL_OF_SOCIAL_THEORY","1600-910X"
"2033","ECOSISTEMAS","1697-2473"
"2034","EDUCATION_FOR_HEALTH","1357-6283"
"2035","ELECTRONIC_JOURNAL_OF_APPLIED_STATISTICAL_ANALYSIS","2070-5948"
"2036","ELECTRONIC_JOURNAL_OF_RESEARCH_IN_EDUCATIONAL_PSYCHOLOGY","1699-5880"
"2037","EURASIAN_MINING","2072-0823"
"2038","EUROPEAN_JOURNAL_OF_PURE_AND_APPLIED_MATHEMATICS","1307-5543"
"2039","EUROPEAN_JOURNAL_OF_SOCIAL_SECURITY","1388-2627"
"2040","EUROPEAN_LABOUR_LAW_JOURNAL","2031-9525"
"2041","JOURNAL_OF_EDUCATIONAL_ADMINISTRATION","0957-8234"
"2042","JOURNAL_OF_EMPLOYMENT_COUNSELING","0022-0787"
"2043","JOURNAL_OF_FAMILY_STUDIES","1322-9400"
"2044","JOURNAL_OF_FAMILY_THERAPY","0163-4445"
"2045","JOURNAL_OF_GENETIC_PSYCHOLOGY","0022-1325"
"2046","JOURNAL_OF_MEDICINE_AND_PHILOSOPHY","0360-5310"
"2047","JOURNAL_OF_MENTAL_HEALTH_POLICY_AND_ECONOMICS","1091-4358"
"2048","JOURNAL_OF_PERSONNEL_PSYCHOLOGY","1866-5888"
"2049","JOURNAL_OF_POLITICAL_IDEOLOGIES","1356-9317"
"2050","JOURNAL_OF_PRAGMATICS","0378-2166"
"2051","JOURNAL_OF_PRODUCTIVITY_ANALYSIS","0895-562X"
"2052","JOURNAL_OF_PSYCHOPATHOLOGY_AND_BEHAVIORAL_ASSESSMENT","0882-2689"
"2053","JOURNAL_OF_PUBLIC_CHILD_WELFARE","1554-8732"
"2054","JOURNAL_OF_RATIONAL-EMOTIVE_AND_COGNITIVE-BEHAVIOR_THERAPY","0894-9085"
"2055","JOURNAL_OF_SOCIAL_SERVICE_RESEARCH","0148-8376"
"2056","JOURNAL_OF_SOCIAL_WORK","1468-0173"
"2057","LANGUAGE_POLICY","1568-4555"
"2058","LAW_AND_SOCIAL_INQUIRY-JOURNAL_OF_THE_AMERICAN_BAR_FOUNDATION","0897-6546"
"2059","LINGUISTIC_INQUIRY","0024-3892"
"2060","LINGUISTICS_AND_EDUCATION","0898-5898"
"2061","EXTREMOPHILES","1431-0651"
"2062","FISH_PHYSIOLOGY_AND_BIOCHEMISTRY","0920-1742"
"2063","FOOD_ADDITIVES_AND_CONTAMINANTS_PART_A-CHEMISTRY_ANALYSIS_CONTROL_EXPOSURE_&_RISK_ASSESSMENT","1944-0049"
"2064","FOOD_ADDITIVES_&_CONTAMINANTS_PART_B-SURVEILLANCE","1939-3210"
"2065","FOOD_ANALYTICAL_METHODS","1936-9751"
"2066","FOOD_SCIENCE_AND_BIOTECHNOLOGY","1226-7708"
"2067","FRONTIERS_IN_ENERGY","2095-1701"
"2068","FUNCTIONAL_&_INTEGRATIVE_GENOMICS","1438-793X"
"2069","FUNDAMENTAL_&_CLINICAL_PHARMACOLOGY","0767-3981"
"2070","FUNGAL_ECOLOGY","1754-5048"
"2071","GEOHERITAGE","1867-2477"
"2072","GREY_SYSTEMS-THEORY_AND_APPLICATION","2043-9377"
"2073","HEAD_AND_NECK-JOURNAL_FOR_THE_SCIENCES_AND_SPECIALTIES_OF_THE_HEAD_AND_NECK","1043-3074"
"2074","HPB","1365-182X"
"2075","IEEE_ELECTRICAL_INSULATION_MAGAZINE","0883-7554"
"2076","IEEE_TRANSACTIONS_ON_COMPUTER-AIDED_DESIGN_OF_INTEGRATED_CIRCUITS_AND_SYSTEMS","0278-0070"
"2077","IEEE_TRANSACTIONS_ON_HAPTICS","1939-1412"
"2078","INDIAN_JOURNAL_OF_DERMATOLOGY_VENEREOLOGY_&_LEPROLOGY","0378-6323"
"2079","INFORMATICA","0868-4952"
"2080","INTERNATIONAL_JOURNAL_FOR_NUMERICAL_METHODS_IN_ENGINEERING","0029-5981"
"2081","INFECTION","0300-8126"
"2082","MACHINE_LEARNING","0885-6125"
"2083","MODERN_PATHOLOGY","0893-3952"
"2084","THROMBOSIS_RESEARCH","0049-3848"
"2085","ADVANCES_IN_CLIMATE_CHANGE_RESEARCH","1674-9278"
"2086","BREAST_CANCER_RESEARCH","1465-5411"
"2087","JOURNAL_OF_HEADACHE_AND_PAIN","1129-2369"
"2088","JOURNAL_OF_MICROBIOLOGY_IMMUNOLOGY_AND_INFECTION","1684-1182"
"2089","NANOTECHNOLOGY_REVIEWS","2191-9089"
"2090","AGING_AND_DISEASE","2152-5250"
"2091","JOURNAL_OF_MEDICAL_INTERNET_RESEARCH","1438-8871"
"2092","LANCET_REGIONAL_HEALTH-AMERICAS","2667-193X"
"2093","BUSINESS_HORIZONS","0007-6813"
"2094","DEPRESSION_AND_ANXIETY","1091-4269"
"2095","ANALYTICAL_CHEMISTRY","0003-2700"
"2096","BEST_PRACTICE_&_RESEARCH_CLINICAL_ENDOCRINOLOGY_&_METABOLISM","1521-690X"
"2097","BLOOD_REVIEWS","0268-960X"
"2098","BUILDING_AND_ENVIRONMENT","0360-1323"
"2099","CIRCULATION-GENOMIC_AND_PRECISION_MEDICINE","2574-8300"
"2100","CONSTRUCTION_AND_BUILDING_MATERIALS","0950-0618"
