"","ISSN","ISSN2","title","peerreview"
"X.1","2666-5050 (online)",NA,"Heritage, Memory and Conflict (HMC)","Double blind"
"X.2","2750-8242 (online)  1617-8467 (print)",NA,"Geologica Saxonica","Single blind"
"X.3","2667-9809 (online) 1512-1720 (print)",NA,"Caucasiana","Double blind"
"X.4","2712-7508 (online) 2712-7702 (print)",NA,"BRICS Journal of Economics","Double blind"
"X.5","2710-298X (online) 1026-4949 (print)",NA,"Biosystematics and Ecology (BiosystEcol)","Single blind"
"X.6","1864-8312 (online) 1863-7221 (print)",NA,"Arthropod Systematics & Phylogeny","Single blind"
"X.7","1816-2711",NA,"Pakistan Journal of Statistics and Operation Research","Double blind"
"X.8","1435-1943","1860-1014","Fossil Record","Single blind"
"X.9","2767-3200",NA,"PLOS Climate","Single blind"
"X.10","2767-3170",NA,"PLOS Digital Health","Single blind"
"X.11","2767-3375",NA,"PLOS Global Public Health","Single blind"
"X.12","2767-3197",NA,"PLOS Sustainability and Transformation","Single blind"
"X.13","2767-3219",NA,"PLOS Water","Single blind"
"X.14","1438-8871",NA,"JMIR (Journal of Medical Internet Research)","Not blinded"
"X.15","1929-0748",NA,"JMIR Research Protocols","Not blinded"
"X.16","1929-073X",NA,"i-JMR (interactive Journal of Medical Research)","Not blinded"
"X.17","1923-2195",NA,"Medicine 2.0","Not blinded"
"X.18","2291-5222",NA,"JMIR mHealth & uHealth","Not blinded"
"X.19","2291-9279",NA,"JMIR Serious Games","Not blinded"
"X.20","2291-9694",NA,"MIR Medical Informatics","Not blinded"
"X.21","2292-9495",NA,"JMIR Human Factors","Not blinded"
"X.22","2368-7959",NA,"MIR Mental Health","Not blinded"
"X.23","2369-2529",NA,"JMIR Rehabilitation and Assistive Technologies","Not blinded"
"X.24","2369-3762",NA,"JMIR Medical Education","Not blinded"
"X.25","2369-1999",NA,"JMIR Cancer","Not blinded"
"X.26","2369-2960",NA,"JMIR Public Health and Surveillance","Not blinded"
"X.27","2369-6893",NA,"iProceedings","Not blinded"
"X.29","2371-4379",NA,"JMIR Diabetes","Not blinded"
"X.30","2561-3278",NA,"JMIR Biomedical Engineering","Not blinded"
"X.31","2561-1011",NA,"JMIR Cardio","Not blinded"
"X.32","2561-326X",NA,"JMIR Formative Research","Not blinded"
"X.33","2152-7202",NA,"Journal of Participatory Medicine","Not blinded"
"X.34","2562-0959",NA,"JMIR Dermatology","Not blinded"
"X.35","2561-6722",NA,"JMIR Pediatrics and Parenting","Not blinded"
"X.36","2561-7605",NA,"JMIR Aging","Not blinded"
"X.37","2561-9128",NA,"JMIR Perioperative Medicine","Not blinded"
"X.38","2562-7600",NA,"JMIR Nursing","Not blinded"
"X.40","2563-3570",NA,"JMIR Bioinformatics and Biotechnology","Not blinded"
"X.41","2563-6316",NA,"JMIRx|Med ","Not blinded"
"X.44","2564-1891",NA,"JMIR Infodemiology","Not blinded"
"X.45","2683-2143",NA,"QVADRATA. Estudios sobre Educación, Artes y Humanidades","Double blind"
"X.46","2621-4814",NA,"Borneo Journal of Pharmacy","Double blind"
"X.47","1983-5213",NA,"Revista Ibero-americana de Ciência da Informação","Double blind"
"X.48","1028-9933",NA,"Revista Información Científica","Double blind"
"X.49","2477-8850",NA,"Siembra","Double blind"
"X.50","2448-539X",NA,"Culturales","Double blind"
"X.51","2527-1075",NA,"eISSN 2527-1075 - The Journal of Engineering and Exact Sciences
REVES - Revista Relações Sociais (eISSN 2595-4490)
","Double blind"
"X.52","2518-3354",NA,"European Science Editing","Single blind"
"X.53","2177-8566",NA,"Revista Poiésis","Double blind"
"X.54","2007-1094",NA,"Apertura","Double blind"
"X.55","2007-3607",NA,"Paakat: Revista de Tecnología y Sociedad","Double blind"
"X.56","2346-3910",NA,"GEON","Double blind"
"X.57","1390-6542",NA,"Enfoque UTE","Double blind"
"X.58","2236-1987",NA,"Journal of Nursing and Health","Double blind"
"X.59","2224-2708",NA,"Journal of Sensor and Actuator Networks","Single blind"
"X.60","2338-1353",NA,"Journal of ASEAN Studies","Double blind"
"X.61","2460-710X",NA,"Lingua Cultura","Double blind"
"X.62","1734-1515",NA,"Acta Ichthyologica et Piscatoria","Single blind"
"X.63","2523-1715",NA,"Journal of College of Sharia and Islamic Studies","Double blind"
"X.64","2283-5733",NA,"Global & Regional Health Technology Assessment
","Double blind"
"X.65","1941-7039",NA,"American Journal of Engineering and Applied Sciences","Not blinded"
"X.66","2460-7010",NA,"CommIT (Communication and Information Technology) Journal","Double blind"
"X.67","2087-1228",NA,"Binus Business Review","Double blind"
"X.73","2686-9012",NA,"Economic Consultant","Double blind"
"X.74","1545-8490 (Print)  1545-8504 (Online)",NA,"Decision Analysis","Double blind"
"X.75","2391-6389",NA,"Studia z Polityki Publicznej/Public Policy Studies","Double blind"
"X.76","2476-907X",NA,"ComTech: Computer, Mathematics and Engineering Applications","Double blind"
"X.77","2622-5905",NA,"Health Information : Jurnal Penelitian","Double blind"
"X.78","2046-6390",NA,"Biology Open","Single blind"
"X.79","1754-8403","1754-8411","Disease Models & Mechanisms","Single blind"
"X.92","2465-2628",NA,"AboutOpen","Single blind"
"X.93","2283-5733",NA,"Global & Regional Health Technology Assessment
","Single blind"
"X.94","1177-3928",NA,"Drug Target Insights","Single blind"
"X.95","1849-4544",NA,"Journal of Circulating Biomarkers","Single blind"
"X.96","2705-0076",NA,"Giornale di Clinica Nefrologica e Dialisi","Single blind"
"X.98","1701-2163",NA,"Journal of Obstetrics and Gynaecology Canada","Double blind"
"X.99","1312-6431",NA,"Neurosonology and Cerebral Hemodynamics","Single blind"
"X.100","2544-3275",NA,"Budownictwo i Architektura
","Double blind"
"X.101","2391-6761",NA,"Informatyka, Automatyka, Pomiary w Gospodarce i Ochronie Środowiska","Double blind"
"X.102","2544-0764",NA,"Journal of Computer Sciences Institute
","Double blind"
"X.103","2543-6422",NA,"Protection of Cultural Heritage","Double blind"
"X.104","1941-7020",NA,"American Journal of Engineering and Applied Sciences","Single blind"
"X.105","2178-2679",NA,"Revista Práxis Educacional","Double blind"
"X.106","2231-5209; 0974-9411",NA,"Journal of Applied and Natural Science","Double blind"
"X.107","2582-0400",NA,"Litinfinite Journal","Double blind"
"X.108","2455-1503",NA,"The Researchers","Double blind"
"X.109","2348-991X ",NA,"International Journal of Medical Science and Clinical invention","Double blind"
"X.110","2632-3834",NA,"Qeios","Open (not blinded) Post-Publication"
"X.111","2518-3354",NA,"European Sciense Editing","Single blind"
"X.112","2683-1015","1310-7488","Bʺlgarska kardiologiâ","Single blind"
"X.113","2704-6192","2280-1855","Plant Sociology","Single blind"
"X.114","1311-8706 ",NA,"Silva Balcanica","Single blind"
"X.115","2312-1033",NA,"Research journal of innovative ideas and thoughts","Double blind"
"X.116","2503-040X",NA,"REGISTER JOURNAL","Double blind"
"X.117","1017-995X",NA,"Acta Orthopaedica et Traumatologica Turcica","Double blind"
"X.118","1578-665X","2014-928X","Animal Biodiversity and Conservation
","Single blind"
"X.119","1698-0476",NA,"Arxius de Miscel·lània Zoològica","Single blind"
"X.120","1130-4995","2385-4499","Treballs del Museu de Geologia de Barcelona","Single blind"
"X.121","2658-5561",NA,"Bulletin Social-Economic and Humanitarian Research","Double blind"
"X.122","2732-5164",NA,"Sushruta Journal of Health Policy & Opinions","Not blinded"
"X.123","2732 - 5148",NA,"The Physician","Not blinded"
"X.124","2525-1295",NA,"Estudios económicos","Triple blind"
"X.125","1317-0570/2343-5763",NA,"Telos: Revista de Estudios Interdisciplinarios en Ciencias Sociales","Double blind"
"X.126","2658-4255",NA,"Russian Arctic","Single blind"
"X.127","ISSN 2367-5705 (Print)","ISSN 2367-8704 (Online)","English Studies at NBU","Double blind"
"X.128","2222-5234 (Online)","2220-6655 (Print)","International Journal of Biosciences (IJB)","Double blind"
"X.129","1975-5937",NA,"Journal of Educational Evaluation for Health Professions","Single blind"
"X.130","2545-6377",NA,"Revista del Museo de La Plata","Single blind"
"X.131","2217-8309",NA,"TEM Journal","Double blind"
"X.132","2622-5905",NA,"Health Information : Jurnal Penelitian","Double blind"
"X.133","2456-2069",NA,"Journal of Social Work Education and Practice","Double blind"
"X.134","pISSN: 1225-6463","eISSN: 2233-7326","ETRI Journal","Double blind"
"X.135","2071-1050",NA,"Sustainability
","Single blind"
"X.136","2415-0304",NA,"Empirical Economic Review","Double blind"
"X.137","0973-2063",NA,"BIOINFORMATION","Not blinded"
"X.138","2448-6248",NA,"Voces de la Educación","Double blind"
"X.139","2525-3468",NA,"Informação em Pauta","Double blind"
"X.140","1025-0255",NA,"Archivo Médico de Camagüey","Double blind"
"X.141","2211-8160",NA,"Global Heart","Single blind"
"X.142","0011-748X","0976-464X","Defence Science Journal","Double blind"
"X.143","0120-4645",NA,"Cuadernos de administracion","Double blind"
"X.144","2307-8553",NA,"Asian Journal of Agriculture and Biology","Double blind"
"X.145","2645-9132",NA,"ULUM","Double blind"
"X.146","3075-079","1470-174X","Studies in Higher Education","Double blind"
"X.147","1815-60","1573-174X","Higher Education","Double blind"
"X.148","4873-33",NA,"Research Policy","Double blind"
"X.149","2212-4438",NA,"Journal of the World Federation of Orthodontists","Double blind"
"X.150","2617-541X",NA,"Lex Portus","Double blind"
"X.151","2617-541X",NA,"Lex Portus","Not blinded"
"X.152","2688-9374",NA,"Liberal Studies","Not blinded"
"X.153","1998-4634",NA,"Eminak","Double blind"
"X.154","P-ISSN: 2322-2913 E-ISSN: 2345-640x",NA,"The International Journal of Medical Investigation","Double blind"
"X.155","2300-5076",NA,"Physical Activity Review","Double blind"
"X.156","0019-462X",NA,"Indian Drugs","Double blind"
"X.157","2236-269X",NA,"Independent Journal of Management & Production","Double blind"
"X.158","1788-7119",NA,"European Journal of Mental Health","Double blind"
"X.159","2415-6698",NA,"Advances in Science, Technology and Engineering Systems Journal","Double blind"
"X.160","2226-0994","2414-5904","The Journal of V. N. Karazin Kharkiv National University, Series ""Philosophy. Philosophical Peripeteias""","Double blind"
"X.161","1666-1680",NA,"Técnica Administrativa","Double blind"
"X.162","2651-3978","2636-8110","Hitit University Journal of Divinity Faculty","Double blind"
"X.163","2451-3202","2543-702X","Studia Historiae Scientiarum","Double Blind and Single Blind and Not blined in rare cases - see ""Peer review policy"" URL"
"X.164","2603-431X ",NA,"Viticulture Data Journal (VDJ)","Single blind"
"X.165","2048-043","1314-2143","Folia Medica","Single blind"
"X.166","2367-7163",NA,"Research Ideas and Outcomes (RIO)","Single blind"
"X.167","1561-2937",NA,"Revista Cubana de Cardiología y Cirugía Cardiovascular","Double blind"
"X.169","2477-9628",NA,"Kasmera","Double blind"
"X.170","0255-965X","1842-4309","Notulae Botanicae Horti Agrobotanici Cluj-Napoca","Double blind"
"X.171","2067-3205","2067-3264","Notulae Scientia Biologicae","Double blind"
"X.172","2455-3166",NA,"Journal of Research in Traditional Medicine","Double blind"
"X.173","2395-8200",NA,"Economía Creativa","Double blind"
"X.174","2475-8752",NA,"Fórum Empresarial","Double blind"
"X.175","2043-6262",NA,"Advances in Natural Sciences: Nanoscience and Nanotechnology","Double blind"
"X.176","1816-2711","2220-5810","Pakistan Journal of Statistics and Operation Research","Double blind"
"X.177","2617-5770",NA,"SEISENS Journal of Management","Double blind"
"X.178","2217-2661",NA,"International Journal of Industrial Engineering and Management","Double blind"
"X.179","1932-6203",NA,"PLOS ONE","Single blind"
"X.180","1544-9173","1545-7885","PLOS Biology","Single blind"
"X.181","1549-1277","1549-1676","PLOS Medicine","Single blind"
"X.182","1553-7390","1553-7404","PLOS Genetics","Single blind"
"X.183","1553-7366","1553-7374","PLOS Pathogens","Single blind"
"X.184","1935-2727","1935-2735","PLOS Neglected Tropical Diseases","Single blind"
"X.185","1553-734X","1553-7358","PLOS Computational Biology","Single blind"
"X.186","2076-3387",NA,"Administrative Sciences","Double blind"
"X.187","2076-0752",NA,"Arts","Double blind"
"X.188","2075-5309",NA,"Buildings","Double blind"
"X.189","2624-8549",NA,"Chemistry","Single blind"
"X.190","2079-9721",NA,"Diseases","Single blind"
"X.191","1507-3866","1507-3866","Econometrics","Single blind"
"X.192","2227-7099",NA,"Economies","Double blind"
"X.193","2162-9463",NA,"Education","Double blind"
"X.194","2073-4336",NA,"Games","Double blind"
"X.195","2313-5778",NA,"Genealogy","Double blind"
"X.196","2076-0787","2076-0787","Humanities","Double blind"
"X.197","2079-3200",NA,"Journal of Intelligence","Double blind"
"X.199","2226-471X",NA,"Languages","Double blind"
"X.200","2075-471X",NA,"Laws","Double blind"
"X.201","2571-6182",NA,"Plasma","Single blind"
"X.202","2077-1444",NA,"Religions","Double blind"
"X.203","2326-9863",NA,"Social Sciences","Double blind"
"X.204","2075-4698",NA,"Societies","Double blind"
"X.205","2571-9637",NA,"Surfaces","Double blind"
"X.206","2072-6651","2072-6651","Toxins","Double blind"
"X.210","2465-2628","2465-2628","AboutOpen","Single blind"
"X.211","1612-6033","1612-6041","Zeithistorische Forschungen/Studies in Contemporary History","double blind for longer articles in open issues, not blinded in special issues and for shorter contributions"
"X.212"," 2367-9212",NA,"Bulgarian Journal of Soil Science ","Double blind"
"X.213","2398-8835",NA,"Health Science Reports","Single blind"
"X.214","1758-2946","1758-2946","Journal of Cheminformatics","Single blind, but reviewers have the freedom to sign their reviews."
"X.216","2639-5347",NA,"WikiJournal of Humanities","Not blinded"
"X.217","2002-4436",NA,"WikiJournal of Medicine","Not blinded"
"X.225","1860-5397",NA,"Beilstein Journal of Organic Chemistry","Single blind"
"X.226","2190-4286",NA,"Beilstein Journal of Nanotechnology
","Single blind"
"X.227","1253-611","2651-0561","Ramathibodi Medical Journal","Double blind"
"X.230","2313-4895",NA,"Kyiv-Mohyla Humanities Journal","Double blind"
"X.231","1754-6605","1754-6605","ecancermedicalscience","Single blind"
"X.232","4628-0","1538-3873","Publications of the Astronomical Society of the Pacific","Single blind"
"X.233","1253-611","2651-0561","Ramathibodi Medical Journal","Unsure/not specified"
"X.234","2521-327X",NA,"Quantum","Single blind"
"X.235","2250-96",NA,"Journal of the Mechanics and Physics of Solids","Single blind"
"X.236","2250-96",NA,"Journal of the Mechanics and Physics of Solids","Single blind"
"X.237","2179-7994",NA,"Revista Brasileira de Medicina de Família e Comunidade","Double blind"
"X.238","1754-8403",NA,"Disease Models & Mechanisms","Single blind"
"X.239","2046-6390",NA,"Biology Open","Single blind"
"X.240","2046-1402",NA,"F1000 Research","open (not blinded) post publication "
"X.241","2398-502X",NA,"Wellcome Open Research","open (not blinded) post publication "
"X.242","2572-4754",NA,"Gates Open Research","open (not blinded) post publication "
"X.243","2515-9321",NA,"AAS Open Research","open (not blinded) post publication "
"X.244","2515-4826",NA,"HRB Open Research","open (not blinded) post publication "
"X.245","2517-6900",NA,"AMRC Open Research","open (not blinded) post publication "
"X.246","2515-5059",NA,"MNI Open Research","open (not blinded) post publication "
"X.248","2054-5703","2054-5703","Royal Society Open Science","Single blind"
"X.249","2046-2441","2046-2441","Open Biology","Single blind"
"X.250","1398-9219","1600-0854","Traffic","Single blind"
"X.251","2470-6345",NA,"WikiJournal of Science","Not blinded"
"X.253","1398-9219","1600-0854","Traffic","Single blind"
"X.254","6497-1","1528-0020","Blood","Unsure/not specified"
"X.255","0953-816X","1460-9568","European Journal of Neuroscience","Not blinded"
"X.257","9059-180","1600-0617","European Respiratory Review","Single blind"
"X.258","2312-0541",NA,"ERJ Open Research","Single blind"
"X.259","1810-6838","2073-4735","Breathe","Single blind"
"X.260","1932-6203",NA,"PLOS ONE","Single blind"
"X.261","1544-9173","1545-7885","PLOS Biology","Single blind"
"X.262","1549-1277","1549-1676","PLOS Medicine","Single blind"
"X.263","1553-7390","1553-7404","PLOS Genetics","Single blind"
"X.264","1553-7366","1553-7374","PLOS Pathogens","Single blind"
"X.265","1935-2735",NA,"PLOS Neglected Tropical Diseases","Single blind"
"X.266","2347-4688","2321-9971","Current Agriculture Research Journal","Double blind"
"X.267","9734-929","2320-8031","Current World Environment","Double blind"
"X.270","1064-6671",NA,"SPE Drilling & Completion","Single blind"
"X.271","1930-1855",NA,"SPE Production & Operations","Single blind"
"X.274","1086-055X",NA,"SPE Journal","Single blind"
"X.275","8923-310","8923-310","Journal of Scientific Exploration","Single blind"
"X.276","1663-4365",NA,"Frontiers in Aging Neuroscience","Single blind"
"X.277","2297-4687",NA,"Frontiers in Applied Mathematics and Statistics","Single blind"
"X.280","1662-5153","1662-5153","Frontiers in Behavioral Neuroscience","Single blind"
"X.281","2624-909X",NA,"Frontiers in Big Data","Single blind"
"X.282","2296-4185",NA,"Frontiers in Bioengineering and Biotechnology","Single blind"
"X.283","2624-7852",NA,"Frontiers in Blockchain","Single blind"
"X.284","2297-3362",NA,"Frontiers in Built Environment","Single blind"
"X.285","2297-055X",NA,"Frontiers in Cardiovascular Medicine","Single blind"
"X.286","2296-634X",NA,"Frontiers in Cell and Developmental Biology","Single blind"
"X.287","2235-2988",NA,"Frontiers in Cellular and Infection Microbiology","Single blind"
"X.288","1662-5102","1662-5102","Frontiers in Cellular Neuroscience","Single blind"
"X.289","2296-2646",NA,"Frontiers in Chemistry","Single blind"
"X.290","2297-900X",NA,"Frontiers in Communication","Single blind"
"X.291","1662-5188","1662-5188","Frontiers in Computational Neuroscience","Single blind"
"X.292","2297-2668",NA,"Frontiers in Digital Humanities","Single blind"
"X.293","2296-6463",NA,"Frontiers in Earth Science","Single blind"
"X.294","2296-701X",NA,"Frontiers in Ecology and Evolution","Single blind"
"X.295","2504-284X",NA,"Frontiers in Education","Single blind"
"X.296","1664-2392",NA,"Frontiers in Endocrinology","Single blind"
"X.297","2296-665X",NA,"Frontiers in Environmental Science","Single blind"
"X.298","1663-070X",NA,"Frontiers in Evolutionary Neuroscience","Single blind"
"X.299","2624-893X",NA,"Frontiers in Forests and Global Change","Single blind"
"X.300","1664-8021",NA,"Frontiers in Genetics","Single blind"
"X.301","1662-5161","1662-5161","Frontiers in Human Neuroscience","Single blind"
"X.302","2297-198X",NA,"Frontiers in ICT","Single blind"
"X.303","1664-3224",NA,"Frontiers in Immunology","Single blind"
"X.304","1662-5145","1662-5145","Frontiers in Integrative Neuroscience","Single blind"
"X.305","2296-7745",NA,"Frontiers in Marine Science","Single blind"
"X.306","2296-8016",NA,"Frontiers in Materials","Single blind"
"X.307","2297-3079",NA,"Frontiers in Mechanical Engineering","Single blind"
"X.308","2296-858X",NA,"Frontiers in Medicine","Single blind"
"X.309","1664-302X",NA,"Frontiers in Microbiology","Single blind"
"X.310","2296-889X",NA,"Frontiers in Molecular Biosciences","Single blind"
"X.311","1662-5099","1662-5099","Frontiers in Molecular Neuroscience","Single blind"
"X.312","1662-5110","1662-5110","Frontiers in Neural Circuits","Single blind"
"X.313","1662-5129","1662-5129","Frontiers in Neuroanatomy","Single blind"
"X.314","1662-6427",NA,"Frontiers in Neuroenergetics","Single blind"
"X.315","1662-6443","1662-6443","Frontiers in Neuroengineering","Single blind"
"X.316","1662-5196","1662-5196","Frontiers in Neuroinformatics","Single blind"
"X.317","1664-2295",NA,"Frontiers in Neurology","Single blind"
"X.318","1662-5218",NA,"Frontiers in Neurorobotics","Single blind"
"X.319","1662-4548","1662-453X","Frontiers in Neuroscience","Single blind"
"X.320","2296-861X",NA,"Frontiers in Nutrition","Single blind"
"X.321","2234-943X",NA,"Frontiers in Oncology","Single blind"
"X.322","2296-2360",NA,"Frontiers in Pediatrics","Single blind"
"X.323","1663-9812",NA,"Frontiers in Pharmacology","Single blind"
"X.324","2296-424X",NA,"Frontiers in Physics","Single blind"
"X.325","1664-042X",NA,"Frontiers in Physiology","Single blind"
"X.326","1664-462X",NA,"Frontiers in Plant Science","Single blind"
"X.327","1664-0640",NA,"Frontiers in Psychiatry","Single blind"
"X.328","1664-1078",NA,"Frontiers in Psychology","Single blind"
"X.329","2296-2565",NA,"Frontiers in Public Health","Single blind"
"X.330","2504-0537",NA,"Frontiers in Research Metrics and Analytics","Single blind"
"X.331","2296-9144",NA,"Frontiers in Robotics and AI","Single blind"
"X.332","2297-7775",NA,"Frontiers in Sociology","Single blind"
"X.333","2296-875X",NA,"Frontiers in Surgery","Single blind"
"X.334","2571-581X",NA,"Frontiers in Sustainable Food Systems","Single blind"
"X.335","1663-3563",NA,"Frontiers in Synaptic Neuroscience","Single blind"
"X.337","2297-1769",NA,"Frontiers in Veterinary Science","Single blind"
"X.338","1754-8403","1754-8411","Disease Models & Mechanisms","Single blind"
"X.339","2046-6390",NA,"Biology Open","Single blind"
"X.340","1754-8403","1754-8411","Disease Models & Mechanisms","Single blind"
"X.341","2195-33","1477-9137","Journal of Cell Science","Single blind"
"X.342","2209-49","1477-9145","Journal of Experimental Biology","Single blind"
"X.343","9501-991","1477-9129","Development","Single blind"
"X.344","2413-4155",NA,"Sci","Not blinded"
"X.345","2076-0825",NA,"Actuators","Single blind"
"X.346","2226-4310",NA,"Aerospace","Single blind"
"X.347","2077-0472","2077-0472","Agriculture","Single blind"
"X.348","2624-7402",NA,"AgriEngineering","Single blind"
"X.349","2073-4395",NA,"Agronomy","Single blind"
"X.350","1999-4893",NA,"Algorithms","Single blind"
"X.351","2076-2615",NA,"Animals","Single blind"
"X.352","2079-6382",NA,"Antibiotics","Single blind"
"X.353","2073-4468",NA,"Antibodies","Single blind"
"X.354","2076-3921",NA,"Antioxidants","Single blind"
"X.355","2076-3417",NA,"Applied Sciences","Single blind"
"X.356","2571-5577",NA,"Applied System Innovation","Single blind"
"X.357","1598-3560",NA,"Atmosphere","Single blind"
"X.358","2218-2004",NA,"Atoms","Single blind"
"X.359","2075-1680",NA,"Axioms","Single blind"
"X.360","2313-0105",NA,"Batteries","Single blind"
"X.361","2076-328X",NA,"Behavioral Sciences","Single blind"
"X.362","2306-5710",NA,"Beverages","Single blind"
"X.363","2504-2289",NA,"Big Data and Cognitive Computing","Single blind"
"X.364","2306-5354",NA,"Bioengineering","Single blind"
"X.365","2079-7737",NA,"Biology","Single blind"
"X.366","2227-9059",NA,"Biomedicines","Single blind"
"X.367","2313-7673",NA,"Biomimetics","Single blind"
"X.368","2218-273X",NA,"Biomolecules","Single blind"
"X.369","2079-6374","2079-6374","Biosensors","Double blind"
"X.370","2076-3425",NA,"Brain Sciences","Double blind"
"X.372","2072-6694",NA,"Cancers","Double blind"
"X.373","2073-4344",NA,"Catalysts","Double blind"
"X.374","2073-4409",NA,"Cells","Double blind"
"X.375","2571-6131",NA,"Ceramics","Double blind"
"X.376","2078-1547",NA,"Challenges","Double blind"
"X.377","2305-7084",NA,"ChemEngineering","Double blind"
"X.378","2227-9040",NA,"Chemosensors","Double blind"
"X.379","2227-9067",NA,"Children","Double blind"
"X.380","2225-1154",NA,"Climate","Double blind"
"X.381","2624-5175",NA,"Clocks & Sleep","Double blind"
"X.382","2079-6412",NA,"Coatings","Double blind"
"X.383","2504-5377",NA,"Colloids and Interfaces","Double blind"
"X.384","2079-3197",NA,"Computation","Double blind"
"X.385","2073-431X",NA,"Computers","Double blind"
"X.386","2410-3896",NA,"Condensed Matter","Double blind"
"X.387","2079-9284",NA,"Cosmetics","Double blind"
"X.388","2410-387X",NA,"Cryptography","Double blind"
"X.389","2073-4352",NA,"Crystals","Double blind"
"X.390","2306-5729",NA,"Data","Double blind"
"X.391","2304-6767",NA,"Dentistry Journal","Double blind"
"X.392","2411-9660",NA,"Designs","Double blind"
"X.393","2075-4418",NA,"Diagnostics","Double blind"
"X.394","2079-9721",NA,"Diseases","Double blind"
"X.395","1424-2818",NA,"Diversity","Double blind"
"X.396","2504-446X",NA,"Drones","Double blind"
"X.397","2079-9292",NA,"Electronics","Double blind"
"X.398","1996-1073",NA,"Energies","Double blind"
"X.399","1099-4300",NA,"Entropy","Double blind"
"X.400","2076-3298",NA,"Environments","Double blind"
"X.401","2075-4655",NA,"Epigenomes","Double blind"
"X.402","2311-5637",NA,"Fermentation","Double blind"
"X.403","2079-6439",NA,"Fibers","Double blind"
"X.404","2571-6255",NA,"Fire","Double blind"
"X.405","2410-3888",NA,"Fishes","Double blind"
"X.406","2311-5521",NA,"Fluids","Double blind"
"X.407","2304-8158",NA,"Foods","Double blind"
"X.408","2571-9394",NA,"Forecasting","Double blind"
"X.409","1999-4907",NA,"Forests","Double blind"
"X.410","2504-3110",NA,"Fractal and Fractional","Double blind"
"X.411","1999-5903",NA,"Future Internet","Double blind"
"X.424","2078-2489",NA,"Information","Double blind"
"X.435","2220-9964",NA,"ISPRS International Journal of Geo-Information","Double blind"
"X.448","2077-1312",NA,"Journal of Marine Science and Engineering","Double blind"
"X.449","2624-845X",NA,"Journal of Nanotheranostics","Double blind"
"X.451","2075-4426",NA,"Journal of Personalized Medicine","Double blind"
"X.452","1911-8074",NA,"Journal of Risk and Financial Management","Double blind"
"X.453","2224-2708",NA,"Journal of Sensor and Actuator Networks","Double blind"
"X.454","2073-445X",NA,"Land","Double blind"
"X.455","2075-1729",NA,"Life","Double blind"
"X.456","2305-6290",NA,"Logistics","Double blind"
"X.457","2075-4442",NA,"Lubricants","Double blind"
"X.458","2504-4990",NA,"Machine Learning and Knowledge Extraction","Double blind"
"X.459","2075-1702",NA,"Machines","Double blind"
"X.461","1660-3397",NA,"Marine Drugs","Double blind"
"X.462","1996-1944",NA,"Materials","Double blind"
"X.463","1300-686X",NA,"Mathematical and Computational Applications","Double blind"
"X.464","2227-7390",NA,"Mathematics","Double blind"
"X.475","1422-8599",NA,"Molbank","Double blind"
"X.488","2304-6732",NA,"Photonics","Double blind"
"X.489","2223-7747",NA,"Plants","Double blind"
"X.490","2571-6182",NA,"Plasma","Double blind"
"X.528","2032-6653",NA,"World Electric Vehicle Journal","Double blind"
"X.529","1754-8403","1754-8411","Disease Models & Mechanisms","Single blind"
"X.530","2046-6390",NA,"Biology Open","Single blind"
"X.538","2209-49","1477-9145","Journal of Experimental Biology","Single blind"
"X.539","2046-6390",NA,"Biology Open","Single blind"
"X.540","1754-8403","1754-8411","Disease Models & Mechanisms","Single blind"
"X.541","2195-33","1477-9137","Journal of Cell Science","Single blind"
"X.542","9501-991","1477-9129","Development","Single blind"
"X.544","2050-084X",NA,"eLife","Consultative peer review (reviewers discuss their independent reports with one another and can optionally reveal their names to the authors)"
"X.545","2054-5703","2054-5703","Royal Society Open Science","Single blind"
"X.546","2046-2441","2046-2441","Open Biology","Single blind"
"X.547","2054-5703","2054-5703","Royal Society Open Science","Single blind"
"X.548","9916-3","1399-0004","Clinical Genetics","Single blind"
"X.549","2167-8359",NA,"PeerJ","Optional single blind (reviewers can choose to name themselves)"
"X.550","2376-5992",NA,"PeerJ Computer Science","Optional single blind (reviewers can choose to name themselves)"
"X.554","2398-502X",NA,"Wellcome Open Research","open (not blinded) post publication "
"X.555","2572-4754",NA,"Gates Open Research","open (not blinded) post publication "
"X.556","2515-9321",NA,"AAS Open Research","open (not blinded) post publication "
"X.557","2515-4826",NA,"HRB Open Research","open (not blinded) post publication "
"X.558","2517-6900",NA,"AMRC Open Research","open (not blinded) post publication "
"X.559","2515-5059",NA,"MNI Open Research","open (not blinded) post publication "
"X.562","2637-5923",NA,"Current Research in Digital History","Not blinded"
"X.564","3067-8","1080-6490","American Quarterly","Double blind"
"X.568","8867-356","1548-1360","Cultural Anthropology","Double blind"
"X.571","4409-213","2328-1103","Historical Archaeology","Single blind"
"X.572","2325-6893",NA,"Journal of Southern History","Double blind"
"X.574","1084-5453","1930-8892","Environmental History","Double blind"
"X.576","2162-3309",NA,"Journal of Librarianship and Scholarly Communication","Double blind"
"X.577","2723-433","1533-8576","The Public Historian","Double blind"
"X.583","1944-8007","9482-76","Geophysical Research Letters","Unsure/not specified"
"X.588","2041-8205","2041-8213","The Astrophysical Journal","Single blind"
"X.589","3695-1","3695-1","Applied Physics Letters","Unsure/not specified"
"X.590","3190-07","1079-7114","Physical Review Letters","Unsure/not specified"
"X.591","2041-4889",NA,"Cell Death and Disease","Single blind but double blind optional"
"X.593","1350-9047","1350-9047","Cell Death and Differentiation","Single blind"
"X.595","9286-74",NA,"Cell","Single blind"
"X.598","1748-3387","1748-3395","Nature Nanotechnology","Single blind but double-blind offered"
"X.599","1755-4330","1755-4349","Nature Chemistry","Single blind but double blind optional"
"X.600","1476-1122","1476-4660","Nature Materials","Single blind but double blind optional"
"X.758","9927-689","1432-0576","Annales Geophysicae","Referees can choose to stay anonymous"
"X.760","1867-8548",NA,"Atmospheric Measurement Techniques","Referees can choose to stay anonymous"
"X.761","1726-4189",NA,"Biogeosciences","Referees can choose to stay anonymous"
"X.762","1814-9332",NA,"Climate of the Past","Referees can choose to stay anonymous"
"X.763","1996-9465",NA,"Drinking Water Engineering and Science","Referees can choose to stay anonymous"
"X.764","2196-632X",NA,"Earth Surface Dynamics","Referees can choose to stay anonymous"
"X.765","2190-4987",NA,"Earth System Dynamics","Referees can choose to stay anonymous"
"X.766","1866-3516",NA,"Earth System Science Data","Referees can choose to stay anonymous"
"X.768","2569-7110",NA,"Geoscience Communication","Referees can choose to stay anonymous"
"X.769","1991-9603",NA,"Geoscientific Model Development","Referees can choose to stay anonymous"
"X.770","1607-7938",NA,"Hydrology and Earth System Sciences","Referees can choose to stay anonymous"
"X.772","1607-7946",NA,"Nonlinear Processes in Geophysics","Referees can choose to stay anonymous"
"X.773","1812-0792",NA,"Ocean Science","Referees can choose to stay anonymous"
"X.774","2199-398X",NA,"SOIL","Referees can choose to stay anonymous"
"X.775","1869-9510","1869-9529","Solid Earth","Referees can choose to stay anonymous"
"X.776","1994-0424",NA,"The Cryosphere","Referees can choose to stay anonymous"
"X.777","2366-7451",NA,"Wind Energy Science","Referees can choose to stay anonymous"
"X.778","2163-3967","2163-3975","Advances in Geosciences","Single blind"
"X.779","1684-9973",NA,"Advances in Radio Science","Single blind"
"X.780","1992-0636",NA,"Advances in Science and Research","Single blind"
"X.782","2363-9822",NA,"Archives Animal Breeding","Single blind"
"X.783","2199-3963",NA,"ASTRA Proceedings","Single blind"
"X.785","2625-8137",NA,"DEUQUA Special Publications","Single blind"
"X.786","2199-9090",NA,"E&G Quaternary Science Journal","Single blind"
"X.787","1435-1943","1860-1014","Fossil Record","Single blind"
"X.788","2194-8798",NA,"Geographica Helvetica","Double blind"
"X.790","2190-5029",NA,"History of Geo- and Space Sciences","Single blind"
"X.792","0262-821X","2041-4978","Journal of Micropalaeontology","Single blind"
"X.794","2194-878X",NA,"Journal of Sensors and Sensor Systems","Single blind"
"X.795","2191-916X",NA,"Mechanical Sciences","Single blind"
"X.796","2363-4715",NA,"Primate Biology","Single blind"
"X.797","2199-899X",NA,"Proceedings of the International Association of Hydrological Sciences","Single blind"
"X.798","1816-3459",NA,"Scientific Drilling","Single blind"
"X.799","1868-4564",NA,"Stephan Mueller Special Publication Series","Single blind"
"X.800","1399-1183",NA,"Web Ecology","Single blind"
"X.801","1040-2446",NA,"Academic Medicine","Single blind"
"X.802","1944-8244","1944-8252","ACS Applied Materials & Interfaces","Single Blind"
"X.803","1484-2","1520-4898","Accounts of Chemical Research","Single Blind"
"X.804","2155-5435","2155-5435","ACS Catalysis","Single blind"
"X.805","1427-3","1948-0989","Academy of Management Journal","Double blind"
"X.806","1936-0851","1936-086X","ACS Nano","Single blind"
"X.807","1614-6832","1614-6840","Advanced Energy Materials","Unsure"
"X.808","1616-301X","1616-3028","Advanced Functional Materials","Unsure"
"X.809","9359-648","1521-4095","Advanced Materials","Unsure"
"X.810","2828-2","1944-7981","American Economic Review","Double blind"
"X.811","9258-53","1540-5907","American Journal of Political Science","Double blind"
"X.812","9000-36","1541-0048","American Journal of Public Health","Double blind"
"X.813","3055-4","1537-5943","American Political Science Review","Double blind"
"X.814","3122-4","1939-8271","American Sociological Review","Double blind"
"X.815","1433-7851","1521-3773","Angewandte Chemie International Edition","Single blind"
"X.816","3481-9",NA,"Annals of Internal Medicine","Single blind"
"X.817","9237-534","1569-8041","Annals of Oncology","Unsure"
"X.818","3496-7","1468-2060","Annals of the Rheumatic Diseases","Single blind"
"X.819","1607-383",NA,"Annals of Tourism Research","Double blind"
"X.820","3062-619",NA,"Applied Energy","Single blind"
"X.821","1426-001","1477-450X","Applied Linguistics","Double blind"
"X.822","3695-1","3695-1","Applied Physics Letters","Unsure"
"X.824","1429-612",NA,"Biomaterials","Single blind"
"X.825","6497-1","1528-0020","Blood","Single blind"
"X.826","9598-138","1756-1833","BMJ","Not blinded"
"X.827","1535-6108",NA,"Cancer Cell","Single blind"
"X.828","8547-2","1538-7445","Cancer Research","Unsure"
"X.829","9286-74",NA,"Cell","Single blind"
"X.830","1550-4131",NA,"Cell Metabolism","Single blind"
"X.831","1934-5909",NA,"Cell Stem Cell","Single blind"
"X.833","9266-5","1520-6890","Chemical Reviews","Unsure"
"X.834","3060-012","1460-4744","Chemical Society Reviews","Unsure"
"X.835","8974-756","1520-5002","Chemistry of Materials","Unsure"
"X.836","9732-2","1524-4539","Circulation","Unsure"
"X.837","9733-0","1524-4571","Circulation Research","Single blind"
"X.838","1078-0432","1557-3265","Clinical Cancer Research","Unsure"
"X.839","3601-315",NA,"Computers & Education","Double blind"
"X.840","1495-992","1495-992","Diabetes Care","Single blind"
"X.841","2167-0811","2167-082X","Digital Journalism","Double blind"
"X.842","1296-82","1468-0262","Econometrica","Unsure"
"X.844","0013-936X","1520-5851","Environmental Science & Technology","Unsure"
"X.845","0195-668X","1522-9645","European Heart Journal","Unsure"
"X.846","3022-838","1421-993X","European Urology","Single blind"
"X.847","1650-85",NA,"Gastroenterology","Single blind"
"X.848","8912-432","1552-3977","Gender & Society","Double blind"
"X.849","1944-8007","9482-76","Geophysical Research Letters","Unsure"
"X.850","9593-780",NA,"Global Environmental Change","Double blind"
"X.851","0740-624X",NA,"Government Information Quarterly","Other"
"X.852","1757-49","1468-3288","Gut","Single Blind"
"X.853","2782-715","1544-5208","Health Affairs","Double blind"
"X.854","2709-139","1527-3350","Hepatology","Unsure"
"X.855","1636-804","1558-1896","IEEE Communications Magazine","Unsure"
"X.856","1553-877X","1553-877X","IEEE Communications Surveys & Tutorials","Unsure"
"X.859","1892-86","1558-2523","IEEE Transactions on Automatic Control","Unsure"
"X.860","2780-046","1557-9948","IEEE Transactions on Industrial Electronics","Unsure"
"X.861","1628-828","2160-9292","IEEE Transactions on Pattern Analysis and Machine Intelligence","Unsure"
"X.862","8858-993","1941-0107","IEEE Transactions on Power Electronics","Single blind"
"X.863","1053-587X","1941-0476","IEEE Transactions on Signal Processing","Single blind"
"X.864","1074-7613",NA,"Immunity","Single blind"
"X.866","9255-273",NA,"International Journal of Production Economics","Double blind"
"X.867","2995-5",NA,"Journal of the American Medical Association","Single blind"
"X.868","9167-49",NA,"Journal of Allergy and Clinical Immunology","Unsure"
"X.869","3784-266",NA,"Journal of Banking & Finance","Double blind"
"X.870","1674-544","1573-0697","Journal of Business Ethics","Double blind"
"X.871","1482-963",NA,"Journal of Business Research","Double blind"
"X.872","9596-526",NA,"Journal of Cleaner Production","Single blind"
"X.873","0732-183X","1527-7755","Journal of Clinical Oncology","Single blind"
"X.874","0976-691X","2456-6586","Journal of Communication","Unsure"
"X.875","1475-7508","1475-7516","Journal of Cosmology and Astroparticle Physics","Single blind"
"X.876","8953-309",NA,"Journal of Economic Perspectives","Unsure"
"X.877","2206-63","1939-2176","Journal of Educational Psychology","Double blind"
"X.878","0304-405X",NA,"Journal of Financial Economics","Unsure"
"X.880","1688-278","1688-278","Journal of Hepatology","Unsure"
"X.881","1126-6708","1029-8479","Journal of High Energy Physics","Single blind"
"X.882","1492-063","1557-1211","Journal of Management","Double blind"
"X.884","3782-166",NA,"Journal of Pragmatics","Double blind"
"X.885","2786-3","1520-5126","Journal of the American Chemical Society","Single blind"
"X.886","7351-097",NA,"Journal of the American College of Cardiology","Single blind"
"X.887","4728-91","1573-6601","Journal of Youth and Adolescence","Double blind"
"X.888","1464-8849",NA,"Journalism","Double blind"
"X.889","1751-2786","1751-2794","Journalism Practice","Double blind"
"X.890","1461-670X","1469-9699","Journalism Studies","Double blind"
"X.891","2648-377",NA,"Land Use Policy","Double blind"
"X.892","2383-33","1467-9922","Language Learning","Other"
"X.893","2438-41",NA,"Lingua","Double blind"
"X.895","2519-09","1526-5501","Management Science","Double blind"
"X.897","1097-2765",NA,"Molecular Cell","Unsure"
"X.898","3587-11","1365-8711","Monthly Notices of the Royal Astronomical Society","Single blind"
"X.899","1530-6984","1530-6992","Nano Letters","Unsure"
"X.900","2040-3364","2040-3372","Nanoscale","Unsure"
"X.901","2808-36","1476-4687","Nature","Other"
"X.902","1087-0156","1546-1696","Nature Biotechnology","Other"
"X.903","1465-7392","1476-4679","Nature Cell Biology","Other"
"X.904","1755-4330","1755-4349","Nature Chemistry","Other"
"X.905","1758-678X","1758-6798","Nature Climate Change","Other"
"X.906","2041-1723",NA,"Nature Communications","Other"
"X.907","1061-4036","1546-1718","Nature Genetics","Other"
"X.908","1529-2908","1529-2916","Nature Immunology","Other"
"X.909","1476-1122","1476-4660","Nature Materials","Other"
"X.910","1078-8956","1744-7933","Nature Medicine","Other"
"X.911","1548-7091","1548-7105","Nature Methods","Other"
"X.912","1748-3387","1748-3395","Nature Nanotechnology","Other"
"X.913","1097-6256","1546-1726","Nature Neuroscience","Other"
"X.914","1749-4885","1749-4893","Nature Photonics","Other"
"X.915","1745-2473","1745-2481","Nature Physics","Other"
"X.916","1474-1768","1474-1768","Nature Reviews Cancer","Unsure"
"X.917","1471-0056","1471-0064","Nature Reviews Genetics","Unsure"
"X.918","1474-1741","1474-1741","Nature Reviews Immunology","Unsure"
"X.919","1471-0048","1471-0048","Nature Reviews Neuroscience","Unsure"
"X.923","1053-8119","1095-9572","NeuroImage","Single blind"
"X.924","8966-273",NA,"Neuron","Single blind"
"X.927","3051-048","1362-4962","Nucleic Acids Research","Unsure"
"X.928","2978-28",NA,"Obstetrical & Gynecological Survey","Unsure"
"X.929","1094-4087",NA,"Optics Express","Single blind"
"X.930","3140-05","1098-4275","Pediatrics","Unsure"
"X.931","5540-739",NA,"Philosophical Studies","Double blind"
"X.932","1098-0121","1550-235X","Physical Review B","Single blind"
"X.933","1550-7998","1089-4918","Physical Review D","Single blind"
"X.934","3190-07","1079-7114","Physical Review Letters","Single blind"
"X.935","2160-3308",NA,"Physical Review X","Single blind"
"X.936","3702-693",NA,"Physics Letters B","Single blind"
"X.937","1932-6203",NA,"PLOS ONE","Single blind"
"X.938","2784-24","1091-6490","Proceedings of the National Academy of Sciences","Single blind"
"X.939","3091-325","1477-0288","Progress in Human Geography","Double blind"
"X.940","0033-362X","1537-5331","Public Opinion Quarterly","Double blind"
"X.941","3434-04","1360-0591","Regional Studies","Double blind"
"X.942","1364-0321",NA,"Renewable and Sustainable Energy Reviews","Single blind"
"X.943","4873-33",NA,"Research Policy","Double blind"
"X.944","3465-35","1530-9142","Review of Economics and Statistics","Unsure"
"X.945","3468-61","1539-0756","Reviews of Modern Physics","Single blind"
"X.946","3680-75","1095-9203","Science","Unsure"
"X.947","1946-6234","1946-6242","Science Translational Medicine","Unsure"
"X.948","2045-2322",NA,"Scientific Reports","Single blind"
"X.949","2779-536",NA,"Social Science & Medicine","Double blind"
"X.950","1432-095","1097-0266","Strategic Management Journal","Unsure"
"X.951","3978-57","1573-0964","Synthese","Double blind"
"X.952","0346-251X",NA,"System","Double blind"
"X.953","0742-051X",NA,"Teaching and Teacher Education","Double blind"
"X.954","3983-22","1545-7249","TESOL Quarterly","Unsure"
"X.955","2041-8205","2041-8213","The Astrophysical Journal","Unsure"
"X.956","9443-9","1468-2648","The China Quarterly","Double blind"
"X.958","1434-6044","1434-6052","The European Physical Journal C","Single blind"
"X.960","2210-82","1540-6261","The Journal of Finance","Unsure"
"X.961","1948-7185","1948-7185","The Journal of Physical Chemistry Letters","Single blind"
"X.962","1406-736","1474-547X","The Lancet","Unsure"
"X.963","1474-4422",NA,"The Lancet Neurology","Unsure"
"X.964","1470-2045",NA,"The Lancet Oncology","Unsure"
"X.967","3355-33","1531-4650","The Quarterly Journal of Economics","Unsure"
"X.968","3465-27","1467-937X","The Review of Economic Studies","Unsure"
"X.970","2615-177",NA,"Tourism Management","Double blind"
"X.971","0305-750X",NA,"World Development","Double blind"
"X.972","1085-3375","1687-0409","Abstract and Applied Analysis","Single blind"
"X.973","8827-516","1563-5031","Active and Passive Electronic Components","Single blind"
"X.974","1687-6261","1687-627X","Advances in Acoustics and Vibration","Single blind"
"X.975","2356-654X","2314-7539","Advances in Agriculture","Single blind"
"X.976","1687-7969","1687-7977","Advances in Astronomy","Single blind"
"X.977","1687-8027","1687-8035","Advances in Bioinformatics","Single blind"
"X.978","1687-8086","1687-8094","Advances in Civil Engineering","Single blind"
"X.979","1687-8108","1687-8124","Advances in Condensed Matter Physics","Single blind"
"X.980","1687-7101","1687-711X","Advances in Fuzzy Systems","Single blind"
"X.981","1687-9104","1687-9112","Advances in Hematology","Single blind"
"X.982","1687-7357","1687-7365","Advances in High Energy Physics","Single blind"
"X.983","1687-5893","1687-5907","Advances in Human-Computer Interaction","Single blind"
"X.984","2578-7217",NA,"Advances in Materials Science and Engineering","Single blind"
"X.985","1687-9120","1687-9139","Advances in Mathematical Physics","Single blind"
"X.986","2356-6752","2314-758X","Advances in Medicine","Single blind"
"X.987","1687-9309","1687-9317","Advances in Meteorology","Single blind"
"X.988","1687-5680","1687-5699","Advances in Multimedia","Single blind"
"X.989","1687-9147","1687-9155","Advances in Operations Research","Single blind"
"X.990","1687-563X","1687-5648","Advances in OptoElectronics","Single blind"
"X.991","2090-3464","2090-3472","Advances in Orthopedics","Single blind"
"X.992","1687-6334","1687-6342","Advances in Pharmacological Sciences","Single blind"
"X.993","7306-679","1098-2329","Advances in Polymer Technology","Single blind"
"X.994","2090-3480","2090-3499","Advances in Preventive Medicine","Single blind"
"X.995","2356-6868","2314-7784","Advances in Public Health","Single blind"
"X.996","1687-5915","1687-5923","Advances in Tribology","Single blind"
"X.997","1687-6369","1687-6377","Advances in Urology","Single blind"
"X.998","1687-8639","1687-8647","Advances in Virology","Single blind"
"X.999","2090-1240","2090-1259","AIDS Research and Treatment","Single blind"
"X.1000","2210-7177","2210-7185","Analytical Cellular Pathology","Single blind"
"X.1001","2090-1267","2090-1275","Anemia","Single blind"
"X.1002","1687-6962","1687-6970","Anesthesiology Research and Practice","Single blind"
"X.1003","1687-7667","1687-7675","Applied and Environmental Soil Science","Single blind"
"X.1004","1176-2322","1754-2103","Applied Bionics and Biomechanics","Single blind"
"X.1005","1687-9724","1687-9732","Applied Computational Intelligence and Soft Computing","Single blind"
"X.1006","1472-3646","1472-3654","Archaea","Single blind"
"X.1007","2090-1925","2090-1933","Autism Research and Treatment","Single blind"
"X.1008","2090-0422","2090-0430","Autoimmune Diseases","Single blind"
"X.1009","9534-180","1875-8584","Behavioural Neurology","Single blind"
"X.1010","2090-2247","2090-2255","Biochemistry Research International","Single blind"
"X.1011","1565-3633","1687-479X","Bioinorganic Chemistry and Applications","Single blind"
"X.1012","2314-6133","2314-6141","BioMed Research International","Single blind"
"X.1013","2291-2789","2291-2797","Canadian Journal of Gastroenterology and Hepatology","Single blind"
"X.1014","1712-9532","1918-1493","Canadian Journal of Infectious Diseases and Medical Microbiology","Single blind"
"X.1015","1198-2241","1916-7245","Canadian Respiratory Journal","Single blind"
"X.1016","2090-8016","2090-0597","Cardiology Research and Practice","Single blind"
"X.1017","1755-5914","1755-5922","Cardiovascular Therapeutics","Single blind"
"X.1018","2090-6382","2090-6390","Case Reports in Anesthesiology","Single blind"
"X.1019","2090-6404","2090-6412","Case Reports in Cardiology","Single blind"
"X.1020","2090-6420","2090-6439","Case Reports in Critical Care","Single blind"
"X.1021","2090-6447","2090-6455","Case Reports in Dentistry","Single blind"
"X.1022","2090-6463","2090-6471","Case Reports in Dermatological Medicine","Single blind"
"X.1023","2090-648X","2090-6498","Case Reports in Emergency Medicine","Single blind"
"X.1024","2090-6501","2090-651X","Case Reports in Endocrinology","Single blind"
"X.1025","2090-6528","2090-6536","Case Reports in Gastrointestinal Medicine","Single blind"
"X.1026","2090-6544","2090-6552","Case Reports in Genetics","Single blind"
"X.1027","2090-6560","2090-6579","Case Reports in Hematology","Single blind"
"X.1028","2090-6587","2090-6595","Case Reports in Hepatology","Single blind"
"X.1029","2090-6609","2090-6617","Case Reports in Immunology","Single blind"
"X.1030","2090-6625","2090-6633","Case Reports in Infectious Diseases","Single blind"
"X.1031","1687-9627","1687-9635","Case Reports in Medicine","Single blind"
"X.1032","2090-6641","2090-665X","Case Reports in Nephrology","Single blind"
"X.1033","2090-6668","2090-6676","Case Reports in Neurological Medicine","Single blind"
"X.1034","2090-6684","2090-6692","Case Reports in Obstetrics and Gynecology","Single blind"
"X.1035","2090-6706","2090-6714","Case Reports in Oncological Medicine","Single blind"
"X.1036","2090-6722","2090-6730","Case Reports in Ophthalmological Medicine","Single blind"
"X.1037","2090-6749","2090-6757","Case Reports in Orthopedics","Single blind"
"X.1038","2090-6765","2090-6773","Case Reports in Otolaryngology","Single blind"
"X.1039","2090-6781","2090-679X","Case Reports in Pathology","Single blind"
"X.1040","2090-6803","2090-6811","Case Reports in Pediatrics","Single blind"
"X.1041","2090-682X","2090-6838","Case Reports in Psychiatry","Single blind"
"X.1042","2090-6846","2090-6854","Case Reports in Pulmonology","Single blind"
"X.1043","2090-6862","2090-6870","Case Reports in Radiology","Single blind"
"X.1044","2090-6889","2090-6897","Case Reports in Rheumatology","Single blind"
"X.1045","2090-6900","2090-6919","Case Reports in Surgery","Single blind"
"X.1046","2090-6943","2090-6951","Case Reports in Transplantation","Single blind"
"X.1047","2090-696X","2090-6978","Case Reports in Urology","Single blind"
"X.1048","2090-6986","2090-6994","Case Reports in Vascular Medicine","Single blind"
"X.1049","2090-7001","2090-701X","Case Reports in Veterinary Medicine","Single blind"
"X.1050","2090-3987","2090-3995","Child Development Research","Single blind"
"X.1051","1076-2787","1099-0526","Complexity","Single blind"
"X.1052","1748-670X","1748-6718","Computational and Mathematical Methods in Medicine","Single blind"
"X.1053","1687-5265","1687-5273","Computational Intelligence and Neuroscience","Single blind"
"X.1055","2090-1305","2090-1313","Critical Care Research and Practice","Single blind"
"X.1056","1687-7063","1687-7071","Current Gerontology and Geriatrics Research","Single blind"
"X.1057","2090-1321","2090-133X","Depression Research and Treatment","Single blind"
"X.1058","1687-6105","1687-6113","Dermatology Research and Practice","Single blind"
"X.1059","1026-0226","1607-887X","Discrete Dynamics in Nature and Society","Single blind"
"X.1060","2780-240","1875-8630","Disease Markers","Single blind"
"X.1061","2090-4002","2090-4010","Education Research International","Single blind"
"X.1062","2090-2840","2090-2859","Emergency Medicine International","Single blind"
"X.1063","2090-0406","2090-0414","Enzyme Research","Single blind"
"X.1064","1741-427X","1741-4288","Evidence-Based Complementary and Alternative Medicine","Single blind"
"X.1065","1687-6121","1687-630X","Gastroenterology Research and Practice","Single blind"
"X.1066","2090-3154","2090-3162","Genetics Research International","Single blind"
"X.1067","1468-8115","1468-8123","Geofluids","Single blind"
"X.1068","1042-7163","1098-1071","Heteroatom Chemistry","Single blind"
"X.1069","1064-7449","1098-0997","Infectious Diseases in Obstetrics and Gynecology","Single blind"
"X.1070","1687-708X","1687-7098","Interdisciplinary Perspectives on Infectious Diseases","Single blind"
"X.1071","1687-5966","1687-5974","International Journal of Aerospace Engineering","Single blind"
"X.1072","1687-8159","1687-8167","International Journal of Agronomy","Single blind"
"X.1074","1687-8760","1687-8779","International Journal of Analytical Chemistry","Single blind"
"X.1075","1687-5869","1687-5877","International Journal of Antennas and Propagation","Single blind"
"X.1076","1687-8787","1687-8795","International Journal of Biomaterials","Single blind"
"X.1077","1687-4188","1687-4196","International Journal of Biomedical Imaging","Single blind"
"X.1078","2090-3170","2090-3189","International Journal of Breast Cancer","Single blind"
"X.1079","1687-8876","1687-8884","International Journal of Cell Biology","Single blind"
"X.1080","1687-806X","1687-8078","International Journal of Chemical Engineering","Single blind"
"X.1081","2356-6981","2314-5749","International Journal of Chronic Diseases","Single blind"
"X.1082","1687-7047","1687-7055","International Journal of Computer Games Technology","Single blind"
"X.1083","1687-9325","1687-9333","International Journal of Corrosion","Single blind"
"X.1084","1687-8728","1687-8736","International Journal of Dentistry","Single blind"
"X.1085","1687-9643","1687-9651","International Journal of Differential Equations","Single blind"
"X.1086","1687-7578","1687-7586","International Journal of Digital Multimedia Broadcasting","Single blind"
"X.1087","1687-9708","1687-9716","International Journal of Ecology","Single blind"
"X.1088","2090-3529","2090-3537","International Journal of Electrochemistry","Single blind"
"X.1089","2224-0721","2307-1427","International Journal of Endocrinology","Single blind"
"X.1090","2356-7015","2314-5765","International Journal of Food Science","Single blind"
"X.1091","1687-9368","1687-9376","International Journal of Forestry Research","Single blind"
"X.1092","2314-436X","2314-4378","International Journal of Genomics","Single blind"
"X.1093","1687-885X","1687-8868","International Journal of Geophysics","Single blind"
"X.1094","2090-3448","2090-3456","International Journal of Hepatology","Single blind"
"X.1095","2090-0384","2090-0392","International Journal of Hypertension","Single blind"
"X.1096","2090-8040","2042-0099","International Journal of Inflammation","Single blind"
"X.1097","1611-712","1687-0425","International Journal of Mathematics and Mathematical Sciences","Single blind"
"X.1098","2090-2069","2090-2077","International Journal of Medicinal Chemistry","Single blind"
"X.1099","1687-918X","1687-9198","International Journal of Microbiology","Single blind"
"X.1100","2090-214X","2090-2158","International Journal of Nephrology","Single blind"
"X.1101","1687-9384","1687-9392","International Journal of Optics","Single blind"
"X.1102","1687-9201","1687-921X","International Journal of Otolaryngology","Single blind"
"X.1103","1687-9740","1687-9759","International Journal of Pediatrics","Single blind"
"X.1104","1110-662X","1687-529X","International Journal of Photoenergy","Single blind"
"X.1105","1687-9422","1687-9430","International Journal of Polymer Science","Single blind"
"X.1106","1687-7195","1687-7209","International Journal of Reconfigurable Computing","Single blind"
"X.1107","2356-7104","2314-5757","International Journal of Reproductive Medicine","Single blind"
"X.1108","1687-9260","1687-9279","International Journal of Rheumatology","Single blind"
"X.1109","1023-621X","1542-3034","International Journal of Rotating Machinery","Single blind"
"X.1110","2090-1402","2090-1410","International Journal of Surgical Oncology","Single blind"
"X.1111","1687-6415","1687-6423","International Journal of Telemedicine and Applications","Single blind"
"X.1112","2090-2824","2090-2832","International Journal of Vascular Medicine","Single blind"
"X.1113","1687-8477","1687-8485","International Journal of Zoology","Single blind"
"X.1114","2090-7834","2090-7850","Journal of Addiction","Single blind"
"X.1115","1976-729","2042-3195","Journal of Advanced Transportation","Single blind"
"X.1116","2090-2204","2090-2212","Journal of Aging Research","Single blind"
"X.1117","2090-8865","2090-8873","Journal of Analytical Methods in Chemistry","Single blind"
"X.1118","1110-757X","1687-0042","Journal of Applied Mathematics","Single blind"
"X.1119","1687-8558","1687-8566","Journal of Cancer Epidemiology","Single blind"
"X.1120","2090-9063","2090-9071","Journal of Chemistry","Single blind"
"X.1121","2090-1968","2090-1976","Journal of Combustion","Single blind"
"X.1122","2090-7141","2090-715X","Journal of Computer Networks and Communications","Single blind"
"X.1123","1687-5249","1687-5257","Journal of Control Science and Engineering","Single blind"
"X.1124","2314-6745","2314-6753","Journal of Diabetes Research","Single blind"
"X.1125","2090-3014","2090-3022","Journal of Drug Delivery","Single blind"
"X.1126","2090-0147","2090-0155","Journal of Electrical and Computer Engineering","Single blind"
"X.1127","1460-412","1555-5917","Journal of Energy","Single blind"
"X.1128","2314-4912","2314-4904","Journal of Engineering","Single blind"
"X.1129","1687-9805","1687-9813","Journal of Environmental and Public Health","Single blind"
"X.1130","1469-428","1745-4557","Journal of Food Quality","Single blind"
"X.1131","2314-8896","2314-8888","Journal of Function Spaces","Single blind"
"X.1132","2040-2295","2040-2309","Journal of Healthcare Engineering","Single blind"
"X.1133","2314-8861","2314-7156","Journal of Immunology Research","Single blind"
"X.1134","8964-327","1540-8183","Journal of Interventional Cardiology","Single blind"
"X.1135","2090-3030","2090-3049","Journal of Lipids","Single blind"
"X.1136","1687-9481","1687-949X","Journal of Marine Biology","Single blind"
"X.1137","2314-4629","2314-4785","Journal of Mathematics","Single blind"
"X.1138","1687-4110","1687-4129","Journal of Nanomaterials","Single blind"
"X.1139","2522-6908",NA,"Journal of Nanotechnology","Single blind"
"X.1140","2090-0201","2090-021X","Journal of Nucleic Acids","Single blind"
"X.1141","2090-0724","2090-0732","Journal of Nutrition and Metabolism","Single blind"
"X.1142","2090-0708","2090-0716","Journal of Obesity","Single blind"
"X.1143","1687-8450","1687-8469","Journal of Oncology","Single blind"
"X.1144","2090-004X","2090-0058","Journal of Ophthalmology","Single blind"
"X.1145","2356-752X","2314-6486","Journal of Optimization","Single blind"
"X.1146","2090-8059","2042-0064","Journal of Osteoporosis","Single blind"
"X.1147","2090-0023","2090-0031","Journal of Parasitology Research","Single blind"
"X.1148","2090-3057","2090-3065","Journal of Pathogens","Single blind"
"X.1149","2090-9918","2090-7818","Journal of Pharmaceutics","Single blind"
"X.1150","2090-2727","2090-2735","Journal of Pregnancy","Single blind"
"X.1151","1687-952X","1687-9538","Journal of Probability and Statistics","Single blind"
"X.1152","2314-4386","2314-4394","Journal of Renewable Energy","Single blind"
"X.1153","1687-9600","1687-9619","Journal of Robotics","Single blind"
"X.1154","1687-725X","1687-7268","Journal of Sensors","Single blind"
"X.1155","2090-2905","2090-2913","Journal of Skin Cancer","Single blind"
"X.1156","2314-4920","2314-4939","Journal of Spectroscopy","Single blind"
"X.1157","2356-7651","2314-6176","Journal of Sports Medicine","Single blind"
"X.1158","2090-8067","2042-0072","Journal of Thyroid Research","Single blind"
"X.1159","1687-8191","1687-8205","Journal of Toxicology","Single blind"
"X.1160","2090-0007","2090-0015","Journal of Transplantation","Single blind"
"X.1161","1687-9686","1687-9694","Journal of Tropical Medicine","Single blind"
"X.1162","2356-7708","2314-6966","Journal of Veterinary Medicine","Single blind"
"X.1163","2090-8075","2044-4362","Malaria Research and Treatment","Single blind"
"X.1164","1024-123X","1563-5147","Mathematical Problems in Engineering","Single blind"
"X.1165","9629-351","1466-1861","Mediators of Inflammation","Single blind"
"X.1166","2090-1445","2090-1453","Minimally Invasive Surgery","Single blind"
"X.1167","1574-017X","1875-905X","Mobile Information Systems","Single blind"
"X.1168","1687-5591","1687-5605","Modelling and Simulation in Engineering","Single blind"
"X.1169","2090-2654","2090-2662","Multiple Sclerosis International","Single blind"
"X.1170","2090-5904","1687-5443","Neural Plasticity","Single blind"
"X.1171","2090-1852","2090-1860","Neurology Research International","Single blind"
"X.1172","2314-4262","2314-4270","Neuroscience Journal","Single blind"
"X.1173","2090-1429","2090-1437","Nursing Research and Practice","Single blind"
"X.1174","1687-9589","1687-9597","Obstetrics and Gynecology International","Single blind"
"X.1175","9667-903","1557-0703","Occupational Therapy International","Single blind"
"X.1176","1942-0900","1942-0994","Oxidative Medicine and Cellular Longevity","Single blind"
"X.1177","1203-6765","1918-1523","Pain Research and Management","Single blind"
"X.1178","2090-1542","2090-1550","Pain Research and Treatment","Single blind"
"X.1180","1687-4757","1687-4765","PPAR Research","Single blind"
"X.1181","2090-3111","2090-312X","Prostate Cancer","Single blind"
"X.1183","2314-4327","2314-4335","Psychiatry Journal","Single blind"
"X.1184","2090-1836","2090-1844","Pulmonary Medicine","Single blind"
"X.1185","2090-1941","2090-195X","Radiology Research and Practice","Single blind"
"X.1186","2090-2867","2090-2875","Rehabilitation Research and Practice","Single blind"
"X.1187","1357-714X","1369-1643","Sarcoma","Single blind"
"X.1188","1610-457","1932-8745","Scanning","Single blind"
"X.1189","2090-2085","2090-2093","Schizophrenia Research and Treatment","Single blind"
"X.1190","1687-6075","1687-6083","Science and Technology of Nuclear Installations","Single blind"
"X.1191","1058-9244","1875-919X","Scientific Programming","Single blind"
"X.1192","2090-908X",NA,"Scientifica","Single blind"
"X.1193","1939-0114","1939-0122","Security and Communication Networks","Single blind"
"X.1194","1070-9622","1875-9203","Shock and Vibration","Single blind"
"X.1195","2090-3545","2090-3553","Sleep Disorders","Single blind"
"X.1196","1687-966X","1687-9678","Stem Cells International","Single blind"
"X.1197","2042-0056",NA,"Stroke Research and Treatment","Single blind"
"X.1198","2356-7759","2356-6124","Surgery Research and Practice","Single blind"
"X.1199","2356-6140","1537-744X","The Scientific World Journal","Single blind"
"X.1200","2090-150X","2090-1518","Tuberculosis Research and Treatment","Single blind"
"X.1201","2090-8113","2042-0048","Veterinary Medicine International","Single blind"
"X.1202","1530-8669","1530-8677","Wireless Communications and Mobile Computing","Single blind"
"X.1205","9728-600",NA,"AKCE International Journal of Graphs and Combinatorics","Single blind"
"X.1206","1876-2859",NA,"Academic Pediatrics","Single blind"
"X.1207","1076-6332",NA,"Academic Radiology","Single blind"
"X.1208","1457-5",NA,"Accident Analysis & Prevention","Single blind"
"X.1209","1559-982","1467-6303","Accounting Forum","Single blind"
"X.1211","9457-65","9457-65","Acta Astronautica","Single blind"
"X.1212","1742-7061",NA,"Acta Biomaterialia","Single blind"
"X.1213","1227-262",NA,"Acta Colombiana de Cuidado Intensivo","Single blind"
"X.1214","1000-0933",NA,"Acta Ecologica Sinica","Single blind"
"X.1215","6512-81",NA,"Acta Histochemica","Single blind"
"X.1216","1359-6454",NA,"Acta Materialia","Single blind"
"X.1218","1017-995X",NA,"Acta Orthopaedica et Traumatologica Turcica","Single blind"
"X.1219","2173-5735",NA,"Acta Otorrinolaringologica (English Edition)","Single blind"
"X.1221","2211-3835",NA,"Acta Pharmaceutica Sinica B","Single blind"
"X.1222","1691-8",NA,"Acta Psychologica","Single blind"
"X.1223","0001-706X",NA,"Acta Tropica","Single blind"
"X.1228","1570-8705",NA,"Ad Hoc Networks","Single blind"
"X.1230","2352-8532",NA,"Addictive Behaviors Reports","Single blind"
"X.1231","2214-8604",NA,"Additive Manufacturing","Single blind"
"X.1232","0169-409X",NA,"Advanced Drug Delivery Reviews","Single blind"
"X.1233","1474-0346",NA,"Advanced Engineering Informatics","Single blind"
"X.1234","2542-5048",NA,"Advanced Industrial and Engineering Polymer Research","Single blind"
"X.1235","9218-831","1568-5527","Advanced Powder Technology","Single blind"
"X.1236","8826-110",NA,"Advances in Accounting","Single blind"
"X.1237","1968-858","1090-2074","Advances in Applied Mathematics","Single blind"
"X.1238","2212-4926",NA,"Advances in Biological Regulation","Single blind"
"X.1240","1674-9278",NA,"Advances in Climate Change Research","Single blind"
"X.1241","1868-6",NA,"Advances in Colloid and Interface Science","Single blind"
"X.1242","9659-978",NA,"Advances in Engineering Software","Single blind"
"X.1243","2212-9588",NA,"Advances in Integrative Medicine","Single blind"
"X.1244","1040-2608",NA,"Advances in Life Course Research","Single blind"
"X.1245","1870-8","1090-2082","Advances in Mathematics","Single blind"
"X.1246","1896-1126","1898-4002","Advances in Medical Sciences","Single blind"
"X.1247","2452-1094",NA,"Advances in Radiation Oncology","Single blind"
"X.1249","1875-9637",NA,"Aeolian Research","Single blind"
"X.1250","1270-9638",NA,"Aerospace Science and Technology","Single blind"
"X.1251","2211-419X",NA,"African Journal of Emergency Medicine","Single blind"
"X.1252","1110-5704","1961-9987","African Journal of Urology","Single blind"
"X.1253","1568-1637",NA,"Ageing Research Reviews","Single blind"
"X.1254","1359-1789",NA,"Aggression and Violent Behavior","Single blind"
"X.1255","2352-2151",NA,"Agri Gene","Single blind"
"X.1256","0308-521X",NA,"Agricultural Systems","Single blind"
"X.1257","3783-774",NA,"Agricultural Water Management","Single blind"
"X.1258","1681-923",NA,"Agricultural and Forest Meteorology","Other"
"X.1259","2452-316X",NA,"Agriculture and Natural Resources","Single blind"
"X.1261","2090-4479",NA,"Ain Shams Engineering Journal","Single blind"
"X.1262","1067-991X",NA,"Air Medical Journal","Single blind"
"X.1263","7418-329",NA,"Alcohol","Single blind"
"X.1264","1110-0168",NA,"Alexandria Engineering Journal","Single blind"
"X.1265","2090-5068",NA,"Alexandria Journal of Medicine","Single blind"
"X.1266","2211-9264",NA,"Algal Research","Single blind"
"X.1267","3010-546","1578-1267","Allergologia et Immunopathologia","Single blind"
"X.1268","1323-8930","1440-1592","Allergology International","Single blind"
"X.1272","2870-3",NA,"American Heart Journal","Single blind"
"X.1275","2939-4",NA,"American Journal of Ophthalmology","Single blind"
"X.1276","2451-9936",NA,"American Journal of Ophthalmology Case Reports","Single blind"
"X.1277","8895-406",NA,"American Journal of Orthodontics and Dentofacial Orthopedics","Single blind"
"X.1278","1960-709",NA,"American Journal of Otolaryngology","Single blind"
"X.1279","2215-0390",NA,"Ampersand","Single blind"
"X.1280","1075-9964","1095-8274","Anaerobe","Single blind"
"X.1281","2352-5568",NA,"Anaesthesia Critical Care & Pain Medicine","Single blind"
"X.1283","3267-0","3267-0","Analytica Chimica Acta","Single blind"
"X.1287","3778-401","3778-401","Animal Feed Science and Technology","Single blind"
"X.1288","2405-6545",NA,"Animal Nutrition","Single blind"
"X.1289","3784-320",NA,"Animal Reproduction Science","Single blind"
"X.1291","1512-1887",NA,"Annals of Agrarian Science","Single blind"
"X.1292","5701-783",NA,"Annals of Agricultural Sciences","Single blind"
"X.1294","1092-9134",NA,"Annals of Diagnostic Pathology","Single blind"
"X.1296","2049-0801",NA,"Annals of Medicine and Surgery","Other"
"X.1297","3064-549",NA,"Annals of Nuclear Energy","Single blind"
"X.1298","1877-0657",NA,"Annals of Physical and Rehabilitation Medicine","Single blind"
"X.1299","3491-6","1096-035X","Annals of Physics","Single blind"
"X.1300","1680-072",NA,"Annals of Pure and Applied Logic","Single blind"
"X.1301","1607-383",NA,"Annals of Tourism Research","Single blind"
"X.1302","8905-096","1615-5947","Annals of Vascular Surgery","Single blind"
"X.1303","1367-5788",NA,"Annual Reviews in Control","Single blind"
"X.1305","2213-3054",NA,"Anthropocene","Single blind"
"X.1306","1663-542",NA,"Antiviral Research","Single blind"
"X.1307","1956-663","1095-8304","Appetite","Single blind"
"X.1308","0003-682X",NA,"Applied Acoustics","Single blind"
"X.1309","1681-591",NA,"Applied Animal Behaviour Science","Single blind"
"X.1312","1691-317",NA,"Applied Clay Science","Single blind"
"X.1313","2210-8327",NA,"Applied Computing and Informatics","Single blind"
"X.1314","3062-619",NA,"Applied Energy","Single blind"
"X.1315","3687-0",NA,"Applied Ergonomics","Single blind"
"X.1316","8832-927",NA,"Applied Geochemistry","Single blind"
"X.1318","2352-9407",NA,"Applied Materials Today","Single blind"
"X.1319","0307-904X",NA,"Applied Mathematical Modelling","Single blind"
"X.1320","8939-659",NA,"Applied Mathematics Letters","Single blind"
"X.1321","9630-03",NA,"Applied Mathematics and Computation","Single blind"
"X.1322","1689-274","1689-274","Applied Numerical Mathematics","Single blind"
"X.1323","8971-897",NA,"Applied Nursing Research","Single blind"
"X.1324","1411-187",NA,"Applied Ocean Research","Single blind"
"X.1325","9698-043",NA,"Applied Radiation and Isotopes","Single blind"
"X.1326","1568-4946",NA,"Applied Soft Computing","Single blind"
"X.1327","9291-393",NA,"Applied Soil Ecology","Single blind"
"X.1328","1694-332",NA,"Applied Surface Science","Single blind"
"X.1329","1359-4311",NA,"Applied Thermal Engineering","Single blind"
"X.1330","1063-5203","1096-603X","Applied and Computational Harmonic Analysis","Single blind"
"X.1331","1448-609",NA,"Aquacultural Engineering","Single blind"
"X.1332","4484-86",NA,"Aquaculture","Single blind"
"X.1333","2352-5134",NA,"Aquaculture Reports","Single blind"
"X.1334","2468-550X",NA,"Aquaculture and Fisheries","Single blind"
"X.1335","3043-770",NA,"Aquatic Botany","Single blind"
"X.1337","2214-4625",NA,"Arab Economic and Business Journal","Single blind"
"X.1338","1687-1979",NA,"Arab Journal of Gastroenterology","Single blind"
"X.1339","1319-5166",NA,"Arab Journal of Mathematical Sciences","Single blind"
"X.1340","2090-598X","2090-598X","Arab Journal of Urology","Single blind"
"X.1341","1878-5352",NA,"Arabian Journal of Chemistry","Single blind"
"X.1342","2352-2267",NA,"Archaeological Research in Asia","Single blind"
"X.1343","3986-1","1096-0384","Archives of Biochemistry and Biophysics","Single blind"
"X.1344","1875-2136",NA,"Archives of Cardiovascular Diseases","Single blind"
"X.1345","1644-9665",NA,"Archives of Civil and Mechanical Engineering","Single blind"
"X.1346","1674-943",NA,"Archives of Gerontology and Geriatrics","Single blind"
"X.1347","1884-409",NA,"Archives of Medical Research","Single blind"
"X.1348","3996-9",NA,"Archives of Oral Biology","Single blind"
"X.1349","3999-3",NA,"Archives of Physical Medicine and Rehabilitation","Single blind"
"X.1350","8839-417",NA,"Archives of Psychiatric Nursing","Single blind"
"X.1355","1872-9312",NA,"Artery Research","Single blind"
"X.1356","1467-8039",NA,"Arthropod Structure & Development","Single blind"
"X.1357","2212-6287",NA,"Arthroscopy Techniques","Single blind"
"X.1358","4370-2",NA,"Artificial Intelligence","Single blind"
"X.1359","2589-7217",NA,"Artificial Intelligence in Agriculture","Single blind"
"X.1360","9333-657",NA,"Artificial Intelligence in Medicine","Single blind"
"X.1361","1029-3132",NA,"Asia Pacific Management Review","Single blind"
"X.1363","1818-0876",NA,"Asian Journal of Pharmaceutical Sciences","Single blind"
"X.1364","1876-2018",NA,"Asian Journal of Psychiatry","Single blind"
"X.1365","1015-9584",NA,"Asian Journal of Surgery","Single blind"
"X.1366","2214-3890",NA,"Asian Journal of Urology","Single blind"
"X.1367","1976-1317",NA,"Asian Nursing Research","Single blind"
"X.1368","1075-2935",NA,"Assessing Writing","Single blind"
"X.1369","2213-1337",NA,"Astronomy and Computing","Single blind"
"X.1370","9276-505",NA,"Astroparticle Physics","Single blind"
"X.1372","2191-50",NA,"Atherosclerosis","Single blind"
"X.1373","1352-2310",NA,"Atmospheric Environment","Single blind"
"X.1374","1309-1042","1309-1042","Atmospheric Pollution Research","Single blind"
"X.1375","1698-095",NA,"Atmospheric Research","Single blind"
"X.1376","0092-640X","1090-2090","Atomic Data and Nuclear Data Tables","Single blind"
"X.1377","3858-146",NA,"Auris Nasus Larynx","Single blind"
"X.1378","2588-994X",NA,"Australasian Emergency Care","Single blind"
"X.1380","1036-7314",NA,"Australian Critical Care","Single blind"
"X.1381","1568-9972",NA,"Autoimmunity Reviews","Single blind"
"X.1382","9265-805",NA,"Automation in Construction","Single blind"
"X.1393","8756-3282","8756-3282","BONE","Single blind"
"X.1394","2210-5336",NA,"Basal Ganglia","Single blind"
"X.1395","1439-1791",NA,"Basic and Applied Ecology","Single blind"
"X.1396","5789-4",NA,"Behavior Therapy","Single blind"
"X.1397","5796-7",NA,"Behaviour Research and Therapy","Single blind"
"X.1398","1664-328",NA,"Behavioural Brain Research","Single blind"
"X.1399","3766-357",NA,"Behavioural Processes","Single blind"
"X.1400","2314-8535",NA,"Beni-Suef University Journal of Basic and Applied Sciences","Single blind"
"X.1406","2214-5796",NA,"Big Data Research","Single blind"
"X.1407","3032-647",NA,"BioSystems","Single blind"
"X.1408","2212-6198",NA,"Bioactive Carbohydrates and Dietary Fibre","Single blind"
"X.1409","2452-199X",NA,"Bioactive Materials","Single blind"
"X.1410","1878-8181",NA,"Biocatalysis and Agricultural Biotechnology","Single blind"
"X.1411","1369-703X",NA,"Biochemical Engineering Journal","Single blind"
"X.1412","6295-2",NA,"Biochemical Pharmacology","Single blind"
"X.1413","3051-978",NA,"Biochemical Systematics and Ecology","Single blind"
"X.1414","0006-291X","1090-2104","Biochemical and Biophysical Research Communications","Single blind"
"X.1416","3009-084",NA,"Biochimie","Single blind"
"X.1417","2214-0085",NA,"Biochimie Open","Single blind"
"X.1419","1567-5394",NA,"Bioelectrochemistry","Single blind"
"X.1420","2395-938X",NA,"Bioethics UPdate","Single blind"
"X.1421","6320-7",NA,"Biological Conservation","Single blind"
"X.1422","1049-9644","1090-2112","Biological Control","Single blind"
"X.1424","2212-683X",NA,"Biologically Inspired Cognitive Architectures","Single blind"
"X.1425","1045-1056","1095-8320","Biologicals","Single blind"
"X.1426","1083-8791",NA,"Biology of Blood and Marrow Transplantation","Single blind"
"X.1429","2319-4170",NA,"Biomedical Journal","Single blind"
"X.1430","1746-8094",NA,"Biomedical Signal Processing and Control","Single blind"
"X.1431","7533-322",NA,"Biomedicine & Pharmacotherapy","Single blind"
"X.1432","2214-7535",NA,"Biomolecular Detection and Quantification","Single blind"
"X.1433","9680-896",NA,"Bioorganic & Medicinal Chemistry","Single blind"
"X.1434","0960-894X",NA,"Bioorganic & Medicinal Chemistry Letters","Single blind"
"X.1435","4520-68","1090-2120","Bioorganic Chemistry","Single blind"
"X.1436","3014-622",NA,"Biophysical Chemistry","Single blind"
"X.1437","2405-8866",NA,"Bioprinting","Single blind"
"X.1438","9608-524",NA,"Bioresource Technology","Single blind"
"X.1439","2589-014X",NA,"Bioresource Technology Reports","Single blind"
"X.1440","9565-663",NA,"Biosensors and Bioelectronics","Single blind"
"X.1441","1537-5110","1537-5129","Biosystems Engineering","Single blind"
"X.1442","7349-750",NA,"Biotechnology Advances","Single blind"
"X.1443","2215-017X",NA,"Biotechnology Reports","Single blind"
"X.1447","0268-960X",NA,"Blood Reviews","Single blind"
"X.1448","1740-1445",NA,"Body Image","Single blind"
"X.1449","2352-1872",NA,"Bone Reports","Single blind"
"X.1451","1538-4721",NA,"Brachytherapy","Single blind"
"X.1453","6899-3","6899-3","Brain Research","Single blind"
"X.1454","3619-230",NA,"Brain Research Bulletin","Single blind"
"X.1455","1935-861X",NA,"Brain Stimulation","Single blind"
"X.1456","2782-626","1090-2147","Brain and Cognition","Single blind"
"X.1457","0093-934X","1090-2155","Brain and Language","Single blind"
"X.1459","1678-4391",NA,"Brazilian Journal of Infectious Diseases","Single blind"
"X.1460","1517-8382","1678-4405","Brazilian Journal of Microbiology","Single blind"
"X.1461","1808-8694","1808-8694","Brazilian Journal of Otorhinolaryngology","Single blind"
"X.1462","1413-3555","1413-3555","Brazilian Journal of Physical Therapy","Single blind"
"X.1463","2664-356",NA,"British Journal of Oral and Maxillofacial Surgery","Single blind"
"X.1464","3601-323",NA,"Building and Environment","Single blind"
"X.1467","3054-179",NA,"Burns","Single blind"
"X.1468","2468-9122",NA,"Burns Open","Single blind"
"X.1471","3418-162",NA,"CATENA","Single blind"
"X.1473","1755-5817",NA,"CIRP Journal of Manufacturing Science and Technology","Single blind"
"X.1474","3645-916",NA,"Calphad","Single blind"
"X.1475","8465-371",NA,"Canadian Association of Radiologists Journal","Single blind"
"X.1476","0828-282X",NA,"Canadian Journal of Cardiology","Single blind"
"X.1477","1499-2671",NA,"Canadian Journal of Diabetes","Single blind"
"X.1478","8418-2","1715-3360","Canadian Journal of Ophthalmology","Single blind"
"X.1479","1877-7821",NA,"Cancer Epidemiology","Single blind"
"X.1480","2210-7762",NA,"Cancer Genetics","Single blind"
"X.1481","3043-835",NA,"Cancer Letters","Single blind"
"X.1482","3057-372",NA,"Cancer Treatment Reviews","Single blind"
"X.1484","1448-617",NA,"Carbohydrate Polymers","Single blind"
"X.1485","8621-5","8621-5","Carbohydrate Research","Single blind"
"X.1486","2588-9133",NA,"Carbon Resources Conversion","Single blind"
"X.1487","1889-898X",NA,"Cardiocore","Single blind"
"X.1488","1054-8807",NA,"Cardiovascular Pathology","Single blind"
"X.1489","1553-8389",NA,"Cardiovascular Revascularization Medicine","Single blind"
"X.1492","2214-157X",NA,"Case Studies in Thermal Engineering","Single blind"
"X.1493","2213-624X",NA,"Case Studies on Transport Policy","Single blind"
"X.1494","1566-7367",NA,"Catalysis Communications","Single blind"
"X.1495","9205-861",NA,"Catalysis Today","Single blind"
"X.1496","1434-160",NA,"Cell Calcium","Single blind"
"X.1497","2045-9769","2045-9769","Cell Regeneration","Single blind"
"X.1498","8874-9","1090-2163","Cellular Immunology","Single blind"
"X.1499","8986-568",NA,"Cellular Signalling","Single blind"
"X.1500","9589-465",NA,"Cement and Concrete Composites","Single blind"
"X.1501","8884-6",NA,"Cement and Concrete Research","Single blind"
"X.1502","1303-0701",NA,"Central Bank Review","Single blind"
"X.1503","2728-842",NA,"Ceramics International","Single blind"
"X.1505","2405-8300",NA,"Chemical Data Collections","Single blind"
"X.1506","1385-8947",NA,"Chemical Engineering Journal","Single blind"
"X.1507","2638-762","2638-762","Chemical Engineering Research and Design","Single blind"
"X.1508","9250-9",NA,"Chemical Engineering Science","Single blind"
"X.1509","2552-701",NA,"Chemical Engineering and Processing - Process Intensification","Single blind"
"X.1510","9254-1",NA,"Chemical Geology","Single blind"
"X.1512","9261-4",NA,"Chemical Physics Letters","Single blind"
"X.1513","9279-7",NA,"Chemico-Biological Interactions","Single blind"
"X.1515","9308-4",NA,"Chemistry and Physics of Lipids","Single blind"
"X.1516","1697-439",NA,"Chemometrics and Intelligent Laboratory Systems","Single blind"
"X.1517","4565-35",NA,"Chemosphere","Single blind"
"X.1518","1452-134",NA,"Child Abuse & Neglect","Single blind"
"X.1519","1907-409",NA,"Children and Youth Services Review","Single blind"
"X.1520","1043-951X",NA,"China Economic Review","Single blind"
"X.1521","1755-3091",NA,"China Journal of Accounting Research","Single blind"
"X.1522","2751-062",NA,"Chinese Astronomy and Astrophysics","Single blind"
"X.1523","1001-8417",NA,"Chinese Chemical Letters","Single blind"
"X.1524","1674-6384",NA,"Chinese Herbal Medicines","Single blind"
"X.1525","1000-9361",NA,"Chinese Journal of Aeronautics","Single blind"
"X.1526","1872-2040",NA,"Chinese Journal of Analytical Chemistry","Single blind"
"X.1527","1004-9541",NA,"Chinese Journal of Chemical Engineering","Single blind"
"X.1528","1672-3651",NA,"Chinese Journal of Natural Medicines","Single blind"
"X.1531","1001-9294",NA,"Chinese Medical Sciences Journal","Single blind"
"X.1532","2095-882X",NA,"Chronic Diseases and Translational Medicine","Single blind"
"X.1536","2642-751",NA,"Cities","Single blind"
"X.1541","2212-0963",NA,"Climate Risk Management","Single blind"
"X.1542","2405-8807",NA,"Climate Services","Single blind"
"X.1543","9898-1",NA,"Clinica Chimica Acta","Single blind"
"X.1544","9912-0",NA,"Clinical Biochemistry","Single blind"
"X.1545","2680-033",NA,"Clinical Biomechanics","Single blind"
"X.1546","1526-8209","1938-0666","Clinical Breast Cancer","Single blind"
"X.1547","1533-0028","1938-0674","Clinical Colorectal Cancer","Single blind"
"X.1548","2213-3984",NA,"Clinical Epidemiology and Global Health","Single blind"
"X.1549","1558-7673","1938-0682","Clinical Genitourinary Cancer","Single blind"
"X.1550","8997-071",NA,"Clinical Imaging","Single blind"
"X.1551","1521-6616","1521-7035","Clinical Immunology","Single blind"
"X.1552","1525-7304","1938-0690","Clinical Lung Cancer","Single blind"
"X.1554","2376-9998",NA,"Clinical Mass Spectrometry","Single blind"
"X.1555","1964-399",NA,"Clinical Microbiology Newsletter","Single blind"
"X.1556","1198-743X","1469-0691","Clinical Microbiology and Infection","Single blind"
"X.1557","3038-467",NA,"Clinical Neurology and Neurosurgery","Single blind"
"X.1558","1388-2457",NA,"Clinical Neurophysiology","Single blind"
"X.1559","2467-981X",NA,"Clinical Neurophysiology Practice","Single blind"
"X.1560","2615-614",NA,"Clinical Nutrition","Single blind"
"X.1561","2405-4577",NA,"Clinical Nutrition ESPEN","Single blind"
"X.1562","2352-9393",NA,"Clinical Nutrition Experimental","Single blind"
"X.1563","2410-2792","2663-466X","Clinical Oncology","Single blind"
"X.1564","2212-8166",NA,"Clinical Plasma Medicine","Single blind"
"X.1565","2727-358",NA,"Clinical Psychology Review","Single blind"
"X.1566","9926-0",NA,"Clinical Radiology","Single blind"
"X.1567","1876-1399",NA,"Clinical Simulation in Nursing","Single blind"
"X.1568","1492-918",NA,"Clinical Therapeutics","Single blind"
"X.1569","2405-6308",NA,"Clinical and Translational Radiation Oncology","Single blind"
"X.1570","2588-9141",NA,"Clinical eHealth","Single blind"
"X.1571","2210-7401",NA,"Clinics and Research in Hepatology and Gastroenterology","Single blind"
"X.1572","0738-081X",NA,"Clinics in Dermatology","Single blind"
"X.1573","3783-839",NA,"Coastal Engineering","Single blind"
"X.1574","1002-77",NA,"Cognition","Single blind"
"X.1575","8852-014",NA,"Cognitive Development","Single blind"
"X.1576","1002-85","1095-5623","Cognitive Psychology","Single blind"
"X.1577","1389-0417",NA,"Cognitive Systems Research","Single blind"
"X.1578","1077-7229",NA,"Cognitive and Behavioral Practice","Single blind"
"X.1579","0165-232X",NA,"Cold Regions Science and Technology","Single blind"
"X.1584","1021-80",NA,"Combustion and Flame","Single blind"
"X.1585","1007-5704",NA,"Communications in Nonlinear Science and Numerical Simulation","Single blind"
"X.1586","0967-067X",NA,"Communist and Post-Communist Studies","Single blind"
"X.1592","1744-3881",NA,"Complementary Therapies in Clinical Practice","Single blind"
"X.1593","9652-299",NA,"Complementary Therapies in Medicine","Single blind"
"X.1594","2638-223",NA,"Composite Structures","Single blind"
"X.1595","2452-2139",NA,"Composites Communications","Single blind"
"X.1598","2663-538",NA,"Composites Science and Technology","Single blind"
"X.1599","0010-440X",NA,"Comprehensive Psychiatry","Single blind"
"X.1600","1631-0691",NA,"Comptes Rendus Biologies","Single blind"
"X.1601","1631-0748",NA,"Comptes Rendus Chimie","Single blind"
"X.1602","1631-0713",NA,"Comptes Rendus Geoscience","Single blind"
"X.1605","1631-0683",NA,"Comptes Rendus Palevol","Single blind"
"X.1606","1631-0705",NA,"Comptes Rendus Physique","Single blind"
"X.1608","2352-2143",NA,"Computational Condensed Matter","Single blind"
"X.1609","9257-721",NA,"Computational Geometry","Single blind"
"X.1611","1679-473",NA,"Computational Statistics & Data Analysis","Single blind"
"X.1612","2468-1113",NA,"Computational Toxicology","Single blind"
"X.1613","2001-0370","2001-0370","Computational and Structural Biotechnology Journal","Single blind"
"X.1614","2210-271X",NA,"Computational and Theoretical Chemistry","Single blind"
"X.1615","1678-396",NA,"Computer Aided Geometric Design","Single blind"
"X.1616","1403-664","1403-664","Computer Communications","Single blind"
"X.1618","1692-607",NA,"Computer Methods and Programs in Biomedicine","Single blind"
"X.1619","4578-25",NA,"Computer Methods in Applied Mechanics and Engineering","Single blind"
"X.1620","1389-1286",NA,"Computer Networks","Single blind"
"X.1621","1046-55",NA,"Computer Physics Communications","Single blind"
"X.1622","1574-0137",NA,"Computer Science Review","Single blind"
"X.1624","9205-489",NA,"Computer Standards & Interfaces","Single blind"
"X.1625","1077-3142","1090-235X","Computer Vision and Image Understanding","Single blind"
"X.1626","1044-85",NA,"Computer-Aided Design","Single blind"
"X.1627","8956-111",NA,"Computerized Medical Imaging and Graphics","Single blind"
"X.1628","9813-54",NA,"Computers & Chemical Engineering","Single blind"
"X.1629","3601-315",NA,"Computers & Education","Single blind"
"X.1630","4579-06",NA,"Computers & Electrical Engineering","Single blind"
"X.1631","4579-30",NA,"Computers & Fluids","Single blind"
"X.1632","9830-04",NA,"Computers & Geosciences","Single blind"
"X.1633","9784-93",NA,"Computers & Graphics","Single blind"
"X.1634","3608-352",NA,"Computers & Industrial Engineering","Single blind"
"X.1635","8981-221",NA,"Computers & Mathematics with Applications","Single blind"
"X.1636","3050-548",NA,"Computers & Operations Research","Single blind"
"X.1637","1674-048",NA,"Computers & Security","Single blind"
"X.1638","4579-49",NA,"Computers & Structures","Single blind"
"X.1639","8755-4615",NA,"Computers and Composition","Single blind"
"X.1640","1681-699",NA,"Computers and Electronics in Agriculture","Single blind"
"X.1641","0266-352X",NA,"Computers and Geotechnics","Single blind"
"X.1642","1048-25",NA,"Computers in Biology and Medicine","Single blind"
"X.1643","7475-632","7475-632","Computers in Human Behavior","Single blind"
"X.1644","1663-615",NA,"Computers in Industry","Single blind"
"X.1646","1053-8100","1090-2376","Consciousness and Cognition","Single blind"
"X.1647","9500-618",NA,"Construction and Building Materials","Single blind"
"X.1649","1551-7144",NA,"Contemporary Clinical Trials","Single blind"
"X.1650","2451-8654",NA,"Contemporary Clinical Trials Communications","Single blind"
"X.1651","0361-476X","1090-2384","Contemporary Educational Psychology","Single blind"
"X.1652","2784-343",NA,"Continental Shelf Research","Single blind"
"X.1653","1078-24",NA,"Contraception","Single blind"
"X.1654","9670-661",NA,"Control Engineering Practice","Single blind"
"X.1655","1085-45","1085-45","Coordination Chemistry Reviews","Single blind"
"X.1657","0010-938X",NA,"Corrosion Science","Single blind"
"X.1659","1956-671","1095-998X","Cretaceous Research","Single blind"
"X.1660","7490-704",NA,"Critical Care Clinics","Single blind"
"X.1661","1045-2354","1095-9955","Critical Perspectives On Accounting","Single blind"
"X.1662","1040-8428",NA,"Critical Reviews in Oncology/Hematology","Single blind"
"X.1663","2612-194",NA,"Crop Protection","Single blind"
"X.1664","1122-40","1090-2392","Cryobiology","Single blind"
"X.1665","1122-75",NA,"Cryogenics","Single blind"
"X.1666","1567-1739",NA,"Current Applied Physics","Single blind"
"X.1667","2352-0817",NA,"Current Medicine Research and Practice","Single blind"
"X.1668","2352-1546",NA,"Current Opinion in Behavioral Sciences","Single blind"
"X.1669","2468-4511",NA,"Current Opinion in Biomedical Engineering","Single blind"
"X.1670","9581-669",NA,"Current Opinion in Biotechnology","Single blind"
"X.1671","9550-674",NA,"Current Opinion in Cell Biology","Single blind"
"X.1672","1367-5931","1367-5931","Current Opinion in Chemical Biology","Single blind"
"X.1673","2211-3398",NA,"Current Opinion in Chemical Engineering","Single blind"
"X.1674","1359-0294",NA,"Current Opinion in Colloid & Interface Science","Single blind"
"X.1675","2451-9103",NA,"Current Opinion in Electrochemistry","Single blind"
"X.1676","2451-9650",NA,"Current Opinion in Endocrine and Metabolic Research","Single blind"
"X.1677","2468-5844",NA,"Current Opinion in Environmental Science & Health","Single blind"
"X.1678","1877-3435",NA,"Current Opinion in Environmental Sustainability","Single blind"
"X.1679","2214-7993",NA,"Current Opinion in Food Science","Single blind"
"X.1680","0959-437X",NA,"Current Opinion in Genetics & Development","Single blind"
"X.1681","2452-2236",NA,"Current Opinion in Green and Sustainable Chemistry","Single blind"
"X.1682","9527-915",NA,"Current Opinion in Immunology","Single blind"
"X.1683","2214-5745",NA,"Current Opinion in Insect Science","Single blind"
"X.1684","1369-5274","1369-5274","Current Opinion in Microbiology","Single blind"
"X.1685","9594-388",NA,"Current Opinion in Neurobiology","Single blind"
"X.1686","1471-4892",NA,"Current Opinion in Pharmacology","Single blind"
"X.1687","2468-8673",NA,"Current Opinion in Physiology","Single blind"
"X.1688","1369-5266",NA,"Current Opinion in Plant Biology","Single blind"
"X.1689","2352-250X",NA,"Current Opinion in Psychology","Single blind"
"X.1691","0959-440X",NA,"Current Opinion in Structural Biology","Single blind"
"X.1692","2452-3100",NA,"Current Opinion in Systems Biology","Single blind"
"X.1693","2468-2020",NA,"Current Opinion in Toxicology","Single blind"
"X.1694","1879-6257",NA,"Current Opinion in Virology","Single blind"
"X.1695","2214-6628",NA,"Current Plant Biology","Single blind"
"X.1696","1470-272",NA,"Current Problems in Cancer","Single blind"
"X.1697","3630-188",NA,"Current Problems in Diagnostic Radiology","Single blind"
"X.1698","1138-40",NA,"Current Problems in Surgery","Single blind"
"X.1699","0011-393X",NA,"Current Therapeutic Research","Single blind"
"X.1700","1877-1297",NA,"Currents in Pharmacy Teaching and Learning","Single blind"
"X.1701","1043-4666","1096-0023","Cytokine","Single blind"
"X.1702","1359-6101",NA,"Cytokine & Growth Factor Reviews","Single blind"
"X.1703","1465-3249","1477-2566","Cytotherapy","Single blind"
"X.1704","1568-7864",NA,"DNA Repair","Single blind"
"X.1705","0169-023X",NA,"Data & Knowledge Engineering","Single blind"
"X.1706","2352-3409",NA,"Data in Brief","Single blind"
"X.1707","1679-236",NA,"Decision Support Systems","Single blind"
"X.1710","2214-9147",NA,"Defence Technology","Single blind"
"X.1711","1125-7865",NA,"Dendrochronologia","Single blind"
"X.1712","1095-641",NA,"Dental Materials","Single blind"
"X.1713","1027-8117",NA,"Dermatologica Sinica","Single blind"
"X.1714","1191-64",NA,"Desalination","Single blind"
"X.1715","0142-694X",NA,"Design Studies","Single blind"
"X.1716","2352-7285",NA,"Development Engineering","Single blind"
"X.1717","0145-305X",NA,"Developmental & Comparative Immunology","Single blind"
"X.1718","1216-06","1095-564X","Developmental Biology","Single blind"
"X.1719","1878-9293",NA,"Developmental Cognitive Neuroscience","Single blind"
"X.1720","2732-297","1090-2406","Developmental Review","Single blind"
"X.1722","1262-3636",NA,"Diabetes & Metabolism","Single blind"
"X.1723","1688-227",NA,"Diabetes Research and Clinical Practice","Single blind"
"X.1724","7328-893",NA,"Diagnostic Microbiology and Infectious Disease","Single blind"
"X.1725","2211-5684",NA,"Diagnostic and Interventional Imaging","Single blind"
"X.1726","9259-635",NA,"Diamond and Related Materials","Single blind"
"X.1727","9262-245",NA,"Differential Geometry and its Applications","Single blind"
"X.1728","3014-681","1432-0436","Differentiation","Single blind"
"X.1729","2212-0548",NA,"Digital Applications in Archaeology and Cultural Heritage","Single blind"
"X.1730","2589-3777",NA,"Digital Chinese Medicine","Single blind"
"X.1731","2352-8648",NA,"Digital Communications and Networks","Single blind"
"X.1732","1742-2876",NA,"Digital Investigation","Single blind"
"X.1733","1051-2004","1095-4333","Digital Signal Processing","Single blind"
"X.1734","1936-6574",NA,"Disability and Health Journal","Single blind"
"X.1736","0166-218X",NA,"Discrete Applied Mathematics","Single blind"
"X.1737","0012-365X",NA,"Discrete Mathematics","Single blind"
"X.1738","1572-5286",NA,"Discrete Optimization","Single blind"
"X.1739","1150-29",NA,"Disease-A-Month","Single blind"
"X.1740","1419-382",NA,"Displays","Single blind"
"X.1741","7397-240",NA,"Domestic Animal Endocrinology","Single blind"
"X.1744","1347-4367","1880-0920","Drug Metabolism and Pharmacokinetics","Single blind"
"X.1745","3768-716",NA,"Drug and Alcohol Dependence","Single blind"
"X.1746","1437-208",NA,"Dyes and Pigments","Single blind"
"X.1747","3770-265",NA,"Dynamics of Atmospheres and Oceans","Single blind"
"X.1749","2405-6553",NA,"EJVES Short Reports","Single blind"
"X.1750","2087-894X","2656-615X","EXPLORE","Single blind"
"X.1751","8852-006",NA,"Early Childhood Research Quarterly","Single blind"
"X.1752","3783-782",NA,"Early Human Development","Single blind"
"X.1753","2589-8116",NA,"Earth System Governance","Single blind"
"X.1754","0012-821X",NA,"Earth and Planetary Science Letters","Single blind"
"X.1755","1282-52",NA,"Earth-Science Reviews","Single blind"
"X.1756","1471-0153",NA,"Eating Behaviors","Single blind"
"X.1758","1476-945X",NA,"Ecological Complexity","Single blind"
"X.1759","9218-009",NA,"Ecological Economics","Single blind"
"X.1760","9258-574",NA,"Ecological Engineering","Single blind"
"X.1761","2405-9854",NA,"Ecological Genetics and Genomics","Single blind"
"X.1762","1470-160X",NA,"Ecological Indicators","Single blind"
"X.1763","1574-9541",NA,"Ecological Informatics","Single blind"
"X.1764","3043-800",NA,"Ecological Modelling","Single blind"
"X.1765","2452-3062",NA,"Econometrics and Statistics","Single blind"
"X.1766","2509-0038",NA,"EconomiA","Single blind"
"X.1767","3135-926",NA,"Economic Analysis and Policy","Single blind"
"X.1768","2649-993",NA,"Economic Modelling","Single blind"
"X.1769","9393-625",NA,"Economic Systems","Single blind"
"X.1770","1570-677X",NA,"Economics & Human Biology","Single blind"
"X.1772","2727-757",NA,"Economics of Education Review","Single blind"
"X.1773","2212-0122",NA,"Economics of Transportation","Single blind"
"X.1774","2212-0416",NA,"Ecosystem Services","Single blind"
"X.1775","1476-513","1090-2414","Ecotoxicology and Environmental Safety","Single blind"
"X.1776","1749-7728","1749-7728","Education for Chemical Engineers","Single blind"
"X.1777","1747-938X",NA,"Educational Research Review","Single blind"
"X.1778","1110-8665",NA,"Egyptian Informatics Journal","Single blind"
"X.1779","1110-1849","1110-1849","Egyptian Journal of Anaesthesia","Single blind"
"X.1781","2314-808X","2314-808X","Egyptian Journal of Basic and Applied Sciences","Single blind"
"X.1782","1110-8630",NA,"Egyptian Journal of Medical Human Genetics","Single blind"
"X.1783","1110-0621",NA,"Egyptian Journal of Petroleum","Single blind"
"X.1784","1110-6638",NA,"Egyptian Pediatric Association Gazette","Single blind"
"X.1785","2613-794",NA,"Electoral Studies","Single blind"
"X.1786","3787-796",NA,"Electric Power Systems Research","Single blind"
"X.1787","1388-2481",NA,"Electrochemistry Communications","Single blind"
"X.1788","1346-86",NA,"Electrochimica Acta","Single blind"
"X.1789","1567-4223",NA,"Electronic Commerce Research and Applications","Single blind"
"X.1790","7173-458","7173-458","Electronic Journal of Biotechnology","Single blind"
"X.1791","1571-0653",NA,"Electronic Notes in Discrete Mathematics","Single blind"
"X.1792","2405-6650",NA,"Emerging Contaminants","Single blind"
"X.1793","1566-0141",NA,"Emerging Markets Review","Single blind"
"X.1795","1609-327",NA,"Endeavour","Single blind"
"X.1797","3605-442","3605-442","Energy","Single blind"
"X.1798","1968-904",NA,"Energy Conversion and Management","Single blind"
"X.1799","1409-883",NA,"Energy Economics","Single blind"
"X.1800","3014-215",NA,"Energy Policy","Single blind"
"X.1801","2352-4847",NA,"Energy Reports","Single blind"
"X.1803","2405-8297",NA,"Energy Storage Materials","Single blind"
"X.1804","2211-467X",NA,"Energy Strategy Reviews","Single blind"
"X.1805","3787-788",NA,"Energy and Buildings","Single blind"
"X.1806","9730-826",NA,"Energy for Sustainable Development","Single blind"
"X.1811","2079-1747",NA,"Engineering","Single blind"
"X.1812","9557-997",NA,"Engineering Analysis with Boundary Elements","Single blind"
"X.1813","9521-976",NA,"Engineering Applications of Artificial Intelligence","Single blind"
"X.1814","1350-6307","1350-6307","Engineering Failure Analysis","Single blind"
"X.1815","1379-44",NA,"Engineering Fracture Mechanics","Other"
"X.1816","1379-52",NA,"Engineering Geology","Single blind"
"X.1818","1410-296",NA,"Engineering Structures","Single blind"
"X.1820","8894-906",NA,"English for Specific Purposes","Single blind"
"X.1821","1875-9521",NA,"Entertainment Computing","Single blind"
"X.1822","1604-120",NA,"Environment International","Single blind"
"X.1823","2211-4645",NA,"Environmental Development","Single blind"
"X.1825","2210-4224",NA,"Environmental Innovation and Societal Transitions","Single blind"
"X.1826","1364-8152",NA,"Environmental Modelling & Software","Single blind"
"X.1828","2697-491",NA,"Environmental Pollution","Single blind"
"X.1829","1393-51","1096-0953","Environmental Research","Single blind"
"X.1831","2352-1864",NA,"Environmental Technology & Innovation","Single blind"
"X.1832","1382-6689",NA,"Environmental Toxicology and Pharmacology","Single blind"
"X.1833","9884-72",NA,"Environmental and Experimental Botany","Single blind"
"X.1834","1410-229",NA,"Enzyme and Microbial Technology","Single blind"
"X.1835","1755-4365",NA,"Epidemics","Single blind"
"X.1836","1525-5050","1525-5069","Epilepsy & Behavior","Single blind"
"X.1837","2213-3232",NA,"Epilepsy & Behavior Case Reports","Single blind"
"X.1838","9201-211",NA,"Epilepsy Research","Single blind"
"X.1840","2212-9685",NA,"EuPA Open Proteomics","Single blind"
"X.1842","1429-21",NA,"European Economic Review","Single blind"
"X.1843","1161-0301",NA,"European Journal of Agronomy","Single blind"
"X.1844","9598-049",NA,"European Journal of Cancer","Single blind"
"X.1845","1719-335",NA,"European Journal of Cell Biology","Single blind"
"X.1846","1956-698","1095-9971","European Journal of Combinatorics","Single blind"
"X.1847","9473-580",NA,"European Journal of Control","Single blind"
"X.1848","1876-3820",NA,"European Journal of Integrative Medicine","Single blind"
"X.1849","9536-205",NA,"European Journal of Internal Medicine","Single blind"
"X.1850","9977-538",NA,"European Journal of Mechanics - A/Solids","Single blind"
"X.1851","9977-546",NA,"European Journal of Mechanics - B/Fluids","Single blind"
"X.1853","2235-234","2235-234","European Journal of Medicinal Chemistry","Single blind"
"X.1854","1462-3889",NA,"European Journal of Oncology Nursing","Single blind"
"X.1855","3772-217",NA,"European Journal of Operational Research","Single blind"
"X.1856","1090-3798",NA,"European Journal of Paediatric Neurology","Single blind"
"X.1857","9280-987",NA,"European Journal of Pharmaceutical Sciences","Single blind"
"X.1858","9396-411",NA,"European Journal of Pharmaceutics and Biopharmaceutics","Single blind"
"X.1859","1429-99",NA,"European Journal of Pharmacology","Single blind"
"X.1860","1762-680",NA,"European Journal of Political Economy","Single blind"
"X.1861","9324-739",NA,"European Journal of Protistology","Single blind"
"X.1862","0720-048X",NA,"European Journal of Radiology","Single blind"
"X.1863","2352-0477",NA,"European Journal of Radiology Open","Single blind"
"X.1864","1164-5563",NA,"European Journal of Soil Biology","Single blind"
"X.1865","7487-983",NA,"European Journal of Surgical Oncology","Single blind"
"X.1866","2468-7499",NA,"European Journal of Trauma & Dissociation","Single blind"
"X.1867","1078-5884",NA,"European Journal of Vascular and Endovascular Surgery","Single blind"
"X.1868","2632-373",NA,"European Management Journal","Single blind"
"X.1869","1430-57",NA,"European Polymer Journal","Single blind"
"X.1870","9249-338",NA,"European Psychiatry","Single blind"
"X.1871","2444-8834",NA,"European Research on Management and Business Economics","Single blind"
"X.1872","2588-9311",NA,"European Urology Oncology","Single blind"
"X.1873","1497-189",NA,"Evaluation and Program Planning","Single blind"
"X.1875","1448-27","1090-2422","Experimental Cell Research","Single blind"
"X.1876","1448-35","1096-0007","Experimental Eye Research","Single blind"
"X.1877","5315-565",NA,"Experimental Gerontology","Single blind"
"X.1878","0301-472X",NA,"Experimental Hematology","Single blind"
"X.1880","1448-94","1090-2449","Experimental Parasitology","Single blind"
"X.1881","8941-777",NA,"Experimental Thermal and Fluid Science","Single blind"
"X.1882","1448-00","1096-0945","Experimental and Molecular Pathology","Single blind"
"X.1883","9574-174",NA,"Expert Systems with Applications","Single blind"
"X.1884","1449-83","1090-2457","Explorations in Economic History","Single blind"
"X.1885","7230-869",NA,"Expositiones Mathematicae","Single blind"
"X.1886","2352-4316",NA,"Extreme Mechanics Letters","Single blind"
"X.1888","3784-290",NA,"Field Crops Research","Single blind"
"X.1890","0168-874X",NA,"Finite Elements in Analysis and Design","Single blind"
"X.1891","1071-5797","1090-2465","Finite Fields and Their Applications","Single blind"
"X.1892","3797-112",NA,"Fire Safety Journal","Single blind"
"X.1894","1657-836",NA,"Fisheries Research","Single blind"
"X.1895","2115-638",NA,"Fisioterapia","Single blind"
"X.1896","0367-326X",NA,"Fitoterapia","Single blind"
"X.1897","2452-2627",NA,"FlatChem","Single blind"
"X.1898","3672-530",NA,"Flora","Single blind"
"X.1899","9555-986",NA,"Flow Measurement and Instrumentation","Single blind"
"X.1900","3783-812",NA,"Fluid Phase Equilibria","Single blind"
"X.1901","2212-4292",NA,"Food Bioscience","Single blind"
"X.1903","9567-135",NA,"Food Control","Single blind"
"X.1904","0268-005X",NA,"Food Hydrocolloids","Single blind"
"X.1905","7400-020","1095-9998","Food Microbiology","Single blind"
"X.1906","2214-2894",NA,"Food Packaging and Shelf Life","Single blind"
"X.1907","3069-192",NA,"Food Policy","Single blind"
"X.1908","9503-293",NA,"Food Quality and Preference","Single blind"
"X.1909","9639-969",NA,"Food Research International","Single blind"
"X.1910","2213-4530",NA,"Food Science and Human Wellness","Single blind"
"X.1911","2213-3291",NA,"Food Structure","Single blind"
"X.1912","2352-2496",NA,"Food Webs","Single blind"
"X.1913","9603-085","9603-085","Food and Bioproducts Processing","Single blind"
"X.1914","2786-915",NA,"Food and Chemical Toxicology","Single blind"
"X.1915","2405-6766",NA,"Food and Waterborne Parasitology","Single blind"
"X.1916","1268-7731","1460-9584","Foot and Ankle Surgery","Single blind"
"X.1917","2468-1709",NA,"Forensic Chemistry","Single blind"
"X.1918","3790-738",NA,"Forensic Science International","Single blind"
"X.1919","1875-1741",NA,"Forensic Science International Supplement Series","Single blind"
"X.1921","3781-127",NA,"Forest Ecology and Management","Single blind"
"X.1922","1389-9341",NA,"Forest Policy and Economics","Single blind"
"X.1924","2542-3649",NA,"Frontiers in Laboratory Medicine","Single blind"
"X.1925","9130-22","1095-6808","Frontiers in Neuroendocrinology","Single blind"
"X.1926","2095-2635",NA,"Frontiers of Architectural Research","Single blind"
"X.1927","1623-61",NA,"Fuel","Single blind"
"X.1928","3783-820",NA,"Fuel Processing Technology","Single blind"
"X.1929","1749-4613",NA,"Fungal Biology Reviews","Single blind"
"X.1930","1754-5048",NA,"Fungal Ecology","Single blind"
"X.1931","1087-1845","1096-0937","Fungal Genetics and Biology","Single blind"
"X.1932","9203-796",NA,"Fusion Engineering and Design","Single blind"
"X.1933","2314-7210",NA,"Future Business Journal","Single blind"
"X.1934","2314-7288",NA,"Future Computing and Informatics Journal","Single blind"
"X.1935","2314-7180",NA,"Future Dental Journal","Single blind"
"X.1936","0167-739X",NA,"Future Generation Computer Systems","Single blind"
"X.1937","2314-7245",NA,"Future Journal of Pharmaceutical Sciences","Single blind"
"X.1938","1632-87",NA,"Futures","Single blind"
"X.1939","1650-114",NA,"Fuzzy Sets and Systems","Single blind"
"X.1940","9666-362",NA,"Gait & Posture","Single blind"
"X.1941","8998-256","1090-2473","Games and Economic Behavior","Single blind"
"X.1943","3781-119",NA,"Gene","Single blind"
"X.1944","1567-133X",NA,"Gene Expression Patterns","Single blind"
"X.1945","2452-0144",NA,"Gene Reports","Single blind"
"X.1946","1638-343",NA,"General Hospital Psychiatry","Single blind"
"X.1947","1664-80","1095-6840","General and Comparative Endocrinology","Single blind"
"X.1949","8887-543","1089-8646","Genomics","Single blind"
"X.1951","1670-37","1670-37","Geochimica et Cosmochimica Acta","Single blind"
"X.1952","1670-61",NA,"Geoderma","Single blind"
"X.1953","2352-0094",NA,"Geoderma Regional","Single blind"
"X.1954","1674-9847",NA,"Geodesy and Geodynamics","Single blind"
"X.1955","1671-85",NA,"Geoforum","Single blind"
"X.1956","2352-3808",NA,"Geomechanics for Energy and the Environment","Single blind"
"X.1957","0169-555X",NA,"Geomorphology","Single blind"
"X.1958","1674-9871",NA,"Geoscience Frontiers","Single blind"
"X.1959","3756-505",NA,"Geothermics","Single blind"
"X.1960","1974-572",NA,"Geriatric Nursing","Single blind"
"X.1961","2351-9894",NA,"Global Ecology and Conservation","Single blind"
"X.1962","9593-780",NA,"Global Environmental Change","Single blind"
"X.1963","1044-0283",NA,"Global Finance Journal","Single blind"
"X.1964","2211-9124",NA,"Global Food Security","Single blind"
"X.1965","2211-8160",NA,"Global Heart","Single blind"
"X.1966","2589-7918",NA,"Global Transitions","Single blind"
"X.1967","9218-181",NA,"Global and Planetary Change","Single blind"
"X.1968","1342-937X",NA,"Gondwana Research","Single blind"
"X.1969","0740-624X",NA,"Government Information Quarterly","Single blind"
"X.1971","2468-0257",NA,"Green Energy & Environment","Single blind"
"X.1972","2352-801X",NA,"Groundwater for Sustainable Development","Single blind"
"X.1973","1096-6374",NA,"Growth Hormone & IGF Research","Single blind"
"X.1974","9082-58","1095-6859","Gynecologic Oncology","Single blind"
"X.1975","2352-5789",NA,"Gynecologic Oncology Reports","Single blind"
"X.1976","1687-4048",NA,"HBRC Journal","Single blind"
"X.1977","0018-442X",NA,"HOMO","Single blind"
"X.1978","1365-182X","1477-2574","HPB","Single blind"
"X.1979","1973-975",NA,"Habitat International","Single blind"
"X.1980","2468-0672",NA,"HardwareX","Single blind"
"X.1981","1568-9883",NA,"Harmful Algae","Single blind"
"X.1982","1353-8292",NA,"Health & Place","Single blind"
"X.1983","1688-510",NA,"Health Policy","Single blind"
"X.1984","2452-3011",NA,"Health Professions Education","Single blind"
"X.1985","3785-955",NA,"Hearing Research","Single blind"
"X.1986","1479-563",NA,"Heart & Lung","Single blind"
"X.1987","1547-5271",NA,"Heart Rhythm","Single blind"
"X.1989","2214-0271",NA,"HeartRhythm Case Reports","Single blind"
"X.1990","1109-9666",NA,"Hellenic Journal of Cardiology","Single blind"
"X.1992","1658-3876",NA,"Hematology/Oncology and Stem Cell Therapy","Single blind"
"X.1993","1499-3872",NA,"Hepatobiliary & Pancreatic Diseases International","Single blind"
"X.1994","1574-1818",NA,"High Energy Density Physics","Single blind"
"X.1996","3150-860","1090-249X","Historia Mathematica","Single blind"
"X.1998","0018-506X","1095-6867","Hormones and Behavior","Single blind"
"X.1999","2468-0141",NA,"Horticultural Plant Journal","Single blind"
"X.2000","1988-859",NA,"Human Immunology","Single blind"
"X.2001","2452-2317",NA,"Human Microbiome Journal","Single blind"
"X.2002","1679-457",NA,"Human Movement Science","Single blind"
"X.2003","4681-77",NA,"Human Pathology","Single blind"
"X.2005","1053-4822",NA,"Human Resource Management Review","Single blind"
"X.2006","2589-7578",NA,"HydroResearch","Single blind"
"X.2007","0304-386X",NA,"Hydrometallurgy","Single blind"
"X.2008","3861-112",NA,"IATSS Research","Single blind"
"X.2009","2451-8301",NA,"IBRO Reports","Single blind"
"X.2010","2405-9595",NA,"ICT Express","Single blind"
"X.2011","2214-2509",NA,"IDCases","Single blind"
"X.2012","2468-6018",NA,"IFAC Journal of Systems and Control","Single blind"
"X.2013","2468-600X",NA,"IHJ Cardiovascular Case Reports (CVCR)","Single blind"
"X.2014","9703-896",NA,"IIMB Management Review","Single blind"
"X.2015","2352-9067",NA,"IJC Heart & Vasculature","Single blind"
"X.2016","1959-0318",NA,"IRBM","Single blind"
"X.2018","9242-716",NA,"ISPRS Journal of Photogrammetry and Remote Sensing","Single blind"
"X.2019","1910-35","1090-2643","Icarus","Single blind"
"X.2020","2628-856",NA,"Image and Vision Computing","Single blind"
"X.2021","1712-985",NA,"Immunobiology","Single blind"
"X.2022","1652-478",NA,"Immunology Letters","Single blind"
"X.2023","1935-77",NA,"Indagationes Mathematicae","Single blind"
"X.2024","1948-32",NA,"Indian Heart Journal","Single blind"
"X.2025","9762-884","9762-892","Indian Journal of Medical Specialities","Single blind"
"X.2026","1957-07",NA,"Indian Journal of Tuberculosis","Single blind"
"X.2027","9726-292",NA,"Indian Pacing and Electrophysiology Journal","Single blind"
"X.2028","9266-690",NA,"Industrial Crops and Products","Single blind"
"X.2029","1985-01",NA,"Industrial Marketing Management","Single blind"
"X.2030","1636-383",NA,"Infant Behavior and Development","Single blind"
"X.2033","2468-0427",NA,"Infectious Disease Modelling","Single blind"
"X.2034","2352-9148",NA,"Informatics in Medicine Unlocked","Single blind"
"X.2035","1676-245",NA,"Information Economics and Policy","Single blind"
"X.2036","1566-2535",NA,"Information Fusion","Single blind"
"X.2037","3064-573",NA,"Information Processing & Management","Single blind"
"X.2038","2001-90",NA,"Information Processing Letters","Single blind"
"X.2039","2214-3173",NA,"Information Processing in Agriculture","Single blind"
"X.2040","2002-55",NA,"Information Sciences","Single blind"
"X.2041","3064-379",NA,"Information Systems","Single blind"
"X.2042","8905-401","1090-2651","Information and Computation","Single blind"
"X.2044","1471-7727",NA,"Information and Organization","Single blind"
"X.2045","9505-849",NA,"Information and Software Technology","Single blind"
"X.2046","1350-4495",NA,"Infrared Physics & Technology","Single blind"
"X.2048","1387-7003",NA,"Inorganic Chemistry Communications","Single blind"
"X.2049","2016-93","2016-93","Inorganica Chimica Acta","Single blind"
"X.2050","9651-748",NA,"Insect Biochemistry and Molecular Biology","Single blind"
"X.2052","1679-260",NA,"Integration","Single blind"
"X.2053","2213-4220",NA,"Integrative Medicine Research","Single blind"
"X.2054","1602-896",NA,"Intelligence","Single blind"
"X.2055","9643-397",NA,"Intensive and Critical Care Nursing","Single blind"
"X.2056","2214-7519",NA,"Interdisciplinary Neurosurgery","Single blind"
"X.2057","9669-795",NA,"Intermetallics","Single blind"
"X.2058","9648-305",NA,"International Biodeterioration & Biodegradation","Single blind"
"X.2059","1598-4869",NA,"International Business Review","Single blind"
"X.2060","7351-933",NA,"International Communications in Heat and Mass Transfer","Single blind"
"X.2061","9586-946",NA,"International Dairy Journal","Single blind"
"X.2062","2110-7017",NA,"International Economics","Single blind"
"X.2063","1755-599X",NA,"International Emergency Nursing","Single blind"
"X.2064","1567-5769",NA,"International Immunopharmacology","Single blind"
"X.2065","2075-19",NA,"International Journal for Parasitology","Single blind"
"X.2068","1467-0895",NA,"International Journal of Accounting Information Systems","Single blind"
"X.2069","1437-496",NA,"International Journal of Adhesion and Adhesives","Single blind"
"X.2070","2214-1391",NA,"International Journal of Africa Nursing Sciences","Single blind"
"X.2071","9248-579",NA,"International Journal of Antimicrobial Agents","Single blind"
"X.2072","3032-434",NA,"International Journal of Applied Earth Observation and Geoinformation","Single blind"
"X.2073","0888-613X",NA,"International Journal of Approximate Reasoning","Single blind"
"X.2074","1418-130",NA,"International Journal of Biological Macromolecules","Single blind"
"X.2075","1675-273","1675-273","International Journal of Cardiology","Single blind"
"X.2076","2212-8689",NA,"International Journal of Child-Computer Interaction","Single blind"
"X.2077","1697-2600",NA,"International Journal of Clinical and Health Psychology","Single blind"
"X.2078","1665-162",NA,"International Journal of Coal Geology","Single blind"
"X.2079","7365-748",NA,"International Journal of Developmental Neuroscience","Single blind"
"X.2080","2212-4209",NA,"International Journal of Disaster Risk Reduction","Single blind"
"X.2081","9553-959",NA,"International Journal of Drug Policy","Single blind"
"X.2082","7380-593",NA,"International Journal of Educational Development","Single blind"
"X.2083","8830-355",NA,"International Journal of Educational Research","Single blind"
"X.2084","1420-615",NA,"International Journal of Electrical Power & Energy Systems","Single blind"
"X.2085","2072-25",NA,"International Journal of Engineering Science","Single blind"
"X.2086","1421-123",NA,"International Journal of Fatigue","Single blind"
"X.2087","1681-605",NA,"International Journal of Food Microbiology","Single blind"
"X.2088","1692-070",NA,"International Journal of Forecasting","Single blind"
"X.2090","1873-9598",NA,"International Journal of Gerontology","Single blind"
"X.2091","1750-5836",NA,"International Journal of Greenhouse Gas Control","Single blind"
"X.2092","0142-727X",NA,"International Journal of Heat and Fluid Flow","Single blind"
"X.2093","1793-10","1793-10","International Journal of Heat and Mass Transfer","Single blind"
"X.2094","2784-319",NA,"International Journal of Hospitality Management","Single blind"
"X.2095","1071-5819","1095-9300","International Journal of Human-Computer Studies","Single blind"
"X.2097","1438-4639",NA,"International Journal of Hygiene and Environmental Health","Single blind"
"X.2098","0734-743X",NA,"International Journal of Impact Engineering","Single blind"
"X.2099","1698-141",NA,"International Journal of Industrial Ergonomics","Single blind"
"X.2100","1677-187",NA,"International Journal of Industrial Organization","Single blind"
"X.2101","1201-9712",NA,"International Journal of Infectious Diseases","Single blind"
"X.2102","2684-012",NA,"International Journal of Information Management","Single blind"
"X.2103","2096-2487",NA,"International Journal of Innovation Studies","Single blind"
"X.2104","1471-767",NA,"International Journal of Intercultural Relations","Single blind"
"X.2105","1602-527",NA,"International Journal of Law and Psychiatry","Single blind"
"X.2107","2588-8404",NA,"International Journal of Lightweight Materials and Manufacture","Single blind"
"X.2108","8906-955",NA,"International Journal of Machine Tools and Manufacture","Single blind"
"X.2110","2074-03",NA,"International Journal of Mechanical Sciences","Single blind"
"X.2111","1386-5056",NA,"International Journal of Medical Informatics","Single blind"
"X.2112","1438-4221",NA,"International Journal of Medical Microbiology","Single blind"
"X.2113","2095-2686",NA,"International Journal of Mining Science and Technology","Single blind"
"X.2114","3019-322",NA,"International Journal of Multiphase Flow","Single blind"
"X.2115","2092-6782",NA,"International Journal of Naval Architecture and Ocean Engineering","Single blind"
"X.2116","2074-62",NA,"International Journal of Non-Linear Mechanics","Single blind"
"X.2117","2352-0132",NA,"International Journal of Nursing Sciences","Single blind"
"X.2119","0959-289X",NA,"International Journal of Obstetric Anesthesia","Single blind"
"X.2120","1746-0689",NA,"International Journal of Osteopathic Medicine","Single blind"
"X.2121","1879-9817",NA,"International Journal of Paleopathology","Single blind"
"X.2122","1996-6814",NA,"International Journal of Pavement Research and Technology","Single blind"
"X.2123","1655-876","1655-876","International Journal of Pediatric Otorhinolaryngology","Single blind"
"X.2124","2588-9109",NA,"International Journal of Pediatric Otorhinolaryngology Case Reports","Single blind"
"X.2125","2352-6467",NA,"International Journal of Pediatrics and Adolescent Medicine","Single blind"
"X.2126","3785-173",NA,"International Journal of Pharmaceutics","Single blind"
"X.2127","7496-419",NA,"International Journal of Plasticity","Single blind"
"X.2129","9255-273",NA,"International Journal of Production Economics","Single blind"
"X.2130","2637-863",NA,"International Journal of Project Management","Single blind"
"X.2131","1678-760",NA,"International Journal of Psychophysiology","Single blind"
"X.2133","2634-368",NA,"International Journal of Refractory Metals and Hard Materials","Single blind"
"X.2134","1407-007",NA,"International Journal of Refrigeration","Single blind"
"X.2135","1678-116",NA,"International Journal of Research in Marketing","Single blind"
"X.2136","1365-1609",NA,"International Journal of Rock Mechanics and Mining Sciences","Single blind"
"X.2138","2076-83",NA,"International Journal of Solids and Structures","Single blind"
"X.2139","1743-9191",NA,"International Journal of Surgery","Other"
"X.2140","2210-2612",NA,"International Journal of Surgery Case Reports","Single blind"
"X.2141","2405-8572",NA,"International Journal of Surgery Open","Single blind"
"X.2142","2468-3574",NA,"International Journal of Surgery Protocols","Single blind"
"X.2143","1290-0729",NA,"International Journal of Thermal Sciences","Single blind"
"X.2144","2046-0430",NA,"International Journal of Transportation Science and Technology","Single blind"
"X.2145","2314-4599","2314-4599","International Journal of Veterinary Science and Medicine","Single blind"
"X.2147","2405-5352",NA,"International Journal of e-Navigation and Maritime Economy","Single blind"
"X.2148","1059-0560",NA,"International Review of Economics & Finance","Single blind"
"X.2149","1477-3880",NA,"International Review of Economics Education","Single blind"
"X.2150","1057-5219",NA,"International Review of Financial Analysis","Single blind"
"X.2151","1448-188",NA,"International Review of Law and Economics","Single blind"
"X.2152","2095-6339",NA,"International Soil and Water Conservation Research","Single blind"
"X.2153","2214-7829",NA,"Internet Interventions","Single blind"
"X.2154","2542-6605",NA,"Internet of Things","Single blind"
"X.2156","2352-5126",NA,"JAAD Case Reports","Single blind"
"X.2163","2352-5878",NA,"JPRAS Open","Single blind"
"X.2164","9221-425",NA,"Japan and the World Economy","Single blind"
"X.2165","2175-57","2175-57","Jornal de Pediatria","Single blind"
"X.2169","1617-1381",NA,"Journal for Nature Conservation","Single blind"
"X.2171","7485-751",NA,"Journal of Accounting Education","Single blind"
"X.2172","7374-607",NA,"Journal of Accounting Literature","Single blind"
"X.2173","1654-101",NA,"Journal of Accounting and Economics","Single blind"
"X.2174","2784-254",NA,"Journal of Accounting and Public Policy","Single blind"
"X.2176","1401-971","1095-9254","Journal of Adolescence","Single blind"
"X.2177","1054-139X",NA,"Journal of Adolescent Health","Single blind"
"X.2178","2090-1232",NA,"Journal of Advanced Research","Single blind"
"X.2179","2185-02",NA,"Journal of Aerosol Science","Single blind"
"X.2180","1650-327",NA,"Journal of Affective Disorders","Single blind"
"X.2181","1464-343X",NA,"Journal of African Earth Sciences","Single blind"
"X.2182","2214-8515",NA,"Journal of African Trade","Single blind"
"X.2183","8904-065",NA,"Journal of Aging Studies","Single blind"
"X.2184","9696-997",NA,"Journal of Air Transport Management","Single blind"
"X.2185","2186-93","1090-266X","Journal of Algebra","Single blind"
"X.2186","9167-49",NA,"Journal of Allergy and Clinical Immunology","Single blind"
"X.2187","9258-388",NA,"Journal of Alloys and Compounds","Single blind"
"X.2188","1652-370",NA,"Journal of Analytical and Applied Pyrolysis","Single blind"
"X.2189","2352-4529",NA,"Journal of Anesthesia History","Single blind"
"X.2190","2784-165","1090-2686","Journal of Anthropological Archaeology","Single blind"
"X.2191","8876-185",NA,"Journal of Anxiety Disorders","Single blind"
"X.2192","2085-216",NA,"Journal of Applied Biomedicine","Single blind"
"X.2193","1933-973",NA,"Journal of Applied Developmental Psychology","Single blind"
"X.2194","9269-851",NA,"Journal of Applied Geophysics","Single blind"
"X.2195","2211-3681",NA,"Journal of Applied Research in Memory and Cognition","Single blind"
"X.2196","2214-7861",NA,"Journal of Applied Research on Medicinal and Aromatic Plants","Single blind"
"X.2197","2190-45","1096-0430","Journal of Approximation Theory","Single blind"
"X.2198","3054-403","1095-9238","Journal of Archaeological Science","Single blind"
"X.2202","2214-9635",NA,"Journal of Arthroscopy and Joint Surgery","Single blind"
"X.2203","2287-884X",NA,"Journal of Asia-Pacific Biodiversity","Single blind"
"X.2204","1226-8615",NA,"Journal of Asia-Pacific Entomology","Single blind"
"X.2205","7439-547",NA,"Journal of Asian Earth Sciences","Single blind"
"X.2206","1049-0078",NA,"Journal of Asian Economics","Single blind"
"X.2207","1364-6826",NA,"Journal of Atmospheric and Solar-Terrestrial Physics","Single blind"
"X.2208","8968-411","1095-9157","Journal of Autoimmunity","Single blind"
"X.2209","9759-476",NA,"Journal of Ayurveda and Integrative Medicine","Single blind"
"X.2210","3784-266",NA,"Journal of Banking & Finance","Single blind"
"X.2211","5791-6",NA,"Journal of Behavior Therapy and Experimental Psychiatry","Single blind"
"X.2212","2214-6350",NA,"Journal of Behavioral and Experimental Finance","Single blind"
"X.2213","1532-0464","1532-0480","Journal of Biomedical Informatics","Single blind"
"X.2214","2588-9338",NA,"Journal of Biosafety and Biosecurity","Single blind"
"X.2215","1681-656",NA,"Journal of Biotechnology","Single blind"
"X.2216","1360-8592",NA,"Journal of Bodywork and Movement Therapies","Single blind"
"X.2217","2212-1374",NA,"Journal of Bone Oncology","Single blind"
"X.2218","2352-7102",NA,"Journal of Building Engineering","Single blind"
"X.2219","1482-963",NA,"Journal of Business Research","Single blind"
"X.2220","8839-026",NA,"Journal of Business Venturing","Single blind"
"X.2221","2352-6734",NA,"Journal of Business Venturing Insights","Single blind"
"X.2222","2212-9820",NA,"Journal of CO2 Utilization","Single blind"
"X.2223","2213-5383",NA,"Journal of Cancer Policy","Single blind"
"X.2224","2311-3006",NA,"Journal of Cancer Research and Practice","Single blind"
"X.2225","1071-9164",NA,"Journal of Cardiac Failure","Single blind"
"X.2226","9145-087",NA,"Journal of Cardiology","Single blind"
"X.2227","1878-5409",NA,"Journal of Cardiology Cases","Single blind"
"X.2228","1053-0770",NA,"Journal of Cardiothoracic and Vascular Anesthesia","Single blind"
"X.2229","1934-5925",NA,"Journal of Cardiovascular Computed Tomography","Single blind"
"X.2230","2195-17","1090-2694","Journal of Catalysis","Single blind"
"X.2231","2352-1775",NA,"Journal of Cellular Immunotherapy","Single blind"
"X.2232","7335-210","1095-9963","Journal of Cereal Science","Single blind"
"X.2233","8910-618",NA,"Journal of Chemical Neuroanatomy","Single blind"
"X.2234","1755-5345",NA,"Journal of Choice Modelling","Single blind"
"X.2235","2196-73",NA,"Journal of Chromatography A","Single blind"
"X.2236","1570-0232",NA,"Journal of Chromatography B","Single blind"
"X.2237","9596-526",NA,"Journal of Cleaner Production","Single blind"
"X.2238","9528-180",NA,"Journal of Clinical Anesthesia","Single blind"
"X.2239","8954-356",NA,"Journal of Clinical Epidemiology","Single blind"
"X.2240","1933-2874",NA,"Journal of Clinical Lipidology","Single blind"
"X.2241","9675-868",NA,"Journal of Clinical Neuroscience","Single blind"
"X.2242","9765-662",NA,"Journal of Clinical Orthopaedics and Trauma","Single blind"
"X.2243","2405-5794",NA,"Journal of Clinical Tuberculosis and Other Mycobacterial Diseases","Single blind"
"X.2244","1386-6532",NA,"Journal of Clinical Virology","Single blind"
"X.2245","9736-883",NA,"Journal of Clinical and Experimental Hepatology","Single blind"
"X.2247","2214-6245",NA,"Journal of Clinical and Translational Endocrinology Case Reports","Single blind"
"X.2248","2213-297X",NA,"Journal of Co-operative Organization and Management","Single blind"
"X.2249","2197-97","1095-7103","Journal of Colloid and Interface Science","Single blind"
"X.2250","2237-9363",NA,"Journal of Coloproctology","Single blind"
"X.2253","2405-8513",NA,"Journal of Commodity Markets","Single blind"
"X.2254","2199-24",NA,"Journal of Communication Disorders","Single blind"
"X.2255","2199-75",NA,"Journal of Comparative Pathology","Single blind"
"X.2256","0885-064X","1090-2708","Journal of Complexity","Single blind"
"X.2257","2288-4300",NA,"Journal of Computational Design and Engineering","Single blind"
"X.2258","2199-91","1090-2716","Journal of Computational Physics","Single blind"
"X.2259","3770-427",NA,"Journal of Computational and Applied Mathematics","Single blind"
"X.2260","2200-00","1090-2724","Journal of Computer and System Sciences","Single blind"
"X.2262","1697-722",NA,"Journal of Contaminant Hydrology","Single blind"
"X.2264","2212-1447",NA,"Journal of Contextual Behavioral Science","Single blind"
"X.2265","1683-659",NA,"Journal of Controlled Release","Single blind"
"X.2266","9291-199",NA,"Journal of Corporate Finance","Single blind"
"X.2267","1010-5182",NA,"Journal of Cranio-Maxillofacial Surgery","Single blind"
"X.2268","4723-52",NA,"Journal of Criminal Justice","Single blind"
"X.2269","8839-441",NA,"Journal of Critical Care","Single blind"
"X.2270","2202-48",NA,"Journal of Crystal Growth","Single blind"
"X.2272","2452-2325",NA,"Journal of Current Ophthalmology","Single blind"
"X.2273","1569-1993",NA,"Journal of Cystic Fibrosis","Single blind"
"X.2274","1991-7902",NA,"Journal of Dental Sciences","Single blind"
"X.2275","3005-712",NA,"Journal of Dentistry","Single blind"
"X.2276","9231-811",NA,"Journal of Dermatological Science","Single blind"
"X.2277","2212-571X",NA,"Journal of Destination Marketing & Management","Single blind"
"X.2278","3043-878",NA,"Journal of Development Economics","Single blind"
"X.2279","1056-8727",NA,"Journal of Diabetes and its Complications","Single blind"
"X.2280","2203-96","1090-2732","Journal of Differential Equations","Single blind"
"X.2281","1570-8667",NA,"Journal of Discrete Algorithms","Single blind"
"X.2282","1773-2247",NA,"Journal of Drug Delivery Science and Technology","Single blind"
"X.2283","1672-681","1672-681","Journal of Economic Behavior & Organization","Single blind"
"X.2284","1651-889",NA,"Journal of Economic Dynamics and Control","Single blind"
"X.2285","1674-870",NA,"Journal of Economic Psychology","Single blind"
"X.2286","2205-31","1095-7235","Journal of Economic Theory","Single blind"
"X.2287","1486-195",NA,"Journal of Economics and Business","Single blind"
"X.2288","2314-7172",NA,"Journal of Electrical Systems and Information Technology","Single blind"
"X.2289","1572-6657",NA,"Journal of Electroanalytical Chemistry","Single blind"
"X.2290","2207-36",NA,"Journal of Electrocardiology","Single blind"
"X.2292","3043-886",NA,"Journal of Electrostatics","Single blind"
"X.2293","9917-67",NA,"Journal of Emergency Nursing","Single blind"
"X.2294","9275-398",NA,"Journal of Empirical Finance","Single blind"
"X.2295","9923-99",NA,"Journal of Endodontics","Single blind"
"X.2296","2095-4956",NA,"Journal of Energy Chemistry","Single blind"
"X.2297","2352-152X",NA,"Journal of Energy Storage","Single blind"
"X.2298","9234-748",NA,"Journal of Engineering and Technology Management","Single blind"
"X.2299","1475-1585",NA,"Journal of English for Academic Purposes","Single blind"
"X.2300","2213-3437",NA,"Journal of Environmental Chemical Engineering","Single blind"
"X.2301","3014-797","1095-8630","Journal of Environmental Management","Single blind"
"X.2302","2724-944","1522-9610","Journal of Environmental Psychology","Single blind"
"X.2303","0265-931X",NA,"Journal of Environmental Radioactivity","Single blind"
"X.2304","1001-0742",NA,"Journal of Environmental Sciences","Single blind"
"X.2305","2210-6006","2210-6006","Journal of Epidemiology and Global Health","Single blind"
"X.2306","7370-806",NA,"Journal of Equine Veterinary Science","Single blind"
"X.2307","2352-6181",NA,"Journal of Ethnic Foods","Single blind"
"X.2308","3788-741",NA,"Journal of Ethnopharmacology","Single blind"
"X.2309","2452-4034",NA,"Journal of EuCornea","Single blind"
"X.2310","1879-3665","1879-3673","Journal of Eurasian Studies","Single blind"
"X.2312","1728-869X",NA,"Journal of Exercise Science & Fitness","Single blind"
"X.2313","2209-65","1096-0457","Journal of Experimental Child Psychology","Single blind"
"X.2315","2210-31","1096-0465","Journal of Experimental Social Psychology","Single blind"
"X.2317","0304-405X",NA,"Journal of Financial Economics","Single blind"
"X.2318","1042-9573","1096-0473","Journal of Financial Intermediation","Single blind"
"X.2319","1386-4181",NA,"Journal of Financial Markets","Single blind"
"X.2320","1572-3089",NA,"Journal of Financial Stability","Single blind"
"X.2321","0094-730X",NA,"Journal of Fluency Disorders","Single blind"
"X.2322","8899-746","1095-8622","Journal of Fluids and Structures","Single blind"
"X.2323","2211-39",NA,"Journal of Fluorine Chemistry","Single blind"
"X.2324","8891-575","1096-0481","Journal of Food Composition and Analysis","Single blind"
"X.2325","2608-774",NA,"Journal of Food Engineering","Single blind"
"X.2326","1021-9498",NA,"Journal of Food and Drug Analysis","Single blind"
"X.2327","2212-4780",NA,"Journal of Forensic Radiology and Imaging","Single blind"
"X.2328","1752-928X",NA,"Journal of Forensic and Legal Medicine","Single blind"
"X.2329","1104-6899",NA,"Journal of Forest Economics","Single blind"
"X.2330","1872-5813",NA,"Journal of Fuel Chemistry and Technology","Single blind"
"X.2331","2212-36","1096-0783","Journal of Functional Analysis","Single blind"
"X.2332","1756-4646",NA,"Journal of Functional Foods","Single blind"
"X.2333","1687-157X",NA,"Journal of Genetic Engineering and Biotechnology","Single blind"
"X.2334","1673-8527",NA,"Journal of Genetics and Genomics","Single blind"
"X.2335","3756-742",NA,"Journal of Geochemical Exploration","Single blind"
"X.2336","2643-707",NA,"Journal of Geodynamics","Single blind"
"X.2337","3930-440",NA,"Journal of Geometry and Physics","Single blind"
"X.2338","1879-4068",NA,"Journal of Geriatric Oncology","Single blind"
"X.2339","1226-8453",NA,"Journal of Ginseng Research","Single blind"
"X.2340","2213-7165",NA,"Journal of Global Antimicrobial Resistance","Single blind"
"X.2342","2468-7847",NA,"Journal of Gynecology Obstetrics and Human Reproduction","Single blind"
"X.2343","2589-5141",NA,"Journal of Hand Surgery Global Online","Single blind"
"X.2344","8941-130",NA,"Journal of Hand Therapy","Single blind"
"X.2345","3043-894",NA,"Journal of Hazardous Materials","Single blind"
"X.2346","1676-296",NA,"Journal of Health Economics","Single blind"
"X.2347","2603-6479",NA,"Journal of Healthcare Quality Research","Single blind"
"X.2348","2210-8033",NA,"Journal of Herbal Medicine","Single blind"
"X.2349","2214-4048",NA,"Journal of High Energy Astrophysics","Single blind"
"X.2350","3057-488","1095-8614","Journal of Historical Geography","Single blind"
"X.2351","1956-701",NA,"Journal of Hospital Infection","Single blind"
"X.2352","1447-6770","1839-5260","Journal of Hospitality and Tourism Management","Single blind"
"X.2354","1051-1377","1096-0791","Journal of Housing Economics","Single blind"
"X.2355","4724-84","1095-8606","Journal of Human Evolution","Single blind"
"X.2356","1570-6443",NA,"Journal of Hydro-environment Research","Single blind"
"X.2357","2216-94",NA,"Journal of Hydrology","Single blind"
"X.2359","2217-59",NA,"Journal of Immunological Methods","Single blind"
"X.2360","2468-4988",NA,"Journal of Immunology and Regenerative Medicine","Single blind"
"X.2361","1561-8811","2213-3615","Journal of Indian College of Cardiology","Single blind"
"X.2362","2452-414X",NA,"Journal of Industrial Information Integration","Single blind"
"X.2363","1226-086X",NA,"Journal of Industrial and Engineering Chemistry","Single blind"
"X.2364","1634-453",NA,"Journal of Infection","Single blind"
"X.2365","1341-321X","1437-7780","Journal of Infection and Chemotherapy","Single blind"
"X.2366","1876-0341",NA,"Journal of Infection and Public Health","Single blind"
"X.2367","2214-2126",NA,"Journal of Information Security and Applications","Single blind"
"X.2368","1751-1577",NA,"Journal of Informetrics","Single blind"
"X.2369","1620-134",NA,"Journal of Inorganic Biochemistry","Single blind"
"X.2370","2219-10","2219-10","Journal of Insect Physiology","Single blind"
"X.2371","2315-4616",NA,"Journal of Integrative Medicine","Single blind"
"X.2372","1094-9968","1520-6653","Journal of Interactive Marketing","Single blind"
"X.2374","2219-96",NA,"Journal of International Economics","Single blind"
"X.2376","1075-4253",NA,"Journal of International Management","Single blind"
"X.2377","2615-606",NA,"Journal of International Money and Finance","Single blind"
"X.2378","2405-4526",NA,"Journal of Interprofessional Education & Practice","Single blind"
"X.2379","2220-11","1096-0805","Journal of Invertebrate Pathology","Single blind"
"X.2380","0022-202X","1523-1747","Journal of Investigative Dermatology","Single blind"
"X.2381","1087-0024","1529-1774","Journal of Investigative Dermatology Symposium Proceedings","Single blind"
"X.2382","1319-1578",NA,"Journal of King Saud University - Computer and Information Sciences","Single blind"
"X.2383","1018-3639",NA,"Journal of King Saud University - Engineering Sciences","Single blind"
"X.2384","1018-3647",NA,"Journal of King Saud University - Science","Single blind"
"X.2385","2352-2208",NA,"Journal of Logical and Algebraic Methods in Programming","Single blind"
"X.2386","9504-230",NA,"Journal of Loss Prevention in the Process Industries","Single blind"
"X.2387","2223-13",NA,"Journal of Luminescence","Single blind"
"X.2388","1640-704",NA,"Journal of Macroeconomics","Single blind"
"X.2389","2213-9567",NA,"Journal of Magnesium and Alloys","Single blind"
"X.2391","3048-853",NA,"Journal of Magnetism and Magnetic Materials","Single blind"
"X.2392","1526-6125",NA,"Journal of Manufacturing Processes","Single blind"
"X.2393","2786-125",NA,"Journal of Manufacturing Systems","Single blind"
"X.2394","9247-963",NA,"Journal of Marine Systems","Single blind"
"X.2395","9240-136",NA,"Journal of Materials Processing Technology","Single blind"
"X.2396","2238-7854",NA,"Journal of Materials Research and Technology","Single blind"
"X.2398","2352-8478",NA,"Journal of Materiomics","Single blind"
"X.2399","0022-247X","1096-0813","Journal of Mathematical Analysis and Applications","Single blind"
"X.2400","3044-068",NA,"Journal of Mathematical Economics","Single blind"
"X.2401","2224-96","1096-0880","Journal of Mathematical Psychology","Single blind"
"X.2402","1939-8654",NA,"Journal of Medical Imaging and Radiation Sciences","Single blind"
"X.2403","3767-388",NA,"Journal of Membrane Science","Single blind"
"X.2404","0749-596X","1096-0821","Journal of Memory and Language","Single blind"
"X.2405","1677-012",NA,"Journal of Microbiological Methods","Single blind"
"X.2407","1553-4650",NA,"Journal of Minimally Invasive Gynecology","Single blind"
"X.2408","2228-36","1089-8638","Journal of Molecular Biology","Single blind"
"X.2410","1677-322",NA,"Journal of Molecular Liquids","Single blind"
"X.2411","2228-52","1096-083X","Journal of Molecular Spectroscopy","Single blind"
"X.2412","2228-60","2228-60","Journal of Molecular Structure","Single blind"
"X.2413","2228-28","1095-8584","Journal of Molecular and Cellular Cardiology","Single blind"
"X.2414","3043-932",NA,"Journal of Monetary Economics","Single blind"
"X.2415","1042-444X",NA,"Journal of Multinational Financial Management","Single blind"
"X.2416","0047-259X","1095-7243","Journal of Multivariate Analysis","Single blind"
"X.2417","2468-256X",NA,"Journal of Natural Gas Geoscience","Single blind"
"X.2418","1875-5100",NA,"Journal of Natural Gas Science and Engineering","Single blind"
"X.2419","1355-1841",NA,"Journal of Neonatal Nursing","Single blind"
"X.2420","1084-8045","1095-8592","Journal of Network and Computer Applications","Single blind"
"X.2421","1655-728",NA,"Journal of Neuroimmunology","Single blind"
"X.2422","9116-044",NA,"Journal of Neurolinguistics","Single blind"
"X.2423","1509-861",NA,"Journal of Neuroradiology","Single blind"
"X.2424","1650-270",NA,"Journal of Neuroscience Methods","Single blind"
"X.2425","2230-93",NA,"Journal of Non-Crystalline Solids","Single blind"
"X.2426","3770-257",NA,"Journal of Non-Newtonian Fluid Mechanics","Single blind"
"X.2427","2231-15","2231-15","Journal of Nuclear Materials","Single blind"
"X.2428","0022-314X","1096-1658","Journal of Number Theory","Single blind"
"X.2430","1499-4046",NA,"Journal of Nutrition Education and Behavior","Single blind"
"X.2431","2211-3649",NA,"Journal of Obsessive-Compulsive and Related Disorders","Single blind"
"X.2432","1701-2163",NA,"Journal of Obstetrics and Gynaecology Canada","Single blind"
"X.2433","2468-0133",NA,"Journal of Ocean Engineering and Science","Single blind"
"X.2434","2452-3364",NA,"Journal of Oncological Sciences","Single blind"
"X.2435","2726-963","1873-1317","Journal of Operations Management","Single blind"
"X.2436","1888-4296","1989-1342","Journal of Optometry","Single blind"
"X.2437","2212-4268",NA,"Journal of Oral Biology and Craniofacial Research","Single blind"
"X.2438","1349-0079","1880-3865","Journal of Oral Biosciences","Single blind"
"X.2439","2782-391",NA,"Journal of Oral and Maxillofacial Surgery","Single blind"
"X.2441","0022-328X","0022-328X","Journal of Organometallic Chemistry","Single blind"
"X.2442","9492-658","1436-2023","Journal of Orthopaedic Science","Single blind"
"X.2444","0972-978X",NA,"Journal of Orthopaedics","Single blind"
"X.2446","1672-2930",NA,"Journal of Otology","Single blind"
"X.2448","8853-924",NA,"Journal of Pain and Symptom Management","Single blind"
"X.2449","7437-315","1096-0848","Journal of Parallel and Distributed Computing","Single blind"
"X.2450","8915-245",NA,"Journal of Pediatric Health Care","Single blind"
"X.2451","8825-963",NA,"Journal of Pediatric Nursing","Single blind"
"X.2452","2234-68","1531-5037","Journal of Pediatric Surgery","Single blind"
"X.2453","2213-5766",NA,"Journal of Pediatric Surgery Case Reports","Single blind"
"X.2454","1477-5131",NA,"Journal of Pediatric Urology","Single blind"
"X.2455","1089-9472",NA,"Journal of PeriAnesthesia Nursing","Single blind"
"X.2456","9204-105",NA,"Journal of Petroleum Science and Engineering","Single blind"
"X.2457","2095-1779",NA,"Journal of Pharmaceutical Analysis","Single blind"
"X.2458","2235-49","1520-6017","Journal of Pharmaceutical Sciences","Single blind"
"X.2459","7317-085",NA,"Journal of Pharmaceutical and Biomedical Analysis","Single blind"
"X.2460","1347-8613","1347-8648","Journal of Pharmacological Sciences","Single blind"
"X.2461","1056-8719",NA,"Journal of Pharmacological and Toxicological Methods","Single blind"
"X.2468","1836-9553",NA,"Journal of Physiotherapy","Single blind"
"X.2469","1761-617",NA,"Journal of Plant Physiology","Single blind"
"X.2470","3787-753","3787-753","Journal of Power Sources","Single blind"
"X.2472","9591-524",NA,"Journal of Process Control","Single blind"
"X.2473","8755-7223",NA,"Journal of Professional Nursing","Single blind"
"X.2474","2239-13",NA,"Journal of Prosthetic Dentistry","Single blind"
"X.2475","1883-1958",NA,"Journal of Prosthodontic Research","Single blind"
"X.2476","1874-3919",NA,"Journal of Proteomics","Single blind"
"X.2477","2239-56",NA,"Journal of Psychiatric Research","Single blind"
"X.2479","4727-27",NA,"Journal of Public Economics","Single blind"
"X.2481","2240-49",NA,"Journal of Pure and Applied Algebra","Single blind"
"X.2483","1687-8507","1687-8507","Journal of Radiation Research and Applied Sciences","Single blind"
"X.2484","1546-0843",NA,"Journal of Radiology Nursing","Single blind"
"X.2485","2210-9706",NA,"Journal of Rail Transport Planning & Management","Single blind"
"X.2486","1002-0721",NA,"Journal of Rare Earths","Single blind"
"X.2487","1051-2276","1532-8503","Journal of Renal Nutrition","Single blind"
"X.2488","1650-378",NA,"Journal of Reproductive Immunology","Single blind"
"X.2490","2243-59",NA,"Journal of Retailing","Single blind"
"X.2491","9696-989",NA,"Journal of Retailing and Consumer Services","Single blind"
"X.2492","1674-7755",NA,"Journal of Rock Mechanics and Geotechnical Engineering","Single blind"
"X.2493","1882-4560","2187-2627","Journal of Rural Studies","Single blind"
"X.2494","2243-75",NA,"Journal of Safety Research","Single blind"
"X.2495","1319-6103",NA,"Journal of Saudi Chemical Society","Single blind"
"X.2496","2244-05",NA,"Journal of School Psychology","Single blind"
"X.2497","1440-2440",NA,"Journal of Science and Medicine in Sport","Single blind"
"X.2501","2245-96","1095-726X","Journal of Solid State Chemistry","Single blind"
"X.2502","0022-460X","1095-8568","Journal of Sound and Vibration","Single blind"
"X.2503","8959-811",NA,"Journal of South American Earth Sciences","Single blind"
"X.2504","2468-8967",NA,"Journal of Space Safety Engineering","Single blind"
"X.2505","2095-2546",NA,"Journal of Sport and Health Science","Single blind"
"X.2506","3783-758",NA,"Journal of Statistical Planning and Inference","Single blind"
"X.2508","0022-474X",NA,"Journal of Stored Products Research","Single blind"
"X.2509","1047-8477","1095-8657","Journal of Structural Biology","Single blind"
"X.2510","1918-141",NA,"Journal of Structural Geology","Single blind"
"X.2511","7405-472",NA,"Journal of Substance Abuse Treatment","Single blind"
"X.2512","1931-7204",NA,"Journal of Surgical Education","Single blind"
"X.2513","2248-04","1095-8673","Journal of Surgical Research","Single blind"
"X.2514","2300-3960",NA,"Journal of Sustainable Mining","Single blind"
"X.2515","7477-171","1095-855X","Journal of Symbolic Computation","Single blind"
"X.2516","1383-7621",NA,"Journal of Systems Architecture","Single blind"
"X.2517","1641-212",NA,"Journal of Systems and Software","Single blind"
"X.2518","1658-3612",NA,"Journal of Taibah University Medical Sciences","Single blind"
"X.2519","2248-98",NA,"Journal of Terramechanics","Single blind"
"X.2521","1072-7515",NA,"Journal of The American College of Surgeons","Single blind"
"X.2522","8947-317",NA,"Journal of The American Society of Echocardiography","Single blind"
"X.2523","1600-32",NA,"Journal of The Franklin Institute","Single blind"
"X.2524","2251-93","1095-8541","Journal of Theoretical Biology","Single blind"
"X.2525","3064-565",NA,"Journal of Thermal Biology","Single blind"
"X.2526","1556-0864",NA,"Journal of Thoracic Oncology","Single blind"
"X.2527","0965-206X",NA,"Journal of Tissue Viability","Single blind"
"X.2528","0946-672X",NA,"Journal of Trace Elements in Medicine and Biology","Single blind"
"X.2529","2095-7548",NA,"Journal of Traditional Chinese Medical Sciences","Single blind"
"X.2530","2546-272",NA,"Journal of Traditional Chinese Medicine","Single blind"
"X.2532","2095-7564",NA,"Journal of Traffic and Transportation Engineering (English Edition)","Single blind"
"X.2533","2214-1405",NA,"Journal of Transport & Health","Single blind"
"X.2534","9666-923",NA,"Journal of Transport Geography","Single blind"
"X.2535","9411-90","1095-9068","Journal of Urban Economics","Single blind"
"X.2536","2226-5856",NA,"Journal of Urban Management","Single blind"
"X.2537","1062-0303",NA,"Journal of Vascular Nursing","Single blind"
"X.2538","1558-7878",NA,"Journal of Veterinary Behavior","Single blind"
"X.2539","1660-934",NA,"Journal of Virological Methods","Single blind"
"X.2542","1879-1","1095-9084","Journal of Vocational Behavior","Single blind"
"X.2543","8921-997",NA,"Journal of Voice","Single blind"
"X.2544","3770-273",NA,"Journal of Volcanology and Geothermal Research","Single blind"
"X.2546","1570-8268",NA,"Journal of Web Semantics","Single blind"
"X.2548","1090-9516",NA,"Journal of World Business","Single blind"
"X.2550","1525-8610",NA,"Journal of the American Medical Directors Association","Single blind"
"X.2551","1544-3191",NA,"Journal of the American Pharmacists Association","Single blind"
"X.2552","2213-2945",NA,"Journal of the American Society of Cytopathology","Single blind"
"X.2553","1933-1711",NA,"Journal of the American Society of Hypertension","Single blind"
"X.2555","1552-8855","1557-1289","Journal of the Association for Vascular Access","Single blind"
"X.2556","1055-3290",NA,"Journal of the Association of Nurses in AIDS Care","Single blind"
"X.2557","1726-4901",NA,"Journal of the Chinese Medical Association","Single blind"
"X.2558","1110-0362",NA,"Journal of the Egyptian National Cancer Institute","Single blind"
"X.2559","1110-578X",NA,"Journal of the Egyptian Society of Cardio-Thoracic Surgery","Single blind"
"X.2560","1442-600","1746-0220","Journal of the Energy Institute","Single blind"
"X.2561","9552-219",NA,"Journal of the European Ceramic Society","Single blind"
"X.2562","9296-646",NA,"Journal of the Formosan Medical Association","Single blind"
"X.2563","8891-583","1095-8681","Journal of the Japanese and International Economies","Single blind"
"X.2564","1226-3192",NA,"Journal of the Korean Statistical Society","Single blind"
"X.2565","1751-6161",NA,"Journal of the Mechanical Behavior of Biomedical Materials","Single blind"
"X.2566","2250-96",NA,"Journal of the Mechanics and Physics of Solids","Single blind"
"X.2567","2796-84",NA,"Journal of the National Medical Association","Single blind"
"X.2569","1319-9218",NA,"Journal of the Saudi Heart Association","Single blind"
"X.2570","1658-077X",NA,"Journal of the Saudi Society of Agricultural Sciences","Single blind"
"X.2571","1876-1070",NA,"Journal of the Taiwan Institute of Chemical Engineers","Single blind"
"X.2572","2212-4438",NA,"Journal of the World Federation of Orthodontists","Single blind"
"X.2573","2405-609X","2405-6103","Karbala International Journal of Modern Science","Single blind"
"X.2574","2452-3151",NA,"Kasetsart Journal of Social Sciences","Single blind"
"X.2575","8525-38","1523-1755","Kidney International","Single blind"
"X.2576","2468-0249",NA,"Kidney International Reports","Single blind"
"X.2577","2157-1724","2157-1716","Kidney International Supplements","Single blind"
"X.2578","9507-051",NA,"Knowledge-Based Systems","Single blind"
"X.2579","1212-4117","1804-7122","Kontakt","Single blind"
"X.2580","2364-38",NA,"LWT","Single blind"
"X.2581","2214-4234",NA,"La Revue Gestion et Organisation","Single blind"
"X.2582","9275-371",NA,"Labour Economics","Single blind"
"X.2583","2648-377",NA,"Land Use Policy","Single blind"
"X.2584","1692-046",NA,"Landscape and Urban Planning","Single blind"
"X.2585","2715-309",NA,"Language & Communication","Single blind"
"X.2586","3880-001",NA,"Language Sciences","Single blind"
"X.2588","1041-6080",NA,"Learning and Individual Differences","Single blind"
"X.2589","9594-752",NA,"Learning and Instruction","Single blind"
"X.2590","2396-90","1095-9122","Learning and Motivation","Single blind"
"X.2592","1344-6223",NA,"Legal Medicine","Single blind"
"X.2593","1452-126","1452-126","Leukemia Research","Single blind"
"X.2594","2213-0489",NA,"Leukemia Research Reports","Single blind"
"X.2595","7408-188",NA,"Library & Information Science Research","Single blind"
"X.2596","2432-05",NA,"Life Sciences","Single blind"
"X.2597","2214-5524",NA,"Life Sciences in Space Research","Single blind"
"X.2598","7595-11",NA,"Limnologica","Single blind"
"X.2599","2437-95",NA,"Linear Algebra and its Applications","Single blind"
"X.2601","8985-898",NA,"Linguistics and Education","Single blind"
"X.2602","2449-37",NA,"Lithos","Single blind"
"X.2603","2542-5684",NA,"Liver Research","Single blind"
"X.2604","1871-1413",NA,"Livestock Science","Single blind"
"X.2605","2463-01",NA,"Long Range Planning","Single blind"
"X.2606","1695-002",NA,"Lung Cancer","Single blind"
"X.2608","0730-725X",NA,"Magnetic Resonance Imaging","Single blind"
"X.2609","1616-5047",NA,"Mammalian Biology","Single blind"
"X.2610","1044-5005","1096-1224","Management Accounting Research","Single blind"
"X.2611","2213-8463",NA,"Manufacturing Letters","Single blind"
"X.2612","3044-203",NA,"Marine Chemistry","Single blind"
"X.2613","1411-136",NA,"Marine Environmental Research","Single blind"
"X.2614","1874-7787",NA,"Marine Genomics","Single blind"
"X.2615","2532-27",NA,"Marine Geology","Single blind"
"X.2616","3778-398",NA,"Marine Micropaleontology","Single blind"
"X.2617","0308-597X",NA,"Marine Policy","Single blind"
"X.2618","0025-326X","0025-326X","Marine Pollution Bulletin","Single blind"
"X.2619","9518-339",NA,"Marine Structures","Single blind"
"X.2620","2648-172",NA,"Marine and Petroleum Geology","Single blind"
"X.2621","2589-1529",NA,"Materialia","Single blind"
"X.2622","2641-275",NA,"Materials & Design","Single blind"
"X.2625","2352-9245",NA,"Materials Discovery","Single blind"
"X.2626","0167-577X",NA,"Materials Letters","Single blind"
"X.2627","2554-08",NA,"Materials Research Bulletin","Single blind"
"X.2632","2589-2991",NA,"Materials Science for Energy Technologies","Single blind"
"X.2633","1369-8001",NA,"Materials Science in Semiconductor Processing","Single blind"
"X.2634","1369-7021",NA,"Materials Today","Single blind"
"X.2635","2468-5194",NA,"Materials Today Chemistry","Single blind"
"X.2636","2352-4928",NA,"Materials Today Communications","Single blind"
"X.2637","2468-6069",NA,"Materials Today Energy","Single blind"
"X.2638","2588-8420",NA,"Materials Today Nano","Single blind"
"X.2639","2542-5293",NA,"Materials Today Physics","Single blind"
"X.2640","2589-2347",NA,"Materials Today Sustainability","Single blind"
"X.2641","2555-64",NA,"Mathematical Biosciences","Single blind"
"X.2642","1654-896",NA,"Mathematical Social Sciences","Single blind"
"X.2643","3784-754",NA,"Mathematics and Computers in Simulation","Single blind"
"X.2644","0945-053X",NA,"Matrix Biology","Single blind"
"X.2645","2468-080X","2468-080X","Matter and Radiation at Extremes","Single blind"
"X.2646","3785-122",NA,"Maturitas","Single blind"
"X.2647","2561-96","1942-5546","Mayo Clinic Proceedings","Single blind"
"X.2649","2632-241",NA,"Measurement","Single blind"
"X.2650","3091-740",NA,"Meat Science","Single blind"
"X.2651","8883-270","1096-1216","Mechanical Systems and Signal Processing","Single blind"
"X.2652","9364-13",NA,"Mechanics Research Communications","Single blind"
"X.2653","1676-636",NA,"Mechanics of Materials","Single blind"
"X.2654","0094-114X",NA,"Mechanism and Machine Theory","Single blind"
"X.2655","4763-74","4763-74","Mechanisms of Ageing and Development","Single blind"
"X.2656","9254-773",NA,"Mechanisms of Development","Single blind"
"X.2657","9574-158",NA,"Mechatronics","Single blind"
"X.2658","9583-947",NA,"Medical Dosimetry","Single blind"
"X.2659","1350-4533",NA,"Medical Engineering & Physics","Single blind"
"X.2660","1361-8415",NA,"Medical Image Analysis","Single blind"
"X.2661","3771-237",NA,"Medical Journal Armed Forces India","Single blind"
"X.2662","2211-7539",NA,"Medical Mycology Case Reports","Single blind"
"X.2665","1134-248X",NA,"Medicina Paliativa","Single blind"
"X.2668","2212-6570",NA,"Mental Health & Prevention","Single blind"
"X.2669","1755-2966",NA,"Mental Health and Physical Activity","Single blind"
"X.2670","2214-5400",NA,"Meta Gene","Single blind"
"X.2671","1096-7176","1096-7184","Metabolic Engineering","Single blind"
"X.2672","2214-0301",NA,"Metabolic Engineering Communications","Single blind"
"X.2673","2604-95",NA,"Metabolism","Single blind"
"X.2674","2606-57",NA,"Metal Powder Report","Single blind"
"X.2675","1046-2023","1095-9130","Methods","Single blind"
"X.2676","2211-1220",NA,"Methods in Oceanography","Single blind"
"X.2677","8824-010","1096-1208","Microbial Pathogenesis","Single blind"
"X.2678","2352-3522",NA,"Microbial Risk Analysis","Single blind"
"X.2679","9445-013",NA,"Microbiological Research","Single blind"
"X.2680","0026-265X","1095-9149","Microchemical Journal","Single blind"
"X.2681","1679-317",NA,"Microelectronic Engineering","Single blind"
"X.2682","2626-92",NA,"Microelectronics Journal","Single blind"
"X.2683","2627-14",NA,"Microelectronics Reliability","Single blind"
"X.2684","9684-328",NA,"Micron","Single blind"
"X.2685","1387-1811",NA,"Microporous and Mesoporous Materials","Single blind"
"X.2686","1419-331","1419-331","Microprocessors and Microsystems","Single blind"
"X.2687","2628-62","1095-9319","Microvascular Research","Single blind"
"X.2688","1110-5690",NA,"Middle East Fertility Society Journal","Single blind"
"X.2689","2666-138",NA,"Midwifery","Single blind"
"X.2690","8926-875",NA,"Minerals Engineering","Single blind"
"X.2691","1567-7249",NA,"Mitochondrion","Single blind"
"X.2692","9829-97",NA,"Molecular Aspects of Medicine","Single blind"
"X.2693","2405-6758",NA,"Molecular Astrophysics","Single blind"
"X.2694","2468-8231",NA,"Molecular Catalysis","Single blind"
"X.2695","1096-7192","1096-7206","Molecular Genetics and Metabolism","Single blind"
"X.2696","2214-4269",NA,"Molecular Genetics and Metabolism Reports","Single blind"
"X.2697","1615-890",NA,"Molecular Immunology","Single blind"
"X.2698","2212-8778",NA,"Molecular Metabolism","Single blind"
"X.2699","1055-7903","1095-9513","Molecular Phylogenetics and Evolution","Single blind"
"X.2700","1666-851",NA,"Molecular and Biochemical Parasitology","Single blind"
"X.2701","3037-207","3037-207","Molecular and Cellular Endocrinology","Single blind"
"X.2702","1044-7431","1095-9327","Molecular and Cellular Neuroscience","Single blind"
"X.2704","2468-7812",NA,"Musculoskeletal Science and Practice","Single blind"
"X.2709","9638-695",NA,"NDT & E International","Single blind"
"X.2710","2352-3646",NA,"NFS Journal","Single blind"
"X.2712","2090-9977","2090-9977","NRIAG Journal of Astronomy and Geophysics","Single blind"
"X.2713","1878-7789",NA,"Nano Communication Networks","Single blind"
"X.2714","2211-2855",NA,"Nano Energy","Single blind"
"X.2715","1748-0132",NA,"Nano Today","Single blind"
"X.2716","2352-507X",NA,"Nano-Structures & Nano-Objects","Single blind"
"X.2717","2452-0748",NA,"NanoImpact","Single blind"
"X.2719","2589-5540",NA,"Nanotechnology and Precision Engineering","Single blind"
"X.2720","2352-8540",NA,"Natural Gas Industry B","Single blind"
"X.2723","1476-5586",NA,"Neoplasia","Single blind"
"X.2724","8936-080",NA,"Neural Networks","Single blind"
"X.2725","1053-8119","1095-9572","NeuroImage","Single blind"
"X.2727","0161-813X",NA,"NeuroToxicology","Single blind"
"X.2728","1974-580",NA,"Neurobiology of Aging","Single blind"
"X.2729","9699-961","1095-953X","Neurobiology of Disease","Single blind"
"X.2730","1074-7427","1095-9564","Neurobiology of Learning and Memory","Single blind"
"X.2731","2452-073X",NA,"Neurobiology of Pain","Single blind"
"X.2733","2352-2895",NA,"Neurobiology of Stress","Single blind"
"X.2734","1970-186","1970-186","Neurochemistry International","Single blind"
"X.2735","2837-70",NA,"Neurochirurgie","Single blind"
"X.2738","9252-312",NA,"Neurocomputing","Single blind"
"X.2741","2838-43","1897-4260","Neurologia i Neurochirurgia Polska","Single blind"
"X.2743","9608-966",NA,"Neuromuscular Disorders","Single blind"
"X.2744","1434-179",NA,"Neuropeptides","Single blind"
"X.2745","2839-08",NA,"Neuropharmacology","Single blind"
"X.2746","9877-053",NA,"Neurophysiologie clinique","Single blind"
"X.2747","2839-32",NA,"Neuropsychologia","Single blind"
"X.2748","3064-522",NA,"Neuroscience","Single blind"
"X.2749","1497-634",NA,"Neuroscience & Biobehavioral Reviews","Single blind"
"X.2750","3043-940",NA,"Neuroscience Letters","Single blind"
"X.2751","1680-102",NA,"Neuroscience Research","Single blind"
"X.2752","8920-362",NA,"Neurotoxicology and Teratology","Single blind"
"X.2753","1384-1076",NA,"New Astronomy","Single blind"
"X.2754","1387-6473",NA,"New Astronomy Reviews","Single blind"
"X.2755","1871-6784",NA,"New Biotechnology","Single blind"
"X.2756","1872-5805",NA,"New Carbon Materials","Single blind"
"X.2757","0732-118X",NA,"New Ideas in Psychology","Single blind"
"X.2758","2052-2975",NA,"New Microbes and New Infections","Single blind"
"X.2759","1089-8603","1089-8611","Nitric Oxide","Single blind"
"X.2760","2468-0540",NA,"Non-coding RNA Research","Single blind"
"X.2761","0362-546X",NA,"Nonlinear Analysis","Single blind"
"X.2764","2954-93",NA,"Nuclear Engineering and Design","Single blind"
"X.2765","1738-5733","2234-358X","Nuclear Engineering and Technology","Single blind"
"X.2768","2352-1791",NA,"Nuclear Materials and Energy","Single blind"
"X.2769","3759-474",NA,"Nuclear Physics A","Single blind"
"X.2770","5503-213","5503-213","Nuclear Physics B","Single blind"
"X.2771","2405-6014",NA,"Nuclear and Particle Physics Proceedings","Single blind"
"X.2772","2606-917",NA,"Nurse Education Today","Single blind"
"X.2773","1471-5953",NA,"Nurse Education in Practice","Single blind"
"X.2774","1541-4612",NA,"Nurse Leader","Single blind"
"X.2775","2965-54",NA,"Nursing Outlook","Single blind"
"X.2776","8999-007",NA,"Nutrition","Single blind"
"X.2777","2715-317",NA,"Nutrition Research","Single blind"
"X.2779","2451-8476",NA,"Obesity Medicine","Single blind"
"X.2780","1871-403X",NA,"Obesity Research & Clinical Practice","Single blind"
"X.2782","2980-18",NA,"Ocean Engineering","Single blind"
"X.2783","1463-5003",NA,"Ocean Modelling","Single blind"
"X.2784","7832-34","2300-7370","Oceanologia","Single blind"
"X.2785","3050-483",NA,"Omega","Single blind"
"X.2786","2542-5633",NA,"Oncology Signaling","Single blind"
"X.2787","2352-7714",NA,"One Health","Single blind"
"X.2788","2468-6964",NA,"Online Social Networks and Media","Single blind"
"X.2789","2352-9520",NA,"OpenNano","Single blind"
"X.2790","1676-377",NA,"Operations Research Letters","Single blind"
"X.2791","2214-7160",NA,"Operations Research Perspectives","Single blind"
"X.2792","2211-6923",NA,"Operations Research for Health Care","Single blind"
"X.2794","1522-2942",NA,"Operative Techniques in Thoracic and Cardiovascular Surgery","Single blind"
"X.2795","1616-420",NA,"Ophthalmology","Single blind"
"X.2796","2589-4196",NA,"Ophthalmology Glaucoma","Single blind"
"X.2797","2468-6530",NA,"Ophthalmology Retina","Single blind"
"X.2798","1068-5200","1095-9912","Optical Fiber Technology","Single blind"
"X.2799","9253-467",NA,"Optical Materials","Single blind"
"X.2800","3039-92",NA,"Optics & Laser Technology","Single blind"
"X.2801","3040-18",NA,"Optics Communications","Single blind"
"X.2802","1438-166",NA,"Optics and Lasers in Engineering","Single blind"
"X.2803","3040-26",NA,"Optik","Single blind"
"X.2804","1230-3402","1896-3757","Opto-Electronics Review","Single blind"
"X.2805","1368-8375",NA,"Oral Oncology","Single blind"
"X.2806","1348-8643","1881-4204","Oral Science International","Single blind"
"X.2808","2214-5419",NA,"Oral and Maxillofacial Surgery Cases","Single blind"
"X.2809","3043-87",NA,"Orbis","Single blind"
"X.2810","1691-368",NA,"Ore Geology Reviews","Single blind"
"X.2811","1566-1199",NA,"Organic Electronics","Single blind"
"X.2812","1466-380",NA,"Organic Geochemistry","Single blind"
"X.2813","7495-978","1095-9920","Organizational Behavior and Human Decision Processes","Single blind"
"X.2814","9026-16",NA,"Organizational Dynamics","Single blind"
"X.2815","1344-0241",NA,"Orthodontic Waves","Single blind"
"X.2816","2405-5255",NA,"Osteoporosis and Sarcopenia","Single blind"
"X.2817","2468-5488",NA,"Otolaryngology Case Reports","Single blind"
"X.2818","1934-1482","1934-1563","PM&R","Single blind"
"X.2819","0927-538X",NA,"Pacific-Basin Finance Journal","Single blind"
"X.2820","1526-0550","1526-0550","Paediatric Respiratory Reviews","Single blind"
"X.2821","1524-9042",NA,"Pain Management Nursing","Single blind"
"X.2823","1871-174X",NA,"Palaeoworld","Single blind"
"X.2824","2405-8521",NA,"Papillomavirus Research","Single blind"
"X.2825","1678-191",NA,"Parallel Computing","Single blind"
"X.2826","2405-6731",NA,"Parasite Epidemiology and Control","Single blind"
"X.2827","1383-5769",NA,"Parasitology International","Single blind"
"X.2828","1353-8020",NA,"Parkinsonism & Related Disorders","Single blind"
"X.2829","1674-2001",NA,"Particuology","Single blind"
"X.2830","3130-25","1465-3931","Pathology","Single blind"
"X.2831","3440-338",NA,"Pathology - Research and Practice","Single blind"
"X.2832","9284-680",NA,"Pathophysiology","Single blind"
"X.2833","7383-991",NA,"Patient Education and Counseling","Single blind"
"X.2834","3132-03",NA,"Pattern Recognition","Single blind"
"X.2835","1678-655",NA,"Pattern Recognition Letters","Single blind"
"X.2836","9172-394",NA,"Pediatric Dental Journal","Single blind"
"X.2837","2468-1245",NA,"Pediatric Hematology Oncology Journal","Single blind"
"X.2838","8878-994",NA,"Pediatric Neurology","Single blind"
"X.2840","3140-56",NA,"Pedobiologia","Single blind"
"X.2841","1002-0160",NA,"Pedosphere","Single blind"
"X.2842","1969-781",NA,"Peptides","Single blind"
"X.2843","2211-2669",NA,"Performance Enhancement & Health","Single blind"
"X.2844","1665-316",NA,"Performance Evaluation","Single blind"
"X.2846","2405-6030",NA,"Perioperative Care and Operating Room Management","Single blind"
"X.2847","1918-869",NA,"Personality and Individual Differences","Single blind"
"X.2848","2186-4950",NA,"Personalized Medicine Universe","Single blind"
"X.2849","2468-1717",NA,"Personalized Medicine in Psychiatry","Single blind"
"X.2850","2530-0644",NA,"Perspectives in Ecology and Conservation","Single blind"
"X.2852","2213-0209",NA,"Perspectives in Science","Single blind"
"X.2853","4835-75","1095-9939","Pesticide Biochemistry and Physiology","Single blind"
"X.2854","2405-6561",NA,"Petroleum","Single blind"
"X.2855","1876-3804",NA,"Petroleum Exploration and Development","Single blind"
"X.2856","2096-2495",NA,"Petroleum Research","Single blind"
"X.2857","2213-4344",NA,"PharmaNutrition","Single blind"
"X.2858","1734-1140",NA,"Pharmacological Reports","Single blind"
"X.2859","1043-6618","1096-1186","Pharmacological Research","Single blind"
"X.2860","9130-57",NA,"Pharmacology Biochemistry and Behavior","Single blind"
"X.2861","2213-5979",NA,"Photoacoustics","Single blind"
"X.2862","1572-1000",NA,"Photodiagnosis and Photodynamic Therapy","Single blind"
"X.2863","1569-4410",NA,"Photonics and Nanostructures - Fundamentals and Applications","Single blind"
"X.2869","1120-1797",NA,"Physica Medica","Single blind"
"X.2870","1874-4907",NA,"Physical Communication","Single blind"
"X.2871","1466-853X",NA,"Physical Therapy in Sport","Single blind"
"X.2873","3759-601",NA,"Physics Letters A","Single blind"
"X.2874","3702-693",NA,"Physics Letters B","Single blind"
"X.2875","3701-573",NA,"Physics Reports","Single blind"
"X.2876","7919-46",NA,"Physics and Chemistry of the Earth","Single blind"
"X.2877","2352-4510",NA,"Physics in Medicine","Single blind"
"X.2878","1571-0645",NA,"Physics of Life Reviews","Single blind"
"X.2879","2212-6864",NA,"Physics of the Dark Universe","Single blind"
"X.2880","3192-01","3192-01","Physics of the Earth and Planetary Interiors","Single blind"
"X.2881","8855-765","1096-1178","Physiological and Molecular Plant Pathology","Single blind"
"X.2882","3193-84",NA,"Physiology & Behavior","Single blind"
"X.2883","1230-8323","2083-8204","Physiotherapy","Single blind"
"X.2884","3194-22",NA,"Phytochemistry","Single blind"
"X.2885","1874-3900",NA,"Phytochemistry Letters","Single blind"
"X.2886","9447-113",NA,"Phytomedicine","Single blind"
"X.2887","2139-251",NA,"Piel","Single blind"
"X.2888","1434-004",NA,"Placenta","Single blind"
"X.2889","3206-33",NA,"Planetary and Space Science","Single blind"
"X.2890","2468-2659",NA,"Plant Diversity","Single blind"
"X.2891","2352-4073",NA,"Plant Gene","Single blind"
"X.2892","9819-428",NA,"Plant Physiology and Biochemistry","Single blind"
"X.2893","1689-452",NA,"Plant Science","Single blind"
"X.2894","0147-619X","1095-9890","Plasmid","Single blind"
"X.2895","0304-422X",NA,"Poetics","Single blind"
"X.2896","1873-9652",NA,"Polar Science","Single blind"
"X.2897","9626-298",NA,"Political Geography","Single blind"
"X.2898","2775-387","2775-387","Polyhedron","Single blind"
"X.2899","3238-61",NA,"Polymer","Single blind"
"X.2900","1413-910",NA,"Polymer Degradation and Stability","Single blind"
"X.2901","1429-418",NA,"Polymer Testing","Single blind"
"X.2902","9255-214",NA,"Postharvest Biology and Technology","Single blind"
"X.2903","3259-10",NA,"Powder Technology","Single blind"
"X.2904","2352-5517",NA,"Practical Laboratory Medicine","Single blind"
"X.2905","1879-8500",NA,"Practical Radiation Oncology","Single blind"
"X.2906","3019-268",NA,"Precambrian Research","Single blind"
"X.2907","1416-359",NA,"Precision Engineering","Single blind"
"X.2908","2210-7789",NA,"Pregnancy Hypertension","Single blind"
"X.2909","9174-35","1096-0260","Preventive Medicine","Single blind"
"X.2910","2211-3355",NA,"Preventive Medicine Reports","Single blind"
"X.2911","1675-877",NA,"Preventive Veterinary Medicine","Single blind"
"X.2912","1751-9918",NA,"Primary Care Diabetes","Single blind"
"X.2913","2668-920",NA,"Probabilistic Engineering Mechanics","Single blind"
"X.2914","2212-8271",NA,"Procedia CIRP","Single blind"
"X.2915","1877-0509",NA,"Procedia Computer Science","Single blind"
"X.2916","2210-9838",NA,"Procedia IUTAM","Single blind"
"X.2917","2452-3216",NA,"Procedia Structural Integrity","Single blind"
"X.2919","3295-92",NA,"Process Biochemistry","Single blind"
"X.2920","9575-820","9575-820","Process Safety and Environmental Protection","Single blind"
"X.2922","9608-974",NA,"Progress in Crystal Growth and Characterization of Materials","Single blind"
"X.2923","3601-285",NA,"Progress in Energy and Combustion Science","Single blind"
"X.2924","1637-827",NA,"Progress in Lipid Research","Single blind"
"X.2925","7964-25",NA,"Progress in Materials Science","Single blind"
"X.2928","1491-970",NA,"Progress in Nuclear Energy","Single blind"
"X.2929","7965-65",NA,"Progress in Nuclear Magnetic Resonance Spectroscopy","Single blind"
"X.2930","7966-11",NA,"Progress in Oceanography","Single blind"
"X.2931","3009-440",NA,"Progress in Organic Coatings","Single blind"
"X.2932","1466-410",NA,"Progress in Particle and Nuclear Physics","Single blind"
"X.2933","1058-9813",NA,"Progress in Pediatric Cardiology","Single blind"
"X.2935","7967-00",NA,"Progress in Polymer Science","Single blind"
"X.2936","7967-27",NA,"Progress in Quantum Electronics","Single blind"
"X.2937","1350-9462",NA,"Progress in Retinal and Eye Research","Single blind"
"X.2938","7967-86",NA,"Progress in Solid State Chemistry","Single blind"
"X.2939","7968-16",NA,"Progress in Surface Science","Single blind"
"X.2940","1098-8823",NA,"Prostaglandins & Other Lipid Mediators","Single blind"
"X.2942","2287-8882","2287-903X","Prostate International","Single blind"
"X.2943","1046-5928","1096-0279","Protein Expression and Purification","Single blind"
"X.2944","1434-4610",NA,"Protist","Single blind"
"X.2946","1651-781",NA,"Psychiatry Research","Single blind"
"X.2948","3064-530",NA,"Psychoneuroendocrinology","Single blind"
"X.2949","1469-0292",NA,"Psychology of Sport and Exercise","Single blind"
"X.2950","3331-82",NA,"Psychosomatics","Single blind"
"X.2951","3335-06",NA,"Public Health","Single blind"
"X.2952","3638-111",NA,"Public Relations Review","Single blind"
"X.2954","2531-0437",NA,"Pulmonology","Single blind"
"X.2955","1871-1014",NA,"Quaternary Geochronology","Single blind"
"X.2956","1040-6182",NA,"Quaternary International","Single blind"
"X.2957","2773-791",NA,"Quaternary Science Reviews","Single blind"
"X.2958","2531-0488",NA,"RAUSP Management Journal","Single blind"
"X.2959","2352-3093",NA,"REACH","Single blind"
"X.2960","1350-4487",NA,"Radiation Measurements","Single blind"
"X.2961","0969-806X",NA,"Radiation Physics and Chemistry","Single blind"
"X.2962","1078-8174",NA,"Radiography","Single blind"
"X.2965","1930-0433","1930-0433","Radiology Case Reports","Single blind"
"X.2966","2352-6211",NA,"Radiology of Infectious Diseases","Single blind"
"X.2968","1550-7424","1551-5028","Rangeland Ecology & Management","Single blind"
"X.2969","1900-528","1551-501X","Rangelands","Single blind"
"X.2970","1875-5372",NA,"Rare Metal Materials and Engineering","Single blind"
"X.2971","1381-5148",NA,"Reactive and Functional Polymers","Single blind"
"X.2972","2213-2317",NA,"Redox Biology","Single blind"
"X.2973","2352-3204",NA,"Regenerative Therapy","Single blind"
"X.2974","1660-462",NA,"Regional Science and Urban Economics","Single blind"
"X.2975","2352-4855",NA,"Regional Studies in Marine Science","Single blind"
"X.2976","2732-300","1096-0295","Regulatory Toxicology and Pharmacology","Single blind"
"X.2978","3436-17",NA,"Reinforced Plastics","Single blind"
"X.2979","9518-320",NA,"Reliability Engineering & System Safety","Single blind"
"X.2981","3442-57",NA,"Remote Sensing of Environment","Single blind"
"X.2983","9601-481",NA,"Renewable Energy","Single blind"
"X.2986","1472-6483",NA,"Reproductive BioMedicine Online","Single blind"
"X.2987","1642-431X",NA,"Reproductive Biology","Single blind"
"X.2988","2405-6618",NA,"Reproductive Biomedicine & Society Online","Single blind"
"X.2989","8906-238",NA,"Reproductive Toxicology","Single blind"
"X.2990","4873-33",NA,"Research Policy","Single blind"
"X.2991","1052-0457",NA,"Research in Accounting Regulation","Single blind"
"X.2992","1750-9467",NA,"Research in Autism Spectrum Disorders","Single blind"
"X.2993","8914-222",NA,"Research in Developmental Disabilities","Single blind"
"X.2994","1090-9443","1090-9451","Research in Economics","Single blind"
"X.2995","2755-319",NA,"Research in International Business and Finance","Single blind"
"X.2996","2765-624",NA,"Research in Social Stratification and Mobility","Single blind"
"X.2997","1551-7411",NA,"Research in Social and Administrative Pharmacy","Single blind"
"X.2998","2210-5395",NA,"Research in Transportation Business & Management","Single blind"
"X.2999","7398-859",NA,"Research in Transportation Economics","Single blind"
"X.3000","3452-88",NA,"Research in Veterinary Science","Single blind"
"X.3001","9287-655",NA,"Resource and Energy Economics","Single blind"
"X.3002","3014-207",NA,"Resources Policy","Single blind"
"X.3004","2212-5345",NA,"Respiratory Investigation","Single blind"
"X.3005","9546-111",NA,"Respiratory Medicine","Single blind"
"X.3006","2213-0071",NA,"Respiratory Medicine Case Reports","Single blind"
"X.3007","1569-9048",NA,"Respiratory Physiology & Neurobiology","Single blind"
"X.3008","2211-3797",NA,"Results in Physics","Single blind"
"X.3011","1879-9337",NA,"Review of Development Finance","Single blind"
"X.3012","1094-2025",NA,"Review of Economic Dynamics","Single blind"
"X.3013","3466-67",NA,"Review of Palaeobotany and Palynology","Single blind"
"X.3014","2405-4283",NA,"Reviews in Physics","Single blind"
"X.3015","1888-7546","2172-5063","Revista Andaluza de Medicina del Deporte","Single blind"
"X.3017","8556-26","8556-26","Revista Brasileira de Entomologia","Single blind"
"X.3018","1981-528X",NA,"Revista Brasileira de Farmacognosia","Single blind"
"X.3019","1982-4378",NA,"Revista Brasileira de Ortopedia","Single blind"
"X.3020","2255-4971",NA,"Revista Brasileira de Ortopedia (English Edition)","Single blind"
"X.3045","3537-87",NA,"Revue Neurologique","Single blind"
"X.3046","1878-6227",NA,"Revue du Rhumatisme monographies","Single blind"
"X.3047","2452-2198",NA,"Rhizosphere","Single blind"
"X.3048","9218-890",NA,"Robotics and Autonomous Systems","Single blind"
"X.3049","7365-845",NA,"Robotics and Computer-Integrated Manufacturing","Single blind"
"X.3050","1068-7971",NA,"Russian Geology and Geophysics","Single blind"
"X.3051","3043-479",NA,"Russian Literature","Single blind"
"X.3052","2352-8273",NA,"SSM - Population Health","Single blind"
"X.3053","9257-535",NA,"Safety Science","Single blind"
"X.3054","2093-7911","2093-7997","Safety and Health at Work","Single blind"
"X.3056","1319-562X",NA,"Saudi Journal of Biological Sciences","Single blind"
"X.3057","1319-4534",NA,"Saudi Journal of Ophthalmology","Single blind"
"X.3058","1319-0164",NA,"Saudi Pharmaceutical Journal","Single blind"
"X.3059","9565-221",NA,"Scandinavian Journal of Management","Single blind"
"X.3061","1355-0306",NA,"Science & Justice","Single blind"
"X.3062","2095-9273","2095-9281","Science Bulletin","Single blind"
"X.3063","2603-6363",NA,"Science and Technology of Materials","Single blind"
"X.3064","1676-423",NA,"Science of Computer Programming","Single blind"
"X.3066","3044-238",NA,"Scientia Horticulturae","Single blind"
"X.3068","1359-6462",NA,"Scripta Materialia","Single blind"
"X.3069","3707-38",NA,"Sedimentary Geology","Single blind"
"X.3071","4901-72",NA,"Seminars in Arthritis and Rheumatism","Single blind"
"X.3072","1084-9521","1096-3634","Seminars in Cell and Developmental Biology","Single blind"
"X.3074","3719-63",NA,"Seminars in Hematology","Single blind"
"X.3075","1044-5323","1096-3618","Seminars in Immunology","Single blind"
"X.3076","2709-295",NA,"Seminars in Nephrology","Single blind"
"X.3077","9377-54",NA,"Seminars in Oncology","Single blind"
"X.3078","7492-081",NA,"Seminars in Oncology Nursing","Single blind"
"X.3079","1043-0679",NA,"Seminars in Thoracic and Cardiovascular Surgery","Single blind"
"X.3081","8957-967",NA,"Seminars in Vascular Surgery","Single blind"
"X.3082","2214-1804",NA,"Sensing and Bio-Sensing Research","Single blind"
"X.3085","1383-5866",NA,"Separation and Purification Technology","Single blind"
"X.3086","1877-5756",NA,"Sexual & Reproductive HealthCare","Single blind"
"X.3087","2050-1161",NA,"Sexual Medicine","Single blind"
"X.3088","2050-0513","2050-0521","Sexual Medicine Reviews","Single blind"
"X.3090","1651-684",NA,"Signal Processing","Single blind"
"X.3092","1569-190X",NA,"Simulation Modelling Practice and Theory","Single blind"
"X.3093","2352-7218",NA,"Sleep Health","Single blind"
"X.3094","1389-9457",NA,"Sleep Medicine","Single blind"
"X.3095","9214-488",NA,"Small Ruminant Research","Single blind"
"X.3096","2352-6483",NA,"Smart Health","Single blind"
"X.3097","3788-733",NA,"Social Networks","Single blind"
"X.3098","2779-536",NA,"Social Science & Medicine","Single blind"
"X.3099","0049-089X","1096-0317","Social Science Research","Single blind"
"X.3100","3801-21",NA,"Socio-Economic Planning Sciences","Single blind"
"X.3101","2352-7110",NA,"SoftwareX","Single blind"
"X.3103","3807-17",NA,"Soil Biology and Biochemistry","Single blind"
"X.3104","2677-261",NA,"Soil Dynamics and Earthquake Engineering","Single blind"
"X.3105","3808-06","1881-1418","Soils and Foundations","Single blind"
"X.3106","0038-092X",NA,"Solar Energy","Single blind"
"X.3108","2451-912X",NA,"Solid Earth Sciences","Single blind"
"X.3109","3810-98",NA,"Solid State Communications","Single blind"
"X.3110","2589-2088",NA,"Solid State Electronics Letters","Single blind"
"X.3111","1672-738",NA,"Solid State Ionics","Single blind"
"X.3112","9262-040",NA,"Solid State Nuclear Magnetic Resonance","Single blind"
"X.3113","1293-2558",NA,"Solid State Sciences","Single blind"
"X.3114","3811-01",NA,"Solid-State Electronics","Single blind"
"X.3115","2546-299",NA,"South African Journal of Botany","Single blind"
"X.3116","1026-9185",NA,"South African Journal of Chemical Engineering","Single blind"
"X.3117","2659-646",NA,"Space Policy","Single blind"
"X.3118","2445-4249",NA,"Spanish Journal of Legal Medicine","Single blind"
"X.3119","2211-6753",NA,"Spatial Statistics","Single blind"
"X.3120","1877-5845",NA,"Spatial and Spatio-temporal Epidemiology","Single blind"
"X.3123","1676-393",NA,"Speech Communication","Single blind"
"X.3124","1441-3523",NA,"Sport Management Review","Single blind"
"X.3125","1677-152",NA,"Statistics & Probability Letters","Single blind"
"X.3126","1873-5061",NA,"Stem Cell Research","Single blind"
"X.3127","0039-128X",NA,"Steroids","Single blind"
"X.3128","3044-149",NA,"Stochastic Processes and their Applications","Single blind"
"X.3129","0954-349X",NA,"Structural Change and Economic Dynamics","Single blind"
"X.3130","1674-730",NA,"Structural Safety","Single blind"
"X.3132","0191-491X",NA,"Studies in Educational Evaluation","Single blind"
"X.3133","3936-81",NA,"Studies in History and Philosophy of Science Part A","Single blind"
"X.3136","1660-616","1872-9797","Studies in Mycology","Single blind"
"X.3137","7496-036","1096-3677","Superlattices and Microstructures","Single blind"
"X.3138","3960-28","3960-28","Surface Science","Single blind"
"X.3139","1675-729",NA,"Surface Science Reports","Single blind"
"X.3140","2578-972","2578-972","Surface and Coatings Technology","Single blind"
"X.3141","2468-0230",NA,"Surfaces and Interfaces","Single blind"
"X.3142","3960-60",NA,"Surgery","Single blind"
"X.3144","3962-57",NA,"Survey of Ophthalmology","Single blind"
"X.3145","2352-5541",NA,"Sustainable Chemistry and Pharmacy","Single blind"
"X.3146","2210-6707",NA,"Sustainable Cities and Society","Single blind"
"X.3148","2213-1388",NA,"Sustainable Energy Technologies and Assessments","Single blind"
"X.3150","2468-2039","2468-2039","Sustainable Environment Research","Single blind"
"X.3151","2214-9937",NA,"Sustainable Materials and Technologies","Single blind"
"X.3152","2352-5509",NA,"Sustainable Production and Consumption","Single blind"
"X.3153","2210-6502",NA,"Swarm and Evolutionary Computation","Single blind"
"X.3154","2213-7130",NA,"Synergy","Single blind"
"X.3155","3796-779",NA,"Synthetic Metals","Single blind"
"X.3156","2405-805X",NA,"Synthetic and Systems Biotechnology","Single blind"
"X.3157","0346-251X",NA,"System","Single blind"
"X.3158","7232-020",NA,"Systematic and Applied Microbiology","Single blind"
"X.3159","1676-911",NA,"Systems & Control Letters","Single blind"
"X.3161","3991-40",NA,"Talanta","Single blind"
"X.3162","1557-3087",NA,"Teaching and Learning in Nursing","Single blind"
"X.3163","0742-051X",NA,"Teaching and Teacher Education","Single blind"
"X.3164","2405-6324",NA,"Technical Innovations & Patient Support in Radiation Oncology","Single blind"
"X.3165","4016-25",NA,"Technological Forecasting and Social Change","Single blind"
"X.3166","0160-791X",NA,"Technology in Society","Single blind"
"X.3167","1664-972",NA,"Technovation","Single blind"
"X.3168","4019-51",NA,"Tectonophysics","Single blind"
"X.3169","3085-961",NA,"Telecommunications Policy","Single blind"
"X.3170","7365-853",NA,"Telematics and Informatics","Single blind"
"X.3171","4040-20",NA,"Tetrahedron","Single blind"
"X.3172","4040-39","4040-39","Tetrahedron Letters","Single blind"
"X.3176","2962-9",NA,"The American Journal of the Medical Sciences","Single blind"
"X.3177","1974-556",NA,"The Arts in Psychotherapy","Single blind"
"X.3178","2092-5212",NA,"The Asian Journal of Shipping and Logistics","Single blind"
"X.3179","9609-776",NA,"The Breast","Single blind"
"X.3180","8908-389","1095-8347","The British Accounting Review","Single blind"
"X.3181","2468-2330",NA,"The Cell Surface","Single blind"
"X.3182","2214-5141",NA,"The Crop Journal","Single blind"
"X.3183","1110-2608",NA,"The Egyptian Heart Journal","Single blind"
"X.3184","2090-7303",NA,"The Egyptian Journal of Critical Care Medicine","Single blind"
"X.3185","0378-603X",NA,"The Egyptian Journal of Radiology and Nuclear Medicine","Single blind"
"X.3187","1110-1164",NA,"The Egyptian Rheumatologist","Single blind"
"X.3188","1040-6190",NA,"The Electricity Journal","Single blind"
"X.3189","2136-163","2136-163","The European Journal of Psychiatry","Single blind"
"X.3190","2214-790X",NA,"The Extractive Industries and Society","Single blind"
"X.3191","9582-592",NA,"The Foot","Single blind"
"X.3192","2070-63","2213-3933","The International Journal of Accounting","Single blind"
"X.3193","1357-2725",NA,"The International Journal of Biochemistry & Cell Biology","Single blind"
"X.3195","1096-7516",NA,"The Internet and Higher Education","Single blind"
"X.3197","1555-4155",NA,"The Journal for Nurse Practitioners","Single blind"
"X.3198","9913-33",NA,"The Journal of Academic Librarianship","Single blind"
"X.3201","1703-4949",NA,"The Journal of Economic Asymmetries","Single blind"
"X.3203","2405-9188",NA,"The Journal of Finance and Data Science","Single blind"
"X.3204","1067-2516",NA,"The Journal of Foot & Ankle Surgery","Single blind"
"X.3205","3635-023",NA,"The Journal of Hand Surgery","Single blind"
"X.3206","1047-8310",NA,"The Journal of High Technology Management Research","Single blind"
"X.3208","9552-863",NA,"The Journal of Nutritional Biochemistry","Single blind"
"X.3211","0885-985X",NA,"The Journal of Social Studies Research","Single blind"
"X.3212","9600-760",NA,"The Journal of Steroid Biochemistry and Molecular Biology","Single blind"
"X.3213","9638-687",NA,"The Journal of Strategic Information Systems","Single blind"
"X.3214","8968-446",NA,"The Journal of Supercritical Fluids","Single blind"
"X.3216","2817-7",NA,"The Journal of the American Dental Association","Single blind"
"X.3217","2212-828X",NA,"The Journal of the Economics of Ageing","Single blind"
"X.3218","1607-551X","2410-8650","The Kaohsiung Journal of Medical Sciences","Single blind"
"X.3219","9680-160",NA,"The Knee","Single blind"
"X.3220","1048-9843",NA,"The Leadership Quarterly","Single blind"
"X.3221","1062-9408",NA,"The North American Journal of Economics and Finance","Single blind"
"X.3222","1542-0124",NA,"The Ocular Surface","Single blind"
"X.3223","1080-7446","1525-318X","The Professional Animal Scientist","Single blind"
"X.3224","1062-9769",NA,"The Quarterly Review of Economics and Finance","Single blind"
"X.3225","3623-319",NA,"The Social Science Journal","Single blind"
"X.3226","1529-9430",NA,"The Spine Journal","Single blind"
"X.3227","1479-666X",NA,"The Surgeon","Single blind"
"X.3228","1090-0233",NA,"The Veterinary Journal","Single blind"
"X.3229","3043-975",NA,"Theoretical Computer Science","Single blind"
"X.3230","4058-09","1096-0325","Theoretical Population Biology","Single blind"
"X.3231","1678-442",NA,"Theoretical and Applied Fracture Mechanics","Single blind"
"X.3232","2095-0349","2095-0349","Theoretical and Applied Mechanics Letters","Single blind"
"X.3233","0093-691X",NA,"Theriogenology","Single blind"
"X.3234","2451-9049",NA,"Thermal Science and Engineering Progress","Single blind"
"X.3235","4060-31",NA,"Thermochimica Acta","Single blind"
"X.3236","4060-90","4060-90","Thin Solid Films","Single blind"
"X.3237","2638-231",NA,"Thin-Walled Structures","Single blind"
"X.3238","1871-1871",NA,"Thinking Skills and Creativity","Single blind"
"X.3239","4938-48",NA,"Thrombosis Research","Single blind"
"X.3240","1877-959X",NA,"Ticks and Tick-borne Diseases","Single blind"
"X.3241","4081-66",NA,"Tissue and Cell","Single blind"
"X.3242","1668-641",NA,"Topology and its Applications","Single blind"
"X.3243","2615-177",NA,"Tourism Management","Single blind"
"X.3244","2211-9736",NA,"Tourism Management Perspectives","Single blind"
"X.3245","0300-483X",NA,"Toxicology","Single blind"
"X.3246","3784-274",NA,"Toxicology Letters","Single blind"
"X.3248","0041-008X","1096-0333","Toxicology and Applied Pharmacology","Single blind"
"X.3249","8872-333",NA,"Toxicology in Vitro","Single blind"
"X.3250","4101-01","4101-01","Toxicon","Single blind"
"X.3252","8877-963",NA,"Transfusion Medicine Reviews","Single blind"
"X.3253","1473-0502",NA,"Transfusion and Apheresis Science","Single blind"
"X.3254","2468-5011",NA,"Translational Medicine of Aging","Single blind"
"X.3255","2588-9303",NA,"Translational Metabolic Syndrome Research","Single blind"
"X.3256","1936-5233",NA,"Translational Oncology","Single blind"
"X.3257","2214-854X",NA,"Translational Research in Anatomy","Single blind"
"X.3260","4113-45","4113-45","Transplantation Proceedings","Single blind"
"X.3261","2451-9596",NA,"Transplantation Reports","Single blind"
"X.3262","0955-470X",NA,"Transplantation Reviews","Single blind"
"X.3263","0967-070X",NA,"Transport Policy","Single blind"
"X.3264","2214-3912",NA,"Transportation Geotechnics","Single blind"
"X.3271","2352-1465",NA,"Transportation Research Procedia","Single blind"
"X.3273","2214-367X",NA,"Travel Behaviour and Society","Single blind"
"X.3274","1477-8939",NA,"Travel Medicine and Infectious Disease","Single blind"
"X.3275","2210-8440",NA,"Trends in Anaesthesia and Critical Care","Single blind"
"X.3277","2214-1588",NA,"Trends in Environmental Analytical Chemistry","Single blind"
"X.3278","9242-244",NA,"Trends in Food Science & Technology","Single blind"
"X.3279","2211-9493",NA,"Trends in Neuroscience and Education","Single blind"
"X.3280","0301-679X",NA,"Tribology International","Single blind"
"X.3281","1472-9792",NA,"Tuberculosis","Single blind"
"X.3282","8867-798",NA,"Tunnelling and Underground Space Technology","Single blind"
"X.3283","1304-7361",NA,"Turkish Journal of Emergency Medicine","Single blind"
"X.3284","3043-991",NA,"Ultramicroscopy","Single blind"
"X.3285","0041-624X",NA,"Ultrasonics","Single blind"
"X.3286","1350-4177",NA,"Ultrasonics Sonochemistry","Single blind"
"X.3287","2467-9674",NA,"Underground Space","Single blind"
"X.3288","2212-0955",NA,"Urban Climate","Single blind"
"X.3289","1618-8667",NA,"Urban Forestry & Urban Greening","Single blind"
"X.3291","2214-4420",NA,"Urology Case Reports","Single blind"
"X.3293","9571-787",NA,"Utilities Policy","Single blind"
"X.3294","0264-410X","0264-410X","Vaccine","Single blind"
"X.3295","1576-9887",NA,"Vacunas","Single blind"
"X.3296","0042-207X",NA,"Vacuum","Single blind"
"X.3297","1537-1891",NA,"Vascular Pharmacology","Single blind"
"X.3298","2214-2096",NA,"Vehicular Communications","Single blind"
"X.3299","1467-2987","1467-2995","Veterinary Anaesthesia and Analgesia","Single blind"
"X.3300","1652-427",NA,"Veterinary Immunology and Immunopathology","Single blind"
"X.3301","3781-135",NA,"Veterinary Microbiology","Single blind"
"X.3302","3044-017",NA,"Veterinary Parasitology","Single blind"
"X.3304","2451-943X",NA,"Veterinary and Animal Science","Single blind"
"X.3305","9242-031",NA,"Vibrational Spectroscopy","Single blind"
"X.3306","4268-22","1096-0341","Virology","Single blind"
"X.3307","1681-702",NA,"Virus Research","Single blind"
"X.3308","4269-89","4269-89","Vision Research","Single blind"
"X.3309","2468-502X",NA,"Visual Informatics","Single blind"
"X.3310","2405-4690",NA,"Visual Journal of Emergency Medicine","Single blind"
"X.3311","0956-053X",NA,"Waste Management","Single blind"
"X.3312","4313-54",NA,"Water Research","Single blind"
"X.3313","2212-4284",NA,"Water Resources and Economics","Single blind"
"X.3314","2212-3717",NA,"Water Resources and Industry","Single blind"
"X.3315","1110-4929","1110-4929","Water Science","Single blind"
"X.3316","1674-2370",NA,"Water Science and Engineering","Single blind"
"X.3317","2468-3124",NA,"Water Security","Single blind"
"X.3318","2588-9125",NA,"Water-Energy Nexus","Single blind"
"X.3319","2589-4714",NA,"Watershed Ecology and the Environment","Single blind"
"X.3320","1652-125",NA,"Wave Motion","Single blind"
"X.3321","4316-48",NA,"Wear","Single blind"
"X.3322","2212-0947",NA,"Weather and Climate Extremes","Single blind"
"X.3324","2212-9774",NA,"Wine Economics and Policy","Single blind"
"X.3325","1871-5192",NA,"Women and Birth","Single blind"
"X.3328","0305-750X",NA,"World Development","Single blind"
"X.3329","2452-2929",NA,"World Development Perspectives","Single blind"
"X.3330","2095-8811",NA,"World Journal of Otorhinolaryngology - Head and Neck Surgery","Single blind"
"X.3331","1878-8750",NA,"World Neurosurgery","Single blind"
"X.3332","1722-190",NA,"World Patent Information","Single blind"
"X.3333","2213-9095",NA,"Wound Medicine","Single blind"
"X.3336","4452-31",NA,"Zoologischer Anzeiger","Single blind"
"X.3337","9442-006",NA,"Zoology","Single blind"
"X.3339","2625-3410",NA,"Clinical Psychology in Europe","Single blind"
"X.3340","2534-9260",NA,"Rethinking Ecology","Double blind"
"X.3341","1896-1800","2569-653X","Social Psychological Bulletin","Double blind"
"X.3342","9246-304","2543-1684","Maandblad voor Accountancy en Bedrijfseconomie","Double blind"
"X.3343","1314-2836","1314-2828","Biodiversity Data Journal","Single blind"
"X.3344","1727-9232","1810-3057","Corporate Ownership and Control","Double blind"
"X.3345","1465-6906","1465-6906","Genome Biology","Transparent"
"X.3352","1435-1935","1860-0743","Zoosystematics and Evolution","Single blind"
"X.3353","1200-73",NA,"Deutsche Entomologische Zeitschrift","Single blind"
"X.3354","1070-9428","1314-2607","Journal of Hymenoptera Research","Single blind"
"X.3355","1993-0771","1993-078X","Comparative Cytogenetics","Single blind"
"X.3356","1768-1448","1314-2615","Subterranean Biology","Single blind"
"X.3357","3427-536","2367-5365","Nota Lepidopterologica","Single blind"
"X.3358","2367-8194",NA,"One Ecosystem","Single blind"
"X.3359","1681-5556","2305-2562","African Invertebrates","Single blind"
"X.3360","2531-4033",NA,"Italian Botanist","Single blind"
"X.3361","2050-2966",NA,"BioDiscovery","Single blind"
"X.3364","2535-0889",NA,"Alpine Entomology","Single blind"
"X.3365","1809-127X",NA,"Check List","Single blind"
"X.3366","2535-0730",NA,"Evolutionary Systematics","Single blind"
"X.3367","1082-6467","1937-2426","Journal of Orthoptera Research","Single blind"
"X.3368","2534-9708",NA,"Metabarcoding and Metagenomics","Single blind"
"X.3369","2535-0897",NA,"Biodiversity Information Science and Standards","Single blind"
"X.3370","2405-4739","2405-4739","Russian Journal of Economics","Single blind"
"X.3371","2815-3197",NA,"Food and Ecological Systems Modelling Journal","Single blind"
"X.3372","2588-0535",NA,"Research Results in Pharmacology","Single blind"
"X.3373","2452-3038","2452-3038","Nuclear Energy and Technology","Single blind"
"X.3374","2452-1779","2452-1779","Modern Electronic Materials","Single blind"
"X.3375","2541-8416","2658-7173","Arctic Environmental Research","Single blind"
"X.3379","1809-9939","1809-9939","Neotropical Biology and Conservation","Single blind"
"X.3381","2658-3798",NA,"Population and Economics","Single blind"
"X.3382","2625-3410",NA,"Clinical Psychology in Europe","Single blind"
"X.3383","2534-9260",NA,"Rethinking Ecology","Double blind"
"X.3384","1896-1800","2569-653X","Social Psychological Bulletin","Double blind"
"X.3385","9246-304","2543-1684","Maandblad voor Accountancy en Bedrijfseconomie","Double blind"
"X.3386","1314-2836","1314-2828","Biodiversity Data Journal","Single blind"
"X.3387","1313-2970","1313-2989","ZooKeys","Single blind"
"X.3388","1314-2003","1314-2011","PhytoKeys","Single blind"
"X.3389","1314-4049","1314-4057","MycoKeys","Single blind"
"X.3390","1314-3301","1314-6947","Nature Conservation","Single blind"
"X.3391","1314-2488","1619-0033","Neobiota","Single blind"
"X.3392","1435-1935","1860-0743","Zoosystematics and Evolution","Single blind"
"X.3393","1200-73",NA,"Deutsche Entomologische Zeitschrift","Single blind"
"X.3394","1070-9428","1314-2607","Journal of Hymenoptera Research","Single blind"
"X.3395","1993-0771","1993-078X","Comparative Cytogenetics","Single blind"
"X.3396","1768-1448","1314-2615","Subterranean Biology","Single blind"
"X.3397","3427-536","2367-5365","Nota Lepidopterologica","Single blind"
"X.3398","2367-8194",NA,"One Ecosystem","Single blind"
"X.3399","1681-5556","2305-2562","African Invertebrates","Single blind"
"X.3400","2531-4033",NA,"Italian Botanist","Single blind"
"X.3401","2050-2966",NA,"BioDiscovery","Single blind"
"X.3402","1313-2652","1313-2644","BioRisk","Single blind"
"X.3403","1984-4689",NA,"Zoologia","Single blind"
"X.3404","2535-0889",NA,"Alpine Entomology","Single blind"
"X.3405","1809-127X",NA,"Check List","Single blind"
"X.3406","2535-0730",NA,"Evolutionary Systematics","Single blind"
"X.3407","1082-6467","1937-2426","Journal of Orthoptera Research","Single blind"
"X.3408","2534-9708",NA,"Metabarcoding and Metagenomics","Single blind"
"X.3409","2535-0897",NA,"Biodiversity Information Science and Standards","Single blind"
"X.3410","2405-4739","2405-4739","Russian Journal of Economics","Single blind"
"X.3411","2603-4301",NA,"Food Modelling Journal","Single blind"
"X.3412","2588-0535",NA,"Research Results in Pharmacology","Single blind"
"X.3413","2452-3038","2452-3038","Nuclear Energy and Technology","Single blind"
"X.3414","2452-1779","2452-1779","Modern Electronic Materials","Single blind"
"X.3415","2541-8416","2658-7173","Arctic Environmental Research","Single blind"
"X.3416","2409-5834","2500-2910","History of Medicine","Single blind"
"X.3417","2247-0735","1223-2254","Travaux du Muséum National d’Histoire Naturelle “Grigore Antipa""","Single blind"
"X.3418","2682-955X","1013-4425","Herpetozoa","Single blind"
"X.3419","1809-9939","1809-9939","Neotropical Biology and Conservation","Single blind"
"X.3420","2603-557X","0428-0296","Pharmacia","Single blind"
"X.3421","2658-3798",NA,"Population and Economics","Single blind"
"X.3422","1938-2901",NA,"Annals of the Entomological Society of America","Single blind"
"X.3423","1938-2936",NA,"Environmental Entomology","Single blind"
"X.3424","2399-3421",NA,"Insect Systematics and Diversity","Single blind"
"X.3425","1938-291X",NA,"Journal of Economic Entomology","Single blind"
"X.3426","1938-2928",NA,"Journal of Medical Entomology","Single blind"
"X.3427","1536-2442",NA,"Journal of Insect Science","Single blind"
"X.3428","2155-7470",NA,"Journal of Integrated Pest Management","Single blind"
"X.3429","2409-5834","2500-2910","History of Medicine","Double blind"
"X.3430","1432-0576",NA,"Annales Geophysicae","Other"
"X.3431","1680-7324",NA,"Atmospheric Chemistry and Physics","Other"
"X.3432","1867-8548",NA,"Atmospheric Measurement Techniques","Other"
"X.3433","1726-4189",NA,"Biogeosciences","Other"
"X.3434","1814-9332",NA,"Climate of the Past","Other"
"X.3435","1996-9465",NA,"Drinking Water Engineering and Science","Other"
"X.3436","2196-632X",NA,"Earth Surface Dynamics","Other"
"X.3437","2190-4987",NA,"Earth System Dynamics","Other"
"X.3438","1866-3516",NA,"Earth System Science Data","Other"
"X.3439","2628-3719",NA,"Geochronology","Other"
"X.3440","2193-0864",NA,"Geoscientific Instrumentation, Methods and Data Systems","Other"
"X.3441","2569-07110",NA,"Geoscience Communication","Other"
"X.3442","1991-9603",NA,"Geoscientific Model Development","Other"
"X.3443","1607-7938",NA,"Hydrology and Earth System Sciences","Other"
"X.3444","1684-9981",NA,"Natural Hazards and Earth System Sciences","Other"
"X.3445","1607-7946",NA,"Nonlinear Processes in Geophysics","Other"
"X.3446","1812-0792",NA,"Ocean Science","Other"
"X.3447","2199-0398X",NA,"SOIL","Other"
"X.3449","1994-0424",NA,"The Cryosphere","Other"
"X.3450","2366-7451",NA,"Wind Energy Science","Other"
"X.3451","1680-7359",NA,"Advances in Geosciences","Single blind"
"X.3452","1684-9973",NA,"Advances in Radio Science","Single blind"
"X.3453","1992-0636",NA,"Advances in Science and Research","Single blind"
"X.3454","2364-3587",NA,"Advances in Statistical Climatology, Meteorology and Oceanography","Single blind"
"X.3455","2363-9822",NA,"Archives Animal Breeding","Single blind"
"X.3456","2199-3963",NA,"ASTRA Proceedings","Single blind"
"X.3457","2570-2084",NA,"Advances in Cartography and GIScience of the International Cartographic Association","Double blind"
"X.3458","2570-2092",NA,"Proceedings of the International Cartographic Association","Single blind"
"X.3459","2570-2106",NA,"Abstracts of the International Cartographic Association","Single blind"
"X.3460","2625-8137",NA,"DEUQUA Special Publications","Single blind"
"X.3461","2199-9090",NA,"E&G Quaternary Science Journal","Single blind"
"X.3462","2193-0074",NA,"Fossil Record","Single blind"
"X.3463","2194-8798",NA,"Geographica Helvetica","Double blind"
"X.3464","2190-5029",NA,"History of Geo- and Space Sciences","Single blind"
"X.3465","2194-9034",NA,"International Archives of the Photogrammetry, Remote Sensing and Spatial Information Sciences","Single blind"
"X.3466","2041-4978",NA,"Journal of Micropalaeontology","Single blind"
"X.3467","2194-9050",NA,"ISPRS Annals of the Photogrammetry, Remote Sensing and Spatial Information Sciences","Double blind"
"X.3468","2194-878X",NA,"Journal of Sensors and Sensor Systems","Single blind"
"X.3469","2191-916X",NA,"Mechanical Sciences","Single blind"
"X.3470","2363-4715",NA,"Primate Biology","Single blind"
"X.3471","2199-899X",NA,"Proceedings of the International Association of Hydrological Sciences","Single blind"
"X.3472","1816-3459",NA,"Scientific Drilling","Single blind"
"X.3473","1868-4564",NA,"Stephan Mueller Special Publication Series","Single blind"
"X.3474","1399-1183",NA,"Web Ecology","Single blind"
"X.3475","1111-1111",NA,"Test","Test peer review type"
"X.3476","1111-1111",NA,"Test structured responses","Single blind"
