ISSN,ISSN2,title,peerreview
2666-5050,NA,"Heritage, Memory and Conflict (HMC)",Double blind
2750-8242,1617-8467,Geologica Saxonica,Single blind
2667-9809,1512-1720,Caucasiana,Double blind
2712-7508,2712-7702,BRICS Journal of Economics,Double blind
2710-298X,1026-4949,Biosystematics and Ecology (BiosystEcol),Single blind
1864-8312,1863-7221,Arthropod Systematics & Phylogeny,Single blind
1816-2711,NA,Pakistan Journal of Statistics and Operation Research,Double blind
1435-1943,1860-1014,Fossil Record,Single blind
2767-3200,NA,PLOS Climate,Single blind
2767-3170,NA,PLOS Digital Health,Single blind
2767-3375,NA,PLOS Global Public Health,Single blind
2767-3197,NA,PLOS Sustainability and Transformation,Single blind
2767-3219,NA,PLOS Water,Single blind
1438-8871,NA,JMIR (Journal of Medical Internet Research),Not blinded
1929-0748,NA,JMIR Research Protocols,Not blinded
1929-073X,NA,i-JMR (interactive Journal of Medical Research),Not blinded
1923-2195,NA,Medicine 2.0,Not blinded
2291-5222,NA,JMIR mHealth & uHealth,Not blinded
2291-9279,NA,JMIR Serious Games,Not blinded
2291-9694,NA,MIR Medical Informatics,Not blinded
2292-9495,NA,JMIR Human Factors,Not blinded
2368-7959,NA,MIR Mental Health,Not blinded
2369-2529,NA,JMIR Rehabilitation and Assistive Technologies,Not blinded
2369-3762,NA,JMIR Medical Education,Not blinded
2369-1999,NA,JMIR Cancer,Not blinded
2369-2960,NA,JMIR Public Health and Surveillance,Not blinded
2369-6893,NA,iProceedings,Not blinded
2371-4379,NA,JMIR Diabetes,Not blinded
2561-3278,NA,JMIR Biomedical Engineering,Not blinded
2561-1011,NA,JMIR Cardio,Not blinded
2561-326X,NA,JMIR Formative Research,Not blinded
2152-7202,NA,Journal of Participatory Medicine,Not blinded
2562-0959,NA,JMIR Dermatology,Not blinded
2561-6722,NA,JMIR Pediatrics and Parenting,Not blinded
2561-7605,NA,JMIR Aging,Not blinded
2561-9128,NA,JMIR Perioperative Medicine,Not blinded
2562-7600,NA,JMIR Nursing,Not blinded
2563-3570,NA,JMIR Bioinformatics and Biotechnology,Not blinded
2563-6316,NA,JMIRx|Med ,Not blinded
2564-1891,NA,JMIR Infodemiology,Not blinded
2683-2143,NA,"QVADRATA. Estudios sobre Educación, Artes y Humanidades",Double blind
2621-4814,NA,Borneo Journal of Pharmacy,Double blind
1983-5213,NA,Revista Ibero-americana de Ciência da Informação,Double blind
1028-9933,NA,Revista Información Científica,Double blind
2477-8850,NA,Siembra,Double blind
2448-539X,NA,Culturales,Double blind
2527-1075,NA,"eISSN 2527-1075 - The Journal of Engineering and Exact Sciences
REVES - Revista Relações Sociais (eISSN 2595-4490)
",Double blind
2518-3354,NA,European Science Editing,Single blind
2177-8566,NA,Revista Poiésis,Double blind
2007-1094,NA,Apertura,Double blind
2007-3607,NA,Paakat: Revista de Tecnología y Sociedad,Double blind
2346-3910,NA,GEON,Double blind
1390-6542,NA,Enfoque UTE,Double blind
2236-1987,NA,Journal of Nursing and Health,Double blind
2224-2708,NA,Journal of Sensor and Actuator Networks,Single blind
2338-1353,NA,Journal of ASEAN Studies,Double blind
2460-710X,NA,Lingua Cultura,Double blind
1734-1515,NA,Acta Ichthyologica et Piscatoria,Single blind
2523-1715,NA,Journal of College of Sharia and Islamic Studies,Double blind
2283-5733,NA,"Global & Regional Health Technology Assessment
",Double blind
1941-7039,NA,American Journal of Engineering and Applied Sciences,Not blinded
2460-7010,NA,CommIT (Communication and Information Technology) Journal,Double blind
2087-1228,NA,Binus Business Review,Double blind
2686-9012,NA,Economic Consultant,Double blind
1545-8490,1545-8504,Decision Analysis,Double blind
2391-6389,NA,Studia z Polityki Publicznej/Public Policy Studies,Double blind
2476-907X,NA,"ComTech: Computer, Mathematics and Engineering Applications",Double blind
2622-5905,NA,Health Information : Jurnal Penelitian,Double blind
2046-6390,NA,Biology Open,Single blind
1754-8403,1754-8411,Disease Models & Mechanisms,Single blind
2465-2628,NA,AboutOpen,Single blind
2283-5733,NA,"Global & Regional Health Technology Assessment
",Single blind
1177-3928,NA,Drug Target Insights,Single blind
1849-4544,NA,Journal of Circulating Biomarkers,Single blind
2705-0076,NA,Giornale di Clinica Nefrologica e Dialisi,Single blind
1701-2163,NA,Journal of Obstetrics and Gynaecology Canada,Double blind
1312-6431,NA,Neurosonology and Cerebral Hemodynamics,Single blind
2544-3275,NA,"Budownictwo i Architektura
",Double blind
2391-6761,NA,"Informatyka, Automatyka, Pomiary w Gospodarce i Ochronie Środowiska",Double blind
2544-0764,NA,"Journal of Computer Sciences Institute
",Double blind
2543-6422,NA,Protection of Cultural Heritage,Double blind
1941-7020,NA,American Journal of Engineering and Applied Sciences,Single blind
2178-2679,NA,Revista Práxis Educacional,Double blind
2231-5209,0974-9411,Journal of Applied and Natural Science,Double blind
2582-0400,NA,Litinfinite Journal,Double blind
2455-1503,NA,The Researchers,Double blind
2348-991X ,NA,International Journal of Medical Science and Clinical invention,Double blind
2632-3834,NA,Qeios,Open (not blinded) Post-Publication
2518-3354,NA,European Sciense Editing,Single blind
2683-1015,1310-7488,Bʺlgarska kardiologiâ,Single blind
2704-6192,2280-1855,Plant Sociology,Single blind
1311-8706 ,NA,Silva Balcanica,Single blind
2312-1033,NA,Research journal of innovative ideas and thoughts,Double blind
2503-040X,NA,REGISTER JOURNAL,Double blind
1017-995X,NA,Acta Orthopaedica et Traumatologica Turcica,Double blind
1578-665X,2014-928X,"Animal Biodiversity and Conservation
",Single blind
1698-0476,NA,Arxius de Miscel·lània Zoològica,Single blind
1130-4995,2385-4499,Treballs del Museu de Geologia de Barcelona,Single blind
2658-5561,NA,Bulletin Social-Economic and Humanitarian Research,Double blind
2732-5164,NA,Sushruta Journal of Health Policy & Opinions,Not blinded
2732 - 5148,NA,The Physician,Not blinded
2525-1295,NA,Estudios económicos,Triple blind
1317-0570,2343-5763,Telos: Revista de Estudios Interdisciplinarios en Ciencias Sociales,Double blind
2658-4255,NA,Russian Arctic,Single blind
2367-5705,2367-8704,English Studies at NBU,Double blind
2222-5234,2220-6655,International Journal of Biosciences (IJB),Double blind
1975-5937,NA,Journal of Educational Evaluation for Health Professions,Single blind
2545-6377,NA,Revista del Museo de La Plata,Single blind
2217-8309,NA,TEM Journal,Double blind
2622-5905,NA,Health Information : Jurnal Penelitian,Double blind
2456-2069,NA,Journal of Social Work Education and Practice,Double blind
1225-6463,2233-7326,ETRI Journal,Double blind
2071-1050,NA,"Sustainability
",Single blind
2415-0304,NA,Empirical Economic Review,Double blind
0973-2063,NA,BIOINFORMATION,Not blinded
2448-6248,NA,Voces de la Educación,Double blind
2525-3468,NA,Informação em Pauta,Double blind
1025-0255,NA,Archivo Médico de Camagüey,Double blind
2211-8160,NA,Global Heart,Single blind
0011-748X,0976-464X,Defence Science Journal,Double blind
0120-4645,NA,Cuadernos de administracion,Double blind
2307-8553,NA,Asian Journal of Agriculture and Biology,Double blind
2645-9132,NA,ULUM,Double blind
3075-079,1470-174X,Studies in Higher Education,Double blind
1815-60,1573-174X,Higher Education,Double blind
4873-33,NA,Research Policy,Double blind
2212-4438,NA,Journal of the World Federation of Orthodontists,Double blind
2617-541X,NA,Lex Portus,Double blind
2617-541X,NA,Lex Portus,Not blinded
2688-9374,NA,Liberal Studies,Not blinded
1998-4634,NA,Eminak,Double blind
2322-2913,2345-640X,The International Journal of Medical Investigation,Double blind
2300-5076,NA,Physical Activity Review,Double blind
0019-462X,NA,Indian Drugs,Double blind
2236-269X,NA,Independent Journal of Management & Production,Double blind
1788-7119,NA,European Journal of Mental Health,Double blind
2415-6698,NA,"Advances in Science, Technology and Engineering Systems Journal",Double blind
2226-0994,2414-5904,"The Journal of V. N. Karazin Kharkiv National University, Series ""Philosophy. Philosophical Peripeteias""",Double blind
1666-1680,NA,Técnica Administrativa,Double blind
2651-3978,2636-8110,Hitit University Journal of Divinity Faculty,Double blind
2451-3202,2543-702X,Studia Historiae Scientiarum,"Double Blind and Single Blind and Not blined in rare cases - see ""Peer review policy"" URL"
2603-431X ,NA,Viticulture Data Journal (VDJ),Single blind
2048-043,1314-2143,Folia Medica,Single blind
2367-7163,NA,Research Ideas and Outcomes (RIO),Single blind
1561-2937,NA,Revista Cubana de Cardiología y Cirugía Cardiovascular,Double blind
2477-9628,NA,Kasmera,Double blind
0255-965X,1842-4309,Notulae Botanicae Horti Agrobotanici Cluj-Napoca,Double blind
2067-3205,2067-3264,Notulae Scientia Biologicae,Double blind
2455-3166,NA,Journal of Research in Traditional Medicine,Double blind
2395-8200,NA,Economía Creativa,Double blind
2475-8752,NA,Fórum Empresarial,Double blind
2043-6262,NA,Advances in Natural Sciences: Nanoscience and Nanotechnology,Double blind
1816-2711,2220-5810,Pakistan Journal of Statistics and Operation Research,Double blind
2617-5770,NA,SEISENS Journal of Management,Double blind
2217-2661,NA,International Journal of Industrial Engineering and Management,Double blind
1932-6203,NA,PLOS ONE,Single blind
1544-9173,1545-7885,PLOS Biology,Single blind
1549-1277,1549-1676,PLOS Medicine,Single blind
1553-7390,1553-7404,PLOS Genetics,Single blind
1553-7366,1553-7374,PLOS Pathogens,Single blind
1935-2727,1935-2735,PLOS Neglected Tropical Diseases,Single blind
1553-734X,1553-7358,PLOS Computational Biology,Single blind
2076-3387,NA,Administrative Sciences,Double blind
2076-0752,NA,Arts,Double blind
2075-5309,NA,Buildings,Double blind
2624-8549,NA,Chemistry,Single blind
2079-9721,NA,Diseases,Single blind
1507-3866,1507-3866,Econometrics,Single blind
2227-7099,NA,Economies,Double blind
2162-9463,NA,Education,Double blind
2073-4336,NA,Games,Double blind
2313-5778,NA,Genealogy,Double blind
2076-0787,2076-0787,Humanities,Double blind
2079-3200,NA,Journal of Intelligence,Double blind
2226-471X,NA,Languages,Double blind
2075-471X,NA,Laws,Double blind
2571-6182,NA,Plasma,Single blind
2077-1444,NA,Religions,Double blind
2326-9863,NA,Social Sciences,Double blind
2075-4698,NA,Societies,Double blind
2571-9637,NA,Surfaces,Double blind
2072-6651,2072-6651,Toxins,Double blind
2465-2628,2465-2628,AboutOpen,Single blind
1612-6033,1612-6041,Zeithistorische Forschungen/Studies in Contemporary History,"double blind for longer articles in open issues, not blinded in special issues and for shorter contributions"
 2367-9212,NA,Bulgarian Journal of Soil Science ,Double blind
2398-8835,NA,Health Science Reports,Single blind
1758-2946,1758-2946,Journal of Cheminformatics,"Single blind, but reviewers have the freedom to sign their reviews."
2639-5347,NA,WikiJournal of Humanities,Not blinded
2002-4436,NA,WikiJournal of Medicine,Not blinded
1860-5397,NA,Beilstein Journal of Organic Chemistry,Single blind
2190-4286,NA,"Beilstein Journal of Nanotechnology
",Single blind
1253-611,2651-0561,Ramathibodi Medical Journal,Double blind
2313-4895,NA,Kyiv-Mohyla Humanities Journal,Double blind
1754-6605,1754-6605,ecancermedicalscience,Single blind
4628-0,1538-3873,Publications of the Astronomical Society of the Pacific,Single blind
1253-611,2651-0561,Ramathibodi Medical Journal,Unsure/not specified
2521-327X,NA,Quantum,Single blind
2250-96,NA,Journal of the Mechanics and Physics of Solids,Single blind
2250-96,NA,Journal of the Mechanics and Physics of Solids,Single blind
2179-7994,NA,Revista Brasileira de Medicina de Família e Comunidade,Double blind
1754-8403,NA,Disease Models & Mechanisms,Single blind
2046-6390,NA,Biology Open,Single blind
2046-1402,NA,F1000 Research,open (not blinded) post publication 
2398-502X,NA,Wellcome Open Research,open (not blinded) post publication 
2572-4754,NA,Gates Open Research,open (not blinded) post publication 
2515-9321,NA,AAS Open Research,open (not blinded) post publication 
2515-4826,NA,HRB Open Research,open (not blinded) post publication 
2517-6900,NA,AMRC Open Research,open (not blinded) post publication 
2515-5059,NA,MNI Open Research,open (not blinded) post publication 
2054-5703,2054-5703,Royal Society Open Science,Single blind
2046-2441,2046-2441,Open Biology,Single blind
1398-9219,1600-0854,Traffic,Single blind
2470-6345,NA,WikiJournal of Science,Not blinded
1398-9219,1600-0854,Traffic,Single blind
6497-1,1528-0020,Blood,Unsure/not specified
0953-816X,1460-9568,European Journal of Neuroscience,Not blinded
9059-180,1600-0617,European Respiratory Review,Single blind
2312-0541,NA,ERJ Open Research,Single blind
1810-6838,2073-4735,Breathe,Single blind
1932-6203,NA,PLOS ONE,Single blind
1544-9173,1545-7885,PLOS Biology,Single blind
1549-1277,1549-1676,PLOS Medicine,Single blind
1553-7390,1553-7404,PLOS Genetics,Single blind
1553-7366,1553-7374,PLOS Pathogens,Single blind
1935-2735,NA,PLOS Neglected Tropical Diseases,Single blind
2347-4688,2321-9971,Current Agriculture Research Journal,Double blind
9734-929,2320-8031,Current World Environment,Double blind
1064-6671,NA,SPE Drilling & Completion,Single blind
1930-1855,NA,SPE Production & Operations,Single blind
1086-055X,NA,SPE Journal,Single blind
8923-310,8923-310,Journal of Scientific Exploration,Single blind
1663-4365,NA,Frontiers in Aging Neuroscience,Single blind
2297-4687,NA,Frontiers in Applied Mathematics and Statistics,Single blind
1662-5153,1662-5153,Frontiers in Behavioral Neuroscience,Single blind
2624-909X,NA,Frontiers in Big Data,Single blind
2296-4185,NA,Frontiers in Bioengineering and Biotechnology,Single blind
2624-7852,NA,Frontiers in Blockchain,Single blind
2297-3362,NA,Frontiers in Built Environment,Single blind
2297-055X,NA,Frontiers in Cardiovascular Medicine,Single blind
2296-634X,NA,Frontiers in Cell and Developmental Biology,Single blind
2235-2988,NA,Frontiers in Cellular and Infection Microbiology,Single blind
1662-5102,1662-5102,Frontiers in Cellular Neuroscience,Single blind
2296-2646,NA,Frontiers in Chemistry,Single blind
2297-900X,NA,Frontiers in Communication,Single blind
1662-5188,1662-5188,Frontiers in Computational Neuroscience,Single blind
2297-2668,NA,Frontiers in Digital Humanities,Single blind
2296-6463,NA,Frontiers in Earth Science,Single blind
2296-701X,NA,Frontiers in Ecology and Evolution,Single blind
2504-284X,NA,Frontiers in Education,Single blind
1664-2392,NA,Frontiers in Endocrinology,Single blind
2296-665X,NA,Frontiers in Environmental Science,Single blind
1663-070X,NA,Frontiers in Evolutionary Neuroscience,Single blind
2624-893X,NA,Frontiers in Forests and Global Change,Single blind
1664-8021,NA,Frontiers in Genetics,Single blind
1662-5161,1662-5161,Frontiers in Human Neuroscience,Single blind
2297-198X,NA,Frontiers in ICT,Single blind
1664-3224,NA,Frontiers in Immunology,Single blind
1662-5145,1662-5145,Frontiers in Integrative Neuroscience,Single blind
2296-7745,NA,Frontiers in Marine Science,Single blind
2296-8016,NA,Frontiers in Materials,Single blind
2297-3079,NA,Frontiers in Mechanical Engineering,Single blind
2296-858X,NA,Frontiers in Medicine,Single blind
1664-302X,NA,Frontiers in Microbiology,Single blind
2296-889X,NA,Frontiers in Molecular Biosciences,Single blind
1662-5099,1662-5099,Frontiers in Molecular Neuroscience,Single blind
1662-5110,1662-5110,Frontiers in Neural Circuits,Single blind
1662-5129,1662-5129,Frontiers in Neuroanatomy,Single blind
1662-6427,NA,Frontiers in Neuroenergetics,Single blind
1662-6443,1662-6443,Frontiers in Neuroengineering,Single blind
1662-5196,1662-5196,Frontiers in Neuroinformatics,Single blind
1664-2295,NA,Frontiers in Neurology,Single blind
1662-5218,NA,Frontiers in Neurorobotics,Single blind
1662-4548,1662-453X,Frontiers in Neuroscience,Single blind
2296-861X,NA,Frontiers in Nutrition,Single blind
2234-943X,NA,Frontiers in Oncology,Single blind
2296-2360,NA,Frontiers in Pediatrics,Single blind
1663-9812,NA,Frontiers in Pharmacology,Single blind
2296-424X,NA,Frontiers in Physics,Single blind
1664-042X,NA,Frontiers in Physiology,Single blind
1664-462X,NA,Frontiers in Plant Science,Single blind
1664-0640,NA,Frontiers in Psychiatry,Single blind
1664-1078,NA,Frontiers in Psychology,Single blind
2296-2565,NA,Frontiers in Public Health,Single blind
2504-0537,NA,Frontiers in Research Metrics and Analytics,Single blind
2296-9144,NA,Frontiers in Robotics and AI,Single blind
2297-7775,NA,Frontiers in Sociology,Single blind
2296-875X,NA,Frontiers in Surgery,Single blind
2571-581X,NA,Frontiers in Sustainable Food Systems,Single blind
1663-3563,NA,Frontiers in Synaptic Neuroscience,Single blind
2297-1769,NA,Frontiers in Veterinary Science,Single blind
1754-8403,1754-8411,Disease Models & Mechanisms,Single blind
2046-6390,NA,Biology Open,Single blind
1754-8403,1754-8411,Disease Models & Mechanisms,Single blind
2195-33,1477-9137,Journal of Cell Science,Single blind
2209-49,1477-9145,Journal of Experimental Biology,Single blind
9501-991,1477-9129,Development,Single blind
2413-4155,NA,Sci,Not blinded
2076-0825,NA,Actuators,Single blind
2226-4310,NA,Aerospace,Single blind
2077-0472,2077-0472,Agriculture,Single blind
2624-7402,NA,AgriEngineering,Single blind
2073-4395,NA,Agronomy,Single blind
1999-4893,NA,Algorithms,Single blind
2076-2615,NA,Animals,Single blind
2079-6382,NA,Antibiotics,Single blind
2073-4468,NA,Antibodies,Single blind
2076-3921,NA,Antioxidants,Single blind
2076-3417,NA,Applied Sciences,Single blind
2571-5577,NA,Applied System Innovation,Single blind
1598-3560,NA,Atmosphere,Single blind
2218-2004,NA,Atoms,Single blind
2075-1680,NA,Axioms,Single blind
2313-0105,NA,Batteries,Single blind
2076-328X,NA,Behavioral Sciences,Single blind
2306-5710,NA,Beverages,Single blind
2504-2289,NA,Big Data and Cognitive Computing,Single blind
2306-5354,NA,Bioengineering,Single blind
2079-7737,NA,Biology,Single blind
2227-9059,NA,Biomedicines,Single blind
2313-7673,NA,Biomimetics,Single blind
2218-273X,NA,Biomolecules,Single blind
2079-6374,2079-6374,Biosensors,Double blind
2076-3425,NA,Brain Sciences,Double blind
2072-6694,NA,Cancers,Double blind
2073-4344,NA,Catalysts,Double blind
2073-4409,NA,Cells,Double blind
2571-6131,NA,Ceramics,Double blind
2078-1547,NA,Challenges,Double blind
2305-7084,NA,ChemEngineering,Double blind
2227-9040,NA,Chemosensors,Double blind
2227-9067,NA,Children,Double blind
2225-1154,NA,Climate,Double blind
2624-5175,NA,Clocks & Sleep,Double blind
2079-6412,NA,Coatings,Double blind
2504-5377,NA,Colloids and Interfaces,Double blind
2079-3197,NA,Computation,Double blind
2073-431X,NA,Computers,Double blind
2410-3896,NA,Condensed Matter,Double blind
2079-9284,NA,Cosmetics,Double blind
2410-387X,NA,Cryptography,Double blind
2073-4352,NA,Crystals,Double blind
2306-5729,NA,Data,Double blind
2304-6767,NA,Dentistry Journal,Double blind
2411-9660,NA,Designs,Double blind
2075-4418,NA,Diagnostics,Double blind
2079-9721,NA,Diseases,Double blind
1424-2818,NA,Diversity,Double blind
2504-446X,NA,Drones,Double blind
2079-9292,NA,Electronics,Double blind
1996-1073,NA,Energies,Double blind
1099-4300,NA,Entropy,Double blind
2076-3298,NA,Environments,Double blind
2075-4655,NA,Epigenomes,Double blind
2311-5637,NA,Fermentation,Double blind
2079-6439,NA,Fibers,Double blind
2571-6255,NA,Fire,Double blind
2410-3888,NA,Fishes,Double blind
2311-5521,NA,Fluids,Double blind
2304-8158,NA,Foods,Double blind
2571-9394,NA,Forecasting,Double blind
1999-4907,NA,Forests,Double blind
2504-3110,NA,Fractal and Fractional,Double blind
1999-5903,NA,Future Internet,Double blind
2078-2489,NA,Information,Double blind
2220-9964,NA,ISPRS International Journal of Geo-Information,Double blind
2077-1312,NA,Journal of Marine Science and Engineering,Double blind
2624-845X,NA,Journal of Nanotheranostics,Double blind
2075-4426,NA,Journal of Personalized Medicine,Double blind
1911-8074,NA,Journal of Risk and Financial Management,Double blind
2224-2708,NA,Journal of Sensor and Actuator Networks,Double blind
2073-445X,NA,Land,Double blind
2075-1729,NA,Life,Double blind
2305-6290,NA,Logistics,Double blind
2075-4442,NA,Lubricants,Double blind
2504-4990,NA,Machine Learning and Knowledge Extraction,Double blind
2075-1702,NA,Machines,Double blind
1660-3397,NA,Marine Drugs,Double blind
1996-1944,NA,Materials,Double blind
1300-686X,NA,Mathematical and Computational Applications,Double blind
2227-7390,NA,Mathematics,Double blind
1422-8599,NA,Molbank,Double blind
2304-6732,NA,Photonics,Double blind
2223-7747,NA,Plants,Double blind
2571-6182,NA,Plasma,Double blind
2032-6653,NA,World Electric Vehicle Journal,Double blind
1754-8403,1754-8411,Disease Models & Mechanisms,Single blind
2046-6390,NA,Biology Open,Single blind
2209-49,1477-9145,Journal of Experimental Biology,Single blind
2046-6390,NA,Biology Open,Single blind
1754-8403,1754-8411,Disease Models & Mechanisms,Single blind
2195-33,1477-9137,Journal of Cell Science,Single blind
9501-991,1477-9129,Development,Single blind
2050-084X,NA,eLife,Consultative peer review (reviewers discuss their independent reports with one another and can optionally reveal their names to the authors)
2054-5703,2054-5703,Royal Society Open Science,Single blind
2046-2441,2046-2441,Open Biology,Single blind
2054-5703,2054-5703,Royal Society Open Science,Single blind
9916-3,1399-0004,Clinical Genetics,Single blind
2167-8359,NA,PeerJ,Optional single blind (reviewers can choose to name themselves)
2376-5992,NA,PeerJ Computer Science,Optional single blind (reviewers can choose to name themselves)
2398-502X,NA,Wellcome Open Research,open (not blinded) post publication 
2572-4754,NA,Gates Open Research,open (not blinded) post publication 
2515-9321,NA,AAS Open Research,open (not blinded) post publication 
2515-4826,NA,HRB Open Research,open (not blinded) post publication 
2517-6900,NA,AMRC Open Research,open (not blinded) post publication 
2515-5059,NA,MNI Open Research,open (not blinded) post publication 
2637-5923,NA,Current Research in Digital History,Not blinded
3067-8,1080-6490,American Quarterly,Double blind
8867-356,1548-1360,Cultural Anthropology,Double blind
4409-213,2328-1103,Historical Archaeology,Single blind
2325-6893,NA,Journal of Southern History,Double blind
1084-5453,1930-8892,Environmental History,Double blind
2162-3309,NA,Journal of Librarianship and Scholarly Communication,Double blind
2723-433,1533-8576,The Public Historian,Double blind
1944-8007,9482-76,Geophysical Research Letters,Unsure/not specified
2041-8205,2041-8213,The Astrophysical Journal,Single blind
3695-1,3695-1,Applied Physics Letters,Unsure/not specified
3190-07,1079-7114,Physical Review Letters,Unsure/not specified
2041-4889,NA,Cell Death and Disease,Single blind but double blind optional
1350-9047,1350-9047,Cell Death and Differentiation,Single blind
9286-74,NA,Cell,Single blind
1748-3387,1748-3395,Nature Nanotechnology,Single blind but double-blind offered
1755-4330,1755-4349,Nature Chemistry,Single blind but double blind optional
1476-1122,1476-4660,Nature Materials,Single blind but double blind optional
9927-689,1432-0576,Annales Geophysicae,Referees can choose to stay anonymous
1867-8548,NA,Atmospheric Measurement Techniques,Referees can choose to stay anonymous
1726-4189,NA,Biogeosciences,Referees can choose to stay anonymous
1814-9332,NA,Climate of the Past,Referees can choose to stay anonymous
1996-9465,NA,Drinking Water Engineering and Science,Referees can choose to stay anonymous
2196-632X,NA,Earth Surface Dynamics,Referees can choose to stay anonymous
2190-4987,NA,Earth System Dynamics,Referees can choose to stay anonymous
1866-3516,NA,Earth System Science Data,Referees can choose to stay anonymous
2569-7110,NA,Geoscience Communication,Referees can choose to stay anonymous
1991-9603,NA,Geoscientific Model Development,Referees can choose to stay anonymous
1607-7938,NA,Hydrology and Earth System Sciences,Referees can choose to stay anonymous
1607-7946,NA,Nonlinear Processes in Geophysics,Referees can choose to stay anonymous
1812-0792,NA,Ocean Science,Referees can choose to stay anonymous
2199-398X,NA,SOIL,Referees can choose to stay anonymous
1869-9510,1869-9529,Solid Earth,Referees can choose to stay anonymous
1994-0424,NA,The Cryosphere,Referees can choose to stay anonymous
2366-7451,NA,Wind Energy Science,Referees can choose to stay anonymous
2163-3967,2163-3975,Advances in Geosciences,Single blind
1684-9973,NA,Advances in Radio Science,Single blind
1992-0636,NA,Advances in Science and Research,Single blind
2363-9822,NA,Archives Animal Breeding,Single blind
2199-3963,NA,ASTRA Proceedings,Single blind
2625-8137,NA,DEUQUA Special Publications,Single blind
2199-9090,NA,E&G Quaternary Science Journal,Single blind
1435-1943,1860-1014,Fossil Record,Single blind
2194-8798,NA,Geographica Helvetica,Double blind
2190-5029,NA,History of Geo- and Space Sciences,Single blind
0262-821X,2041-4978,Journal of Micropalaeontology,Single blind
2194-878X,NA,Journal of Sensors and Sensor Systems,Single blind
2191-916X,NA,Mechanical Sciences,Single blind
2363-4715,NA,Primate Biology,Single blind
2199-899X,NA,Proceedings of the International Association of Hydrological Sciences,Single blind
1816-3459,NA,Scientific Drilling,Single blind
1868-4564,NA,Stephan Mueller Special Publication Series,Single blind
1399-1183,NA,Web Ecology,Single blind
1040-2446,NA,Academic Medicine,Single blind
1944-8244,1944-8252,ACS Applied Materials & Interfaces,Single Blind
1484-2,1520-4898,Accounts of Chemical Research,Single Blind
2155-5435,2155-5435,ACS Catalysis,Single blind
1427-3,1948-0989,Academy of Management Journal,Double blind
1936-0851,1936-086X,ACS Nano,Single blind
1614-6832,1614-6840,Advanced Energy Materials,Unsure
1616-301X,1616-3028,Advanced Functional Materials,Unsure
9359-648,1521-4095,Advanced Materials,Unsure
2828-2,1944-7981,American Economic Review,Double blind
9258-53,1540-5907,American Journal of Political Science,Double blind
9000-36,1541-0048,American Journal of Public Health,Double blind
3055-4,1537-5943,American Political Science Review,Double blind
3122-4,1939-8271,American Sociological Review,Double blind
1433-7851,1521-3773,Angewandte Chemie International Edition,Single blind
3481-9,NA,Annals of Internal Medicine,Single blind
9237-534,1569-8041,Annals of Oncology,Unsure
3496-7,1468-2060,Annals of the Rheumatic Diseases,Single blind
1607-383,NA,Annals of Tourism Research,Double blind
3062-619,NA,Applied Energy,Single blind
1426-001,1477-450X,Applied Linguistics,Double blind
3695-1,3695-1,Applied Physics Letters,Unsure
1429-612,NA,Biomaterials,Single blind
6497-1,1528-0020,Blood,Single blind
9598-138,1756-1833,BMJ,Not blinded
1535-6108,NA,Cancer Cell,Single blind
8547-2,1538-7445,Cancer Research,Unsure
9286-74,NA,Cell,Single blind
1550-4131,NA,Cell Metabolism,Single blind
1934-5909,NA,Cell Stem Cell,Single blind
9266-5,1520-6890,Chemical Reviews,Unsure
3060-012,1460-4744,Chemical Society Reviews,Unsure
8974-756,1520-5002,Chemistry of Materials,Unsure
9732-2,1524-4539,Circulation,Unsure
9733-0,1524-4571,Circulation Research,Single blind
1078-0432,1557-3265,Clinical Cancer Research,Unsure
3601-315,NA,Computers & Education,Double blind
1495-992,1495-992,Diabetes Care,Single blind
2167-0811,2167-082X,Digital Journalism,Double blind
1296-82,1468-0262,Econometrica,Unsure
0013-936X,1520-5851,Environmental Science & Technology,Unsure
0195-668X,1522-9645,European Heart Journal,Unsure
3022-838,1421-993X,European Urology,Single blind
1650-85,NA,Gastroenterology,Single blind
8912-432,1552-3977,Gender & Society,Double blind
1944-8007,9482-76,Geophysical Research Letters,Unsure
9593-780,NA,Global Environmental Change,Double blind
0740-624X,NA,Government Information Quarterly,Other
1757-49,1468-3288,Gut,Single Blind
2782-715,1544-5208,Health Affairs,Double blind
2709-139,1527-3350,Hepatology,Unsure
1636-804,1558-1896,IEEE Communications Magazine,Unsure
1553-877X,1553-877X,IEEE Communications Surveys & Tutorials,Unsure
1892-86,1558-2523,IEEE Transactions on Automatic Control,Unsure
2780-046,1557-9948,IEEE Transactions on Industrial Electronics,Unsure
1628-828,2160-9292,IEEE Transactions on Pattern Analysis and Machine Intelligence,Unsure
8858-993,1941-0107,IEEE Transactions on Power Electronics,Single blind
1053-587X,1941-0476,IEEE Transactions on Signal Processing,Single blind
1074-7613,NA,Immunity,Single blind
9255-273,NA,International Journal of Production Economics,Double blind
2995-5,NA,Journal of the American Medical Association,Single blind
9167-49,NA,Journal of Allergy and Clinical Immunology,Unsure
3784-266,NA,Journal of Banking & Finance,Double blind
1674-544,1573-0697,Journal of Business Ethics,Double blind
1482-963,NA,Journal of Business Research,Double blind
9596-526,NA,Journal of Cleaner Production,Single blind
0732-183X,1527-7755,Journal of Clinical Oncology,Single blind
0976-691X,2456-6586,Journal of Communication,Unsure
1475-7508,1475-7516,Journal of Cosmology and Astroparticle Physics,Single blind
8953-309,NA,Journal of Economic Perspectives,Unsure
2206-63,1939-2176,Journal of Educational Psychology,Double blind
0304-405X,NA,Journal of Financial Economics,Unsure
1688-278,1688-278,Journal of Hepatology,Unsure
1126-6708,1029-8479,Journal of High Energy Physics,Single blind
1492-063,1557-1211,Journal of Management,Double blind
3782-166,NA,Journal of Pragmatics,Double blind
2786-3,1520-5126,Journal of the American Chemical Society,Single blind
7351-097,NA,Journal of the American College of Cardiology,Single blind
4728-91,1573-6601,Journal of Youth and Adolescence,Double blind
1464-8849,NA,Journalism,Double blind
1751-2786,1751-2794,Journalism Practice,Double blind
1461-670X,1469-9699,Journalism Studies,Double blind
2648-377,NA,Land Use Policy,Double blind
2383-33,1467-9922,Language Learning,Other
2438-41,NA,Lingua,Double blind
2519-09,1526-5501,Management Science,Double blind
1097-2765,NA,Molecular Cell,Unsure
3587-11,1365-8711,Monthly Notices of the Royal Astronomical Society,Single blind
1530-6984,1530-6992,Nano Letters,Unsure
2040-3364,2040-3372,Nanoscale,Unsure
2808-36,1476-4687,Nature,Other
1087-0156,1546-1696,Nature Biotechnology,Other
1465-7392,1476-4679,Nature Cell Biology,Other
1755-4330,1755-4349,Nature Chemistry,Other
1758-678X,1758-6798,Nature Climate Change,Other
2041-1723,NA,Nature Communications,Other
1061-4036,1546-1718,Nature Genetics,Other
1529-2908,1529-2916,Nature Immunology,Other
1476-1122,1476-4660,Nature Materials,Other
1078-8956,1744-7933,Nature Medicine,Other
1548-7091,1548-7105,Nature Methods,Other
1748-3387,1748-3395,Nature Nanotechnology,Other
1097-6256,1546-1726,Nature Neuroscience,Other
1749-4885,1749-4893,Nature Photonics,Other
1745-2473,1745-2481,Nature Physics,Other
1474-1768,1474-1768,Nature Reviews Cancer,Unsure
1471-0056,1471-0064,Nature Reviews Genetics,Unsure
1474-1741,1474-1741,Nature Reviews Immunology,Unsure
1471-0048,1471-0048,Nature Reviews Neuroscience,Unsure
1053-8119,1095-9572,NeuroImage,Single blind
8966-273,NA,Neuron,Single blind
3051-048,1362-4962,Nucleic Acids Research,Unsure
2978-28,NA,Obstetrical & Gynecological Survey,Unsure
1094-4087,NA,Optics Express,Single blind
3140-05,1098-4275,Pediatrics,Unsure
5540-739,NA,Philosophical Studies,Double blind
1098-0121,1550-235X,Physical Review B,Single blind
1550-7998,1089-4918,Physical Review D,Single blind
3190-07,1079-7114,Physical Review Letters,Single blind
2160-3308,NA,Physical Review X,Single blind
3702-693,NA,Physics Letters B,Single blind
1932-6203,NA,PLOS ONE,Single blind
2784-24,1091-6490,Proceedings of the National Academy of Sciences,Single blind
3091-325,1477-0288,Progress in Human Geography,Double blind
0033-362X,1537-5331,Public Opinion Quarterly,Double blind
3434-04,1360-0591,Regional Studies,Double blind
1364-0321,NA,Renewable and Sustainable Energy Reviews,Single blind
4873-33,NA,Research Policy,Double blind
3465-35,1530-9142,Review of Economics and Statistics,Unsure
3468-61,1539-0756,Reviews of Modern Physics,Single blind
3680-75,1095-9203,Science,Unsure
1946-6234,1946-6242,Science Translational Medicine,Unsure
2045-2322,NA,Scientific Reports,Single blind
2779-536,NA,Social Science & Medicine,Double blind
1432-095,1097-0266,Strategic Management Journal,Unsure
3978-57,1573-0964,Synthese,Double blind
0346-251X,NA,System,Double blind
0742-051X,NA,Teaching and Teacher Education,Double blind
3983-22,1545-7249,TESOL Quarterly,Unsure
2041-8205,2041-8213,The Astrophysical Journal,Unsure
9443-9,1468-2648,The China Quarterly,Double blind
1434-6044,1434-6052,The European Physical Journal C,Single blind
2210-82,1540-6261,The Journal of Finance,Unsure
1948-7185,1948-7185,The Journal of Physical Chemistry Letters,Single blind
1406-736,1474-547X,The Lancet,Unsure
1474-4422,NA,The Lancet Neurology,Unsure
1470-2045,NA,The Lancet Oncology,Unsure
3355-33,1531-4650,The Quarterly Journal of Economics,Unsure
3465-27,1467-937X,The Review of Economic Studies,Unsure
2615-177,NA,Tourism Management,Double blind
0305-750X,NA,World Development,Double blind
1085-3375,1687-0409,Abstract and Applied Analysis,Single blind
8827-516,1563-5031,Active and Passive Electronic Components,Single blind
1687-6261,1687-627X,Advances in Acoustics and Vibration,Single blind
2356-654X,2314-7539,Advances in Agriculture,Single blind
1687-7969,1687-7977,Advances in Astronomy,Single blind
1687-8027,1687-8035,Advances in Bioinformatics,Single blind
1687-8086,1687-8094,Advances in Civil Engineering,Single blind
1687-8108,1687-8124,Advances in Condensed Matter Physics,Single blind
1687-7101,1687-711X,Advances in Fuzzy Systems,Single blind
1687-9104,1687-9112,Advances in Hematology,Single blind
1687-7357,1687-7365,Advances in High Energy Physics,Single blind
1687-5893,1687-5907,Advances in Human-Computer Interaction,Single blind
2578-7217,NA,Advances in Materials Science and Engineering,Single blind
1687-9120,1687-9139,Advances in Mathematical Physics,Single blind
2356-6752,2314-758X,Advances in Medicine,Single blind
1687-9309,1687-9317,Advances in Meteorology,Single blind
1687-5680,1687-5699,Advances in Multimedia,Single blind
1687-9147,1687-9155,Advances in Operations Research,Single blind
1687-563X,1687-5648,Advances in OptoElectronics,Single blind
2090-3464,2090-3472,Advances in Orthopedics,Single blind
1687-6334,1687-6342,Advances in Pharmacological Sciences,Single blind
7306-679,1098-2329,Advances in Polymer Technology,Single blind
2090-3480,2090-3499,Advances in Preventive Medicine,Single blind
2356-6868,2314-7784,Advances in Public Health,Single blind
1687-5915,1687-5923,Advances in Tribology,Single blind
1687-6369,1687-6377,Advances in Urology,Single blind
1687-8639,1687-8647,Advances in Virology,Single blind
2090-1240,2090-1259,AIDS Research and Treatment,Single blind
2210-7177,2210-7185,Analytical Cellular Pathology,Single blind
2090-1267,2090-1275,Anemia,Single blind
1687-6962,1687-6970,Anesthesiology Research and Practice,Single blind
1687-7667,1687-7675,Applied and Environmental Soil Science,Single blind
1176-2322,1754-2103,Applied Bionics and Biomechanics,Single blind
1687-9724,1687-9732,Applied Computational Intelligence and Soft Computing,Single blind
1472-3646,1472-3654,Archaea,Single blind
2090-1925,2090-1933,Autism Research and Treatment,Single blind
2090-0422,2090-0430,Autoimmune Diseases,Single blind
9534-180,1875-8584,Behavioural Neurology,Single blind
2090-2247,2090-2255,Biochemistry Research International,Single blind
1565-3633,1687-479X,Bioinorganic Chemistry and Applications,Single blind
2314-6133,2314-6141,BioMed Research International,Single blind
2291-2789,2291-2797,Canadian Journal of Gastroenterology and Hepatology,Single blind
1712-9532,1918-1493,Canadian Journal of Infectious Diseases and Medical Microbiology,Single blind
1198-2241,1916-7245,Canadian Respiratory Journal,Single blind
2090-8016,2090-0597,Cardiology Research and Practice,Single blind
1755-5914,1755-5922,Cardiovascular Therapeutics,Single blind
2090-6382,2090-6390,Case Reports in Anesthesiology,Single blind
2090-6404,2090-6412,Case Reports in Cardiology,Single blind
2090-6420,2090-6439,Case Reports in Critical Care,Single blind
2090-6447,2090-6455,Case Reports in Dentistry,Single blind
2090-6463,2090-6471,Case Reports in Dermatological Medicine,Single blind
2090-648X,2090-6498,Case Reports in Emergency Medicine,Single blind
2090-6501,2090-651X,Case Reports in Endocrinology,Single blind
2090-6528,2090-6536,Case Reports in Gastrointestinal Medicine,Single blind
2090-6544,2090-6552,Case Reports in Genetics,Single blind
2090-6560,2090-6579,Case Reports in Hematology,Single blind
2090-6587,2090-6595,Case Reports in Hepatology,Single blind
2090-6609,2090-6617,Case Reports in Immunology,Single blind
2090-6625,2090-6633,Case Reports in Infectious Diseases,Single blind
1687-9627,1687-9635,Case Reports in Medicine,Single blind
2090-6641,2090-665X,Case Reports in Nephrology,Single blind
2090-6668,2090-6676,Case Reports in Neurological Medicine,Single blind
2090-6684,2090-6692,Case Reports in Obstetrics and Gynecology,Single blind
2090-6706,2090-6714,Case Reports in Oncological Medicine,Single blind
2090-6722,2090-6730,Case Reports in Ophthalmological Medicine,Single blind
2090-6749,2090-6757,Case Reports in Orthopedics,Single blind
2090-6765,2090-6773,Case Reports in Otolaryngology,Single blind
2090-6781,2090-679X,Case Reports in Pathology,Single blind
2090-6803,2090-6811,Case Reports in Pediatrics,Single blind
2090-682X,2090-6838,Case Reports in Psychiatry,Single blind
2090-6846,2090-6854,Case Reports in Pulmonology,Single blind
2090-6862,2090-6870,Case Reports in Radiology,Single blind
2090-6889,2090-6897,Case Reports in Rheumatology,Single blind
2090-6900,2090-6919,Case Reports in Surgery,Single blind
2090-6943,2090-6951,Case Reports in Transplantation,Single blind
2090-696X,2090-6978,Case Reports in Urology,Single blind
2090-6986,2090-6994,Case Reports in Vascular Medicine,Single blind
2090-7001,2090-701X,Case Reports in Veterinary Medicine,Single blind
2090-3987,2090-3995,Child Development Research,Single blind
1076-2787,1099-0526,Complexity,Single blind
1748-670X,1748-6718,Computational and Mathematical Methods in Medicine,Single blind
1687-5265,1687-5273,Computational Intelligence and Neuroscience,Single blind
2090-1305,2090-1313,Critical Care Research and Practice,Single blind
1687-7063,1687-7071,Current Gerontology and Geriatrics Research,Single blind
2090-1321,2090-133X,Depression Research and Treatment,Single blind
1687-6105,1687-6113,Dermatology Research and Practice,Single blind
1026-0226,1607-887X,Discrete Dynamics in Nature and Society,Single blind
2780-240,1875-8630,Disease Markers,Single blind
2090-4002,2090-4010,Education Research International,Single blind
2090-2840,2090-2859,Emergency Medicine International,Single blind
2090-0406,2090-0414,Enzyme Research,Single blind
1741-427X,1741-4288,Evidence-Based Complementary and Alternative Medicine,Single blind
1687-6121,1687-630X,Gastroenterology Research and Practice,Single blind
2090-3154,2090-3162,Genetics Research International,Single blind
1468-8115,1468-8123,Geofluids,Single blind
1042-7163,1098-1071,Heteroatom Chemistry,Single blind
1064-7449,1098-0997,Infectious Diseases in Obstetrics and Gynecology,Single blind
1687-708X,1687-7098,Interdisciplinary Perspectives on Infectious Diseases,Single blind
1687-5966,1687-5974,International Journal of Aerospace Engineering,Single blind
1687-8159,1687-8167,International Journal of Agronomy,Single blind
1687-8760,1687-8779,International Journal of Analytical Chemistry,Single blind
1687-5869,1687-5877,International Journal of Antennas and Propagation,Single blind
1687-8787,1687-8795,International Journal of Biomaterials,Single blind
1687-4188,1687-4196,International Journal of Biomedical Imaging,Single blind
2090-3170,2090-3189,International Journal of Breast Cancer,Single blind
1687-8876,1687-8884,International Journal of Cell Biology,Single blind
1687-806X,1687-8078,International Journal of Chemical Engineering,Single blind
2356-6981,2314-5749,International Journal of Chronic Diseases,Single blind
1687-7047,1687-7055,International Journal of Computer Games Technology,Single blind
1687-9325,1687-9333,International Journal of Corrosion,Single blind
1687-8728,1687-8736,International Journal of Dentistry,Single blind
1687-9643,1687-9651,International Journal of Differential Equations,Single blind
1687-7578,1687-7586,International Journal of Digital Multimedia Broadcasting,Single blind
1687-9708,1687-9716,International Journal of Ecology,Single blind
2090-3529,2090-3537,International Journal of Electrochemistry,Single blind
2224-0721,2307-1427,International Journal of Endocrinology,Single blind
2356-7015,2314-5765,International Journal of Food Science,Single blind
1687-9368,1687-9376,International Journal of Forestry Research,Single blind
2314-436X,2314-4378,International Journal of Genomics,Single blind
1687-885X,1687-8868,International Journal of Geophysics,Single blind
2090-3448,2090-3456,International Journal of Hepatology,Single blind
2090-0384,2090-0392,International Journal of Hypertension,Single blind
2090-8040,2042-0099,International Journal of Inflammation,Single blind
1611-712,1687-0425,International Journal of Mathematics and Mathematical Sciences,Single blind
2090-2069,2090-2077,International Journal of Medicinal Chemistry,Single blind
1687-918X,1687-9198,International Journal of Microbiology,Single blind
2090-214X,2090-2158,International Journal of Nephrology,Single blind
1687-9384,1687-9392,International Journal of Optics,Single blind
1687-9201,1687-921X,International Journal of Otolaryngology,Single blind
1687-9740,1687-9759,International Journal of Pediatrics,Single blind
1110-662X,1687-529X,International Journal of Photoenergy,Single blind
1687-9422,1687-9430,International Journal of Polymer Science,Single blind
1687-7195,1687-7209,International Journal of Reconfigurable Computing,Single blind
2356-7104,2314-5757,International Journal of Reproductive Medicine,Single blind
1687-9260,1687-9279,International Journal of Rheumatology,Single blind
1023-621X,1542-3034,International Journal of Rotating Machinery,Single blind
2090-1402,2090-1410,International Journal of Surgical Oncology,Single blind
1687-6415,1687-6423,International Journal of Telemedicine and Applications,Single blind
2090-2824,2090-2832,International Journal of Vascular Medicine,Single blind
1687-8477,1687-8485,International Journal of Zoology,Single blind
2090-7834,2090-7850,Journal of Addiction,Single blind
1976-729,2042-3195,Journal of Advanced Transportation,Single blind
2090-2204,2090-2212,Journal of Aging Research,Single blind
2090-8865,2090-8873,Journal of Analytical Methods in Chemistry,Single blind
1110-757X,1687-0042,Journal of Applied Mathematics,Single blind
1687-8558,1687-8566,Journal of Cancer Epidemiology,Single blind
2090-9063,2090-9071,Journal of Chemistry,Single blind
2090-1968,2090-1976,Journal of Combustion,Single blind
2090-7141,2090-715X,Journal of Computer Networks and Communications,Single blind
1687-5249,1687-5257,Journal of Control Science and Engineering,Single blind
2314-6745,2314-6753,Journal of Diabetes Research,Single blind
2090-3014,2090-3022,Journal of Drug Delivery,Single blind
2090-0147,2090-0155,Journal of Electrical and Computer Engineering,Single blind
1460-412,1555-5917,Journal of Energy,Single blind
2314-4912,2314-4904,Journal of Engineering,Single blind
1687-9805,1687-9813,Journal of Environmental and Public Health,Single blind
1469-428,1745-4557,Journal of Food Quality,Single blind
2314-8896,2314-8888,Journal of Function Spaces,Single blind
2040-2295,2040-2309,Journal of Healthcare Engineering,Single blind
2314-8861,2314-7156,Journal of Immunology Research,Single blind
8964-327,1540-8183,Journal of Interventional Cardiology,Single blind
2090-3030,2090-3049,Journal of Lipids,Single blind
1687-9481,1687-949X,Journal of Marine Biology,Single blind
2314-4629,2314-4785,Journal of Mathematics,Single blind
1687-4110,1687-4129,Journal of Nanomaterials,Single blind
2522-6908,NA,Journal of Nanotechnology,Single blind
2090-0201,2090-021X,Journal of Nucleic Acids,Single blind
2090-0724,2090-0732,Journal of Nutrition and Metabolism,Single blind
2090-0708,2090-0716,Journal of Obesity,Single blind
1687-8450,1687-8469,Journal of Oncology,Single blind
2090-004X,2090-0058,Journal of Ophthalmology,Single blind
2356-752X,2314-6486,Journal of Optimization,Single blind
2090-8059,2042-0064,Journal of Osteoporosis,Single blind
2090-0023,2090-0031,Journal of Parasitology Research,Single blind
2090-3057,2090-3065,Journal of Pathogens,Single blind
2090-9918,2090-7818,Journal of Pharmaceutics,Single blind
2090-2727,2090-2735,Journal of Pregnancy,Single blind
1687-952X,1687-9538,Journal of Probability and Statistics,Single blind
2314-4386,2314-4394,Journal of Renewable Energy,Single blind
1687-9600,1687-9619,Journal of Robotics,Single blind
1687-725X,1687-7268,Journal of Sensors,Single blind
2090-2905,2090-2913,Journal of Skin Cancer,Single blind
2314-4920,2314-4939,Journal of Spectroscopy,Single blind
2356-7651,2314-6176,Journal of Sports Medicine,Single blind
2090-8067,2042-0072,Journal of Thyroid Research,Single blind
1687-8191,1687-8205,Journal of Toxicology,Single blind
2090-0007,2090-0015,Journal of Transplantation,Single blind
1687-9686,1687-9694,Journal of Tropical Medicine,Single blind
2356-7708,2314-6966,Journal of Veterinary Medicine,Single blind
2090-8075,2044-4362,Malaria Research and Treatment,Single blind
1024-123X,1563-5147,Mathematical Problems in Engineering,Single blind
9629-351,1466-1861,Mediators of Inflammation,Single blind
2090-1445,2090-1453,Minimally Invasive Surgery,Single blind
1574-017X,1875-905X,Mobile Information Systems,Single blind
1687-5591,1687-5605,Modelling and Simulation in Engineering,Single blind
2090-2654,2090-2662,Multiple Sclerosis International,Single blind
2090-5904,1687-5443,Neural Plasticity,Single blind
2090-1852,2090-1860,Neurology Research International,Single blind
2314-4262,2314-4270,Neuroscience Journal,Single blind
2090-1429,2090-1437,Nursing Research and Practice,Single blind
1687-9589,1687-9597,Obstetrics and Gynecology International,Single blind
9667-903,1557-0703,Occupational Therapy International,Single blind
1942-0900,1942-0994,Oxidative Medicine and Cellular Longevity,Single blind
1203-6765,1918-1523,Pain Research and Management,Single blind
2090-1542,2090-1550,Pain Research and Treatment,Single blind
1687-4757,1687-4765,PPAR Research,Single blind
2090-3111,2090-312X,Prostate Cancer,Single blind
2314-4327,2314-4335,Psychiatry Journal,Single blind
2090-1836,2090-1844,Pulmonary Medicine,Single blind
2090-1941,2090-195X,Radiology Research and Practice,Single blind
2090-2867,2090-2875,Rehabilitation Research and Practice,Single blind
1357-714X,1369-1643,Sarcoma,Single blind
1610-457,1932-8745,Scanning,Single blind
2090-2085,2090-2093,Schizophrenia Research and Treatment,Single blind
1687-6075,1687-6083,Science and Technology of Nuclear Installations,Single blind
1058-9244,1875-919X,Scientific Programming,Single blind
2090-908X,NA,Scientifica,Single blind
1939-0114,1939-0122,Security and Communication Networks,Single blind
1070-9622,1875-9203,Shock and Vibration,Single blind
2090-3545,2090-3553,Sleep Disorders,Single blind
1687-966X,1687-9678,Stem Cells International,Single blind
2042-0056,NA,Stroke Research and Treatment,Single blind
2356-7759,2356-6124,Surgery Research and Practice,Single blind
2356-6140,1537-744X,The Scientific World Journal,Single blind
2090-150X,2090-1518,Tuberculosis Research and Treatment,Single blind
2090-8113,2042-0048,Veterinary Medicine International,Single blind
1530-8669,1530-8677,Wireless Communications and Mobile Computing,Single blind
9728-600,NA,AKCE International Journal of Graphs and Combinatorics,Single blind
1876-2859,NA,Academic Pediatrics,Single blind
1076-6332,NA,Academic Radiology,Single blind
1457-5,NA,Accident Analysis & Prevention,Single blind
1559-982,1467-6303,Accounting Forum,Single blind
9457-65,9457-65,Acta Astronautica,Single blind
1742-7061,NA,Acta Biomaterialia,Single blind
1227-262,NA,Acta Colombiana de Cuidado Intensivo,Single blind
1000-0933,NA,Acta Ecologica Sinica,Single blind
6512-81,NA,Acta Histochemica,Single blind
1359-6454,NA,Acta Materialia,Single blind
1017-995X,NA,Acta Orthopaedica et Traumatologica Turcica,Single blind
2173-5735,NA,Acta Otorrinolaringologica (English Edition),Single blind
2211-3835,NA,Acta Pharmaceutica Sinica B,Single blind
1691-8,NA,Acta Psychologica,Single blind
0001-706X,NA,Acta Tropica,Single blind
1570-8705,NA,Ad Hoc Networks,Single blind
2352-8532,NA,Addictive Behaviors Reports,Single blind
2214-8604,NA,Additive Manufacturing,Single blind
0169-409X,NA,Advanced Drug Delivery Reviews,Single blind
1474-0346,NA,Advanced Engineering Informatics,Single blind
2542-5048,NA,Advanced Industrial and Engineering Polymer Research,Single blind
9218-831,1568-5527,Advanced Powder Technology,Single blind
8826-110,NA,Advances in Accounting,Single blind
1968-858,1090-2074,Advances in Applied Mathematics,Single blind
2212-4926,NA,Advances in Biological Regulation,Single blind
1674-9278,NA,Advances in Climate Change Research,Single blind
1868-6,NA,Advances in Colloid and Interface Science,Single blind
9659-978,NA,Advances in Engineering Software,Single blind
2212-9588,NA,Advances in Integrative Medicine,Single blind
1040-2608,NA,Advances in Life Course Research,Single blind
1870-8,1090-2082,Advances in Mathematics,Single blind
1896-1126,1898-4002,Advances in Medical Sciences,Single blind
2452-1094,NA,Advances in Radiation Oncology,Single blind
1875-9637,NA,Aeolian Research,Single blind
1270-9638,NA,Aerospace Science and Technology,Single blind
2211-419X,NA,African Journal of Emergency Medicine,Single blind
1110-5704,1961-9987,African Journal of Urology,Single blind
1568-1637,NA,Ageing Research Reviews,Single blind
1359-1789,NA,Aggression and Violent Behavior,Single blind
2352-2151,NA,Agri Gene,Single blind
0308-521X,NA,Agricultural Systems,Single blind
3783-774,NA,Agricultural Water Management,Single blind
1681-923,NA,Agricultural and Forest Meteorology,Other
2452-316X,NA,Agriculture and Natural Resources,Single blind
2090-4479,NA,Ain Shams Engineering Journal,Single blind
1067-991X,NA,Air Medical Journal,Single blind
7418-329,NA,Alcohol,Single blind
1110-0168,NA,Alexandria Engineering Journal,Single blind
2090-5068,NA,Alexandria Journal of Medicine,Single blind
2211-9264,NA,Algal Research,Single blind
3010-546,1578-1267,Allergologia et Immunopathologia,Single blind
1323-8930,1440-1592,Allergology International,Single blind
2870-3,NA,American Heart Journal,Single blind
2939-4,NA,American Journal of Ophthalmology,Single blind
2451-9936,NA,American Journal of Ophthalmology Case Reports,Single blind
8895-406,NA,American Journal of Orthodontics and Dentofacial Orthopedics,Single blind
1960-709,NA,American Journal of Otolaryngology,Single blind
2215-0390,NA,Ampersand,Single blind
1075-9964,1095-8274,Anaerobe,Single blind
2352-5568,NA,Anaesthesia Critical Care & Pain Medicine,Single blind
3267-0,3267-0,Analytica Chimica Acta,Single blind
3778-401,3778-401,Animal Feed Science and Technology,Single blind
2405-6545,NA,Animal Nutrition,Single blind
3784-320,NA,Animal Reproduction Science,Single blind
1512-1887,NA,Annals of Agrarian Science,Single blind
5701-783,NA,Annals of Agricultural Sciences,Single blind
1092-9134,NA,Annals of Diagnostic Pathology,Single blind
2049-0801,NA,Annals of Medicine and Surgery,Other
3064-549,NA,Annals of Nuclear Energy,Single blind
1877-0657,NA,Annals of Physical and Rehabilitation Medicine,Single blind
3491-6,1096-035X,Annals of Physics,Single blind
1680-072,NA,Annals of Pure and Applied Logic,Single blind
1607-383,NA,Annals of Tourism Research,Single blind
8905-096,1615-5947,Annals of Vascular Surgery,Single blind
1367-5788,NA,Annual Reviews in Control,Single blind
2213-3054,NA,Anthropocene,Single blind
1663-542,NA,Antiviral Research,Single blind
1956-663,1095-8304,Appetite,Single blind
0003-682X,NA,Applied Acoustics,Single blind
1681-591,NA,Applied Animal Behaviour Science,Single blind
1691-317,NA,Applied Clay Science,Single blind
2210-8327,NA,Applied Computing and Informatics,Single blind
3062-619,NA,Applied Energy,Single blind
3687-0,NA,Applied Ergonomics,Single blind
8832-927,NA,Applied Geochemistry,Single blind
2352-9407,NA,Applied Materials Today,Single blind
0307-904X,NA,Applied Mathematical Modelling,Single blind
8939-659,NA,Applied Mathematics Letters,Single blind
9630-03,NA,Applied Mathematics and Computation,Single blind
1689-274,1689-274,Applied Numerical Mathematics,Single blind
8971-897,NA,Applied Nursing Research,Single blind
1411-187,NA,Applied Ocean Research,Single blind
9698-043,NA,Applied Radiation and Isotopes,Single blind
1568-4946,NA,Applied Soft Computing,Single blind
9291-393,NA,Applied Soil Ecology,Single blind
1694-332,NA,Applied Surface Science,Single blind
1359-4311,NA,Applied Thermal Engineering,Single blind
1063-5203,1096-603X,Applied and Computational Harmonic Analysis,Single blind
1448-609,NA,Aquacultural Engineering,Single blind
4484-86,NA,Aquaculture,Single blind
2352-5134,NA,Aquaculture Reports,Single blind
2468-550X,NA,Aquaculture and Fisheries,Single blind
3043-770,NA,Aquatic Botany,Single blind
2214-4625,NA,Arab Economic and Business Journal,Single blind
1687-1979,NA,Arab Journal of Gastroenterology,Single blind
1319-5166,NA,Arab Journal of Mathematical Sciences,Single blind
2090-598X,2090-598X,Arab Journal of Urology,Single blind
1878-5352,NA,Arabian Journal of Chemistry,Single blind
2352-2267,NA,Archaeological Research in Asia,Single blind
3986-1,1096-0384,Archives of Biochemistry and Biophysics,Single blind
1875-2136,NA,Archives of Cardiovascular Diseases,Single blind
1644-9665,NA,Archives of Civil and Mechanical Engineering,Single blind
1674-943,NA,Archives of Gerontology and Geriatrics,Single blind
1884-409,NA,Archives of Medical Research,Single blind
3996-9,NA,Archives of Oral Biology,Single blind
3999-3,NA,Archives of Physical Medicine and Rehabilitation,Single blind
8839-417,NA,Archives of Psychiatric Nursing,Single blind
1872-9312,NA,Artery Research,Single blind
1467-8039,NA,Arthropod Structure & Development,Single blind
2212-6287,NA,Arthroscopy Techniques,Single blind
4370-2,NA,Artificial Intelligence,Single blind
2589-7217,NA,Artificial Intelligence in Agriculture,Single blind
9333-657,NA,Artificial Intelligence in Medicine,Single blind
1029-3132,NA,Asia Pacific Management Review,Single blind
1818-0876,NA,Asian Journal of Pharmaceutical Sciences,Single blind
1876-2018,NA,Asian Journal of Psychiatry,Single blind
1015-9584,NA,Asian Journal of Surgery,Single blind
2214-3890,NA,Asian Journal of Urology,Single blind
1976-1317,NA,Asian Nursing Research,Single blind
1075-2935,NA,Assessing Writing,Single blind
2213-1337,NA,Astronomy and Computing,Single blind
9276-505,NA,Astroparticle Physics,Single blind
2191-50,NA,Atherosclerosis,Single blind
1352-2310,NA,Atmospheric Environment,Single blind
1309-1042,1309-1042,Atmospheric Pollution Research,Single blind
1698-095,NA,Atmospheric Research,Single blind
0092-640X,1090-2090,Atomic Data and Nuclear Data Tables,Single blind
3858-146,NA,Auris Nasus Larynx,Single blind
2588-994X,NA,Australasian Emergency Care,Single blind
1036-7314,NA,Australian Critical Care,Single blind
1568-9972,NA,Autoimmunity Reviews,Single blind
9265-805,NA,Automation in Construction,Single blind
8756-3282,8756-3282,BONE,Single blind
2210-5336,NA,Basal Ganglia,Single blind
1439-1791,NA,Basic and Applied Ecology,Single blind
5789-4,NA,Behavior Therapy,Single blind
5796-7,NA,Behaviour Research and Therapy,Single blind
1664-328,NA,Behavioural Brain Research,Single blind
3766-357,NA,Behavioural Processes,Single blind
2314-8535,NA,Beni-Suef University Journal of Basic and Applied Sciences,Single blind
2214-5796,NA,Big Data Research,Single blind
3032-647,NA,BioSystems,Single blind
2212-6198,NA,Bioactive Carbohydrates and Dietary Fibre,Single blind
2452-199X,NA,Bioactive Materials,Single blind
1878-8181,NA,Biocatalysis and Agricultural Biotechnology,Single blind
1369-703X,NA,Biochemical Engineering Journal,Single blind
6295-2,NA,Biochemical Pharmacology,Single blind
3051-978,NA,Biochemical Systematics and Ecology,Single blind
0006-291X,1090-2104,Biochemical and Biophysical Research Communications,Single blind
3009-084,NA,Biochimie,Single blind
2214-0085,NA,Biochimie Open,Single blind
1567-5394,NA,Bioelectrochemistry,Single blind
2395-938X,NA,Bioethics UPdate,Single blind
6320-7,NA,Biological Conservation,Single blind
1049-9644,1090-2112,Biological Control,Single blind
2212-683X,NA,Biologically Inspired Cognitive Architectures,Single blind
1045-1056,1095-8320,Biologicals,Single blind
1083-8791,NA,Biology of Blood and Marrow Transplantation,Single blind
2319-4170,NA,Biomedical Journal,Single blind
1746-8094,NA,Biomedical Signal Processing and Control,Single blind
7533-322,NA,Biomedicine & Pharmacotherapy,Single blind
2214-7535,NA,Biomolecular Detection and Quantification,Single blind
9680-896,NA,Bioorganic & Medicinal Chemistry,Single blind
0960-894X,NA,Bioorganic & Medicinal Chemistry Letters,Single blind
4520-68,1090-2120,Bioorganic Chemistry,Single blind
3014-622,NA,Biophysical Chemistry,Single blind
2405-8866,NA,Bioprinting,Single blind
9608-524,NA,Bioresource Technology,Single blind
2589-014X,NA,Bioresource Technology Reports,Single blind
9565-663,NA,Biosensors and Bioelectronics,Single blind
1537-5110,1537-5129,Biosystems Engineering,Single blind
7349-750,NA,Biotechnology Advances,Single blind
2215-017X,NA,Biotechnology Reports,Single blind
0268-960X,NA,Blood Reviews,Single blind
1740-1445,NA,Body Image,Single blind
2352-1872,NA,Bone Reports,Single blind
1538-4721,NA,Brachytherapy,Single blind
6899-3,6899-3,Brain Research,Single blind
3619-230,NA,Brain Research Bulletin,Single blind
1935-861X,NA,Brain Stimulation,Single blind
2782-626,1090-2147,Brain and Cognition,Single blind
0093-934X,1090-2155,Brain and Language,Single blind
1678-4391,NA,Brazilian Journal of Infectious Diseases,Single blind
1517-8382,1678-4405,Brazilian Journal of Microbiology,Single blind
1808-8694,1808-8694,Brazilian Journal of Otorhinolaryngology,Single blind
1413-3555,1413-3555,Brazilian Journal of Physical Therapy,Single blind
2664-356,NA,British Journal of Oral and Maxillofacial Surgery,Single blind
3601-323,NA,Building and Environment,Single blind
3054-179,NA,Burns,Single blind
2468-9122,NA,Burns Open,Single blind
3418-162,NA,CATENA,Single blind
1755-5817,NA,CIRP Journal of Manufacturing Science and Technology,Single blind
3645-916,NA,Calphad,Single blind
8465-371,NA,Canadian Association of Radiologists Journal,Single blind
0828-282X,NA,Canadian Journal of Cardiology,Single blind
1499-2671,NA,Canadian Journal of Diabetes,Single blind
8418-2,1715-3360,Canadian Journal of Ophthalmology,Single blind
1877-7821,NA,Cancer Epidemiology,Single blind
2210-7762,NA,Cancer Genetics,Single blind
3043-835,NA,Cancer Letters,Single blind
3057-372,NA,Cancer Treatment Reviews,Single blind
1448-617,NA,Carbohydrate Polymers,Single blind
8621-5,8621-5,Carbohydrate Research,Single blind
2588-9133,NA,Carbon Resources Conversion,Single blind
1889-898X,NA,Cardiocore,Single blind
1054-8807,NA,Cardiovascular Pathology,Single blind
1553-8389,NA,Cardiovascular Revascularization Medicine,Single blind
2214-157X,NA,Case Studies in Thermal Engineering,Single blind
2213-624X,NA,Case Studies on Transport Policy,Single blind
1566-7367,NA,Catalysis Communications,Single blind
9205-861,NA,Catalysis Today,Single blind
1434-160,NA,Cell Calcium,Single blind
2045-9769,2045-9769,Cell Regeneration,Single blind
8874-9,1090-2163,Cellular Immunology,Single blind
8986-568,NA,Cellular Signalling,Single blind
9589-465,NA,Cement and Concrete Composites,Single blind
8884-6,NA,Cement and Concrete Research,Single blind
1303-0701,NA,Central Bank Review,Single blind
2728-842,NA,Ceramics International,Single blind
2405-8300,NA,Chemical Data Collections,Single blind
1385-8947,NA,Chemical Engineering Journal,Single blind
2638-762,2638-762,Chemical Engineering Research and Design,Single blind
9250-9,NA,Chemical Engineering Science,Single blind
2552-701,NA,Chemical Engineering and Processing - Process Intensification,Single blind
9254-1,NA,Chemical Geology,Single blind
9261-4,NA,Chemical Physics Letters,Single blind
9279-7,NA,Chemico-Biological Interactions,Single blind
9308-4,NA,Chemistry and Physics of Lipids,Single blind
1697-439,NA,Chemometrics and Intelligent Laboratory Systems,Single blind
4565-35,NA,Chemosphere,Single blind
1452-134,NA,Child Abuse & Neglect,Single blind
1907-409,NA,Children and Youth Services Review,Single blind
1043-951X,NA,China Economic Review,Single blind
1755-3091,NA,China Journal of Accounting Research,Single blind
2751-062,NA,Chinese Astronomy and Astrophysics,Single blind
1001-8417,NA,Chinese Chemical Letters,Single blind
1674-6384,NA,Chinese Herbal Medicines,Single blind
1000-9361,NA,Chinese Journal of Aeronautics,Single blind
1872-2040,NA,Chinese Journal of Analytical Chemistry,Single blind
1004-9541,NA,Chinese Journal of Chemical Engineering,Single blind
1672-3651,NA,Chinese Journal of Natural Medicines,Single blind
1001-9294,NA,Chinese Medical Sciences Journal,Single blind
2095-882X,NA,Chronic Diseases and Translational Medicine,Single blind
2642-751,NA,Cities,Single blind
2212-0963,NA,Climate Risk Management,Single blind
2405-8807,NA,Climate Services,Single blind
9898-1,NA,Clinica Chimica Acta,Single blind
9912-0,NA,Clinical Biochemistry,Single blind
2680-033,NA,Clinical Biomechanics,Single blind
1526-8209,1938-0666,Clinical Breast Cancer,Single blind
1533-0028,1938-0674,Clinical Colorectal Cancer,Single blind
2213-3984,NA,Clinical Epidemiology and Global Health,Single blind
1558-7673,1938-0682,Clinical Genitourinary Cancer,Single blind
8997-071,NA,Clinical Imaging,Single blind
1521-6616,1521-7035,Clinical Immunology,Single blind
1525-7304,1938-0690,Clinical Lung Cancer,Single blind
2376-9998,NA,Clinical Mass Spectrometry,Single blind
1964-399,NA,Clinical Microbiology Newsletter,Single blind
1198-743X,1469-0691,Clinical Microbiology and Infection,Single blind
3038-467,NA,Clinical Neurology and Neurosurgery,Single blind
1388-2457,NA,Clinical Neurophysiology,Single blind
2467-981X,NA,Clinical Neurophysiology Practice,Single blind
2615-614,NA,Clinical Nutrition,Single blind
2405-4577,NA,Clinical Nutrition ESPEN,Single blind
2352-9393,NA,Clinical Nutrition Experimental,Single blind
2410-2792,2663-466X,Clinical Oncology,Single blind
2212-8166,NA,Clinical Plasma Medicine,Single blind
2727-358,NA,Clinical Psychology Review,Single blind
9926-0,NA,Clinical Radiology,Single blind
1876-1399,NA,Clinical Simulation in Nursing,Single blind
1492-918,NA,Clinical Therapeutics,Single blind
2405-6308,NA,Clinical and Translational Radiation Oncology,Single blind
2588-9141,NA,Clinical eHealth,Single blind
2210-7401,NA,Clinics and Research in Hepatology and Gastroenterology,Single blind
0738-081X,NA,Clinics in Dermatology,Single blind
3783-839,NA,Coastal Engineering,Single blind
1002-77,NA,Cognition,Single blind
8852-014,NA,Cognitive Development,Single blind
1002-85,1095-5623,Cognitive Psychology,Single blind
1389-0417,NA,Cognitive Systems Research,Single blind
1077-7229,NA,Cognitive and Behavioral Practice,Single blind
0165-232X,NA,Cold Regions Science and Technology,Single blind
1021-80,NA,Combustion and Flame,Single blind
1007-5704,NA,Communications in Nonlinear Science and Numerical Simulation,Single blind
0967-067X,NA,Communist and Post-Communist Studies,Single blind
1744-3881,NA,Complementary Therapies in Clinical Practice,Single blind
9652-299,NA,Complementary Therapies in Medicine,Single blind
2638-223,NA,Composite Structures,Single blind
2452-2139,NA,Composites Communications,Single blind
2663-538,NA,Composites Science and Technology,Single blind
0010-440X,NA,Comprehensive Psychiatry,Single blind
1631-0691,NA,Comptes Rendus Biologies,Single blind
1631-0748,NA,Comptes Rendus Chimie,Single blind
1631-0713,NA,Comptes Rendus Geoscience,Single blind
1631-0683,NA,Comptes Rendus Palevol,Single blind
1631-0705,NA,Comptes Rendus Physique,Single blind
2352-2143,NA,Computational Condensed Matter,Single blind
9257-721,NA,Computational Geometry,Single blind
1679-473,NA,Computational Statistics & Data Analysis,Single blind
2468-1113,NA,Computational Toxicology,Single blind
2001-0370,2001-0370,Computational and Structural Biotechnology Journal,Single blind
2210-271X,NA,Computational and Theoretical Chemistry,Single blind
1678-396,NA,Computer Aided Geometric Design,Single blind
1403-664,1403-664,Computer Communications,Single blind
1692-607,NA,Computer Methods and Programs in Biomedicine,Single blind
4578-25,NA,Computer Methods in Applied Mechanics and Engineering,Single blind
1389-1286,NA,Computer Networks,Single blind
1046-55,NA,Computer Physics Communications,Single blind
1574-0137,NA,Computer Science Review,Single blind
9205-489,NA,Computer Standards & Interfaces,Single blind
1077-3142,1090-235X,Computer Vision and Image Understanding,Single blind
1044-85,NA,Computer-Aided Design,Single blind
8956-111,NA,Computerized Medical Imaging and Graphics,Single blind
9813-54,NA,Computers & Chemical Engineering,Single blind
3601-315,NA,Computers & Education,Single blind
4579-06,NA,Computers & Electrical Engineering,Single blind
4579-30,NA,Computers & Fluids,Single blind
9830-04,NA,Computers & Geosciences,Single blind
9784-93,NA,Computers & Graphics,Single blind
3608-352,NA,Computers & Industrial Engineering,Single blind
8981-221,NA,Computers & Mathematics with Applications,Single blind
3050-548,NA,Computers & Operations Research,Single blind
1674-048,NA,Computers & Security,Single blind
4579-49,NA,Computers & Structures,Single blind
8755-4615,NA,Computers and Composition,Single blind
1681-699,NA,Computers and Electronics in Agriculture,Single blind
0266-352X,NA,Computers and Geotechnics,Single blind
1048-25,NA,Computers in Biology and Medicine,Single blind
7475-632,7475-632,Computers in Human Behavior,Single blind
1663-615,NA,Computers in Industry,Single blind
1053-8100,1090-2376,Consciousness and Cognition,Single blind
9500-618,NA,Construction and Building Materials,Single blind
1551-7144,NA,Contemporary Clinical Trials,Single blind
2451-8654,NA,Contemporary Clinical Trials Communications,Single blind
0361-476X,1090-2384,Contemporary Educational Psychology,Single blind
2784-343,NA,Continental Shelf Research,Single blind
1078-24,NA,Contraception,Single blind
9670-661,NA,Control Engineering Practice,Single blind
1085-45,1085-45,Coordination Chemistry Reviews,Single blind
0010-938X,NA,Corrosion Science,Single blind
1956-671,1095-998X,Cretaceous Research,Single blind
7490-704,NA,Critical Care Clinics,Single blind
1045-2354,1095-9955,Critical Perspectives On Accounting,Single blind
1040-8428,NA,Critical Reviews in Oncology/Hematology,Single blind
2612-194,NA,Crop Protection,Single blind
1122-40,1090-2392,Cryobiology,Single blind
1122-75,NA,Cryogenics,Single blind
1567-1739,NA,Current Applied Physics,Single blind
2352-0817,NA,Current Medicine Research and Practice,Single blind
2352-1546,NA,Current Opinion in Behavioral Sciences,Single blind
2468-4511,NA,Current Opinion in Biomedical Engineering,Single blind
9581-669,NA,Current Opinion in Biotechnology,Single blind
9550-674,NA,Current Opinion in Cell Biology,Single blind
1367-5931,1367-5931,Current Opinion in Chemical Biology,Single blind
2211-3398,NA,Current Opinion in Chemical Engineering,Single blind
1359-0294,NA,Current Opinion in Colloid & Interface Science,Single blind
2451-9103,NA,Current Opinion in Electrochemistry,Single blind
2451-9650,NA,Current Opinion in Endocrine and Metabolic Research,Single blind
2468-5844,NA,Current Opinion in Environmental Science & Health,Single blind
1877-3435,NA,Current Opinion in Environmental Sustainability,Single blind
2214-7993,NA,Current Opinion in Food Science,Single blind
0959-437X,NA,Current Opinion in Genetics & Development,Single blind
2452-2236,NA,Current Opinion in Green and Sustainable Chemistry,Single blind
9527-915,NA,Current Opinion in Immunology,Single blind
2214-5745,NA,Current Opinion in Insect Science,Single blind
1369-5274,1369-5274,Current Opinion in Microbiology,Single blind
9594-388,NA,Current Opinion in Neurobiology,Single blind
1471-4892,NA,Current Opinion in Pharmacology,Single blind
2468-8673,NA,Current Opinion in Physiology,Single blind
1369-5266,NA,Current Opinion in Plant Biology,Single blind
2352-250X,NA,Current Opinion in Psychology,Single blind
0959-440X,NA,Current Opinion in Structural Biology,Single blind
2452-3100,NA,Current Opinion in Systems Biology,Single blind
2468-2020,NA,Current Opinion in Toxicology,Single blind
1879-6257,NA,Current Opinion in Virology,Single blind
2214-6628,NA,Current Plant Biology,Single blind
1470-272,NA,Current Problems in Cancer,Single blind
3630-188,NA,Current Problems in Diagnostic Radiology,Single blind
1138-40,NA,Current Problems in Surgery,Single blind
0011-393X,NA,Current Therapeutic Research,Single blind
1877-1297,NA,Currents in Pharmacy Teaching and Learning,Single blind
1043-4666,1096-0023,Cytokine,Single blind
1359-6101,NA,Cytokine & Growth Factor Reviews,Single blind
1465-3249,1477-2566,Cytotherapy,Single blind
1568-7864,NA,DNA Repair,Single blind
0169-023X,NA,Data & Knowledge Engineering,Single blind
2352-3409,NA,Data in Brief,Single blind
1679-236,NA,Decision Support Systems,Single blind
2214-9147,NA,Defence Technology,Single blind
1125-7865,NA,Dendrochronologia,Single blind
1095-641,NA,Dental Materials,Single blind
1027-8117,NA,Dermatologica Sinica,Single blind
1191-64,NA,Desalination,Single blind
0142-694X,NA,Design Studies,Single blind
2352-7285,NA,Development Engineering,Single blind
0145-305X,NA,Developmental & Comparative Immunology,Single blind
1216-06,1095-564X,Developmental Biology,Single blind
1878-9293,NA,Developmental Cognitive Neuroscience,Single blind
2732-297,1090-2406,Developmental Review,Single blind
1262-3636,NA,Diabetes & Metabolism,Single blind
1688-227,NA,Diabetes Research and Clinical Practice,Single blind
7328-893,NA,Diagnostic Microbiology and Infectious Disease,Single blind
2211-5684,NA,Diagnostic and Interventional Imaging,Single blind
9259-635,NA,Diamond and Related Materials,Single blind
9262-245,NA,Differential Geometry and its Applications,Single blind
3014-681,1432-0436,Differentiation,Single blind
2212-0548,NA,Digital Applications in Archaeology and Cultural Heritage,Single blind
2589-3777,NA,Digital Chinese Medicine,Single blind
2352-8648,NA,Digital Communications and Networks,Single blind
1742-2876,NA,Digital Investigation,Single blind
1051-2004,1095-4333,Digital Signal Processing,Single blind
1936-6574,NA,Disability and Health Journal,Single blind
0166-218X,NA,Discrete Applied Mathematics,Single blind
0012-365X,NA,Discrete Mathematics,Single blind
1572-5286,NA,Discrete Optimization,Single blind
1150-29,NA,Disease-A-Month,Single blind
1419-382,NA,Displays,Single blind
7397-240,NA,Domestic Animal Endocrinology,Single blind
1347-4367,1880-0920,Drug Metabolism and Pharmacokinetics,Single blind
3768-716,NA,Drug and Alcohol Dependence,Single blind
1437-208,NA,Dyes and Pigments,Single blind
3770-265,NA,Dynamics of Atmospheres and Oceans,Single blind
2405-6553,NA,EJVES Short Reports,Single blind
2087-894X,2656-615X,EXPLORE,Single blind
8852-006,NA,Early Childhood Research Quarterly,Single blind
3783-782,NA,Early Human Development,Single blind
2589-8116,NA,Earth System Governance,Single blind
0012-821X,NA,Earth and Planetary Science Letters,Single blind
1282-52,NA,Earth-Science Reviews,Single blind
1471-0153,NA,Eating Behaviors,Single blind
1476-945X,NA,Ecological Complexity,Single blind
9218-009,NA,Ecological Economics,Single blind
9258-574,NA,Ecological Engineering,Single blind
2405-9854,NA,Ecological Genetics and Genomics,Single blind
1470-160X,NA,Ecological Indicators,Single blind
1574-9541,NA,Ecological Informatics,Single blind
3043-800,NA,Ecological Modelling,Single blind
2452-3062,NA,Econometrics and Statistics,Single blind
2509-0038,NA,EconomiA,Single blind
3135-926,NA,Economic Analysis and Policy,Single blind
2649-993,NA,Economic Modelling,Single blind
9393-625,NA,Economic Systems,Single blind
1570-677X,NA,Economics & Human Biology,Single blind
2727-757,NA,Economics of Education Review,Single blind
2212-0122,NA,Economics of Transportation,Single blind
2212-0416,NA,Ecosystem Services,Single blind
1476-513,1090-2414,Ecotoxicology and Environmental Safety,Single blind
1749-7728,1749-7728,Education for Chemical Engineers,Single blind
1747-938X,NA,Educational Research Review,Single blind
1110-8665,NA,Egyptian Informatics Journal,Single blind
1110-1849,1110-1849,Egyptian Journal of Anaesthesia,Single blind
2314-808X,2314-808X,Egyptian Journal of Basic and Applied Sciences,Single blind
1110-8630,NA,Egyptian Journal of Medical Human Genetics,Single blind
1110-0621,NA,Egyptian Journal of Petroleum,Single blind
1110-6638,NA,Egyptian Pediatric Association Gazette,Single blind
2613-794,NA,Electoral Studies,Single blind
3787-796,NA,Electric Power Systems Research,Single blind
1388-2481,NA,Electrochemistry Communications,Single blind
1346-86,NA,Electrochimica Acta,Single blind
1567-4223,NA,Electronic Commerce Research and Applications,Single blind
7173-458,7173-458,Electronic Journal of Biotechnology,Single blind
1571-0653,NA,Electronic Notes in Discrete Mathematics,Single blind
2405-6650,NA,Emerging Contaminants,Single blind
1566-0141,NA,Emerging Markets Review,Single blind
1609-327,NA,Endeavour,Single blind
3605-442,3605-442,Energy,Single blind
1968-904,NA,Energy Conversion and Management,Single blind
1409-883,NA,Energy Economics,Single blind
3014-215,NA,Energy Policy,Single blind
2352-4847,NA,Energy Reports,Single blind
2405-8297,NA,Energy Storage Materials,Single blind
2211-467X,NA,Energy Strategy Reviews,Single blind
3787-788,NA,Energy and Buildings,Single blind
9730-826,NA,Energy for Sustainable Development,Single blind
2079-1747,NA,Engineering,Single blind
9557-997,NA,Engineering Analysis with Boundary Elements,Single blind
9521-976,NA,Engineering Applications of Artificial Intelligence,Single blind
1350-6307,1350-6307,Engineering Failure Analysis,Single blind
1379-44,NA,Engineering Fracture Mechanics,Other
1379-52,NA,Engineering Geology,Single blind
1410-296,NA,Engineering Structures,Single blind
8894-906,NA,English for Specific Purposes,Single blind
1875-9521,NA,Entertainment Computing,Single blind
1604-120,NA,Environment International,Single blind
2211-4645,NA,Environmental Development,Single blind
2210-4224,NA,Environmental Innovation and Societal Transitions,Single blind
1364-8152,NA,Environmental Modelling & Software,Single blind
2697-491,NA,Environmental Pollution,Single blind
1393-51,1096-0953,Environmental Research,Single blind
2352-1864,NA,Environmental Technology & Innovation,Single blind
1382-6689,NA,Environmental Toxicology and Pharmacology,Single blind
9884-72,NA,Environmental and Experimental Botany,Single blind
1410-229,NA,Enzyme and Microbial Technology,Single blind
1755-4365,NA,Epidemics,Single blind
1525-5050,1525-5069,Epilepsy & Behavior,Single blind
2213-3232,NA,Epilepsy & Behavior Case Reports,Single blind
9201-211,NA,Epilepsy Research,Single blind
2212-9685,NA,EuPA Open Proteomics,Single blind
1429-21,NA,European Economic Review,Single blind
1161-0301,NA,European Journal of Agronomy,Single blind
9598-049,NA,European Journal of Cancer,Single blind
1719-335,NA,European Journal of Cell Biology,Single blind
1956-698,1095-9971,European Journal of Combinatorics,Single blind
9473-580,NA,European Journal of Control,Single blind
1876-3820,NA,European Journal of Integrative Medicine,Single blind
9536-205,NA,European Journal of Internal Medicine,Single blind
9977-538,NA,European Journal of Mechanics - A/Solids,Single blind
9977-546,NA,European Journal of Mechanics - B/Fluids,Single blind
2235-234,2235-234,European Journal of Medicinal Chemistry,Single blind
1462-3889,NA,European Journal of Oncology Nursing,Single blind
3772-217,NA,European Journal of Operational Research,Single blind
1090-3798,NA,European Journal of Paediatric Neurology,Single blind
9280-987,NA,European Journal of Pharmaceutical Sciences,Single blind
9396-411,NA,European Journal of Pharmaceutics and Biopharmaceutics,Single blind
1429-99,NA,European Journal of Pharmacology,Single blind
1762-680,NA,European Journal of Political Economy,Single blind
9324-739,NA,European Journal of Protistology,Single blind
0720-048X,NA,European Journal of Radiology,Single blind
2352-0477,NA,European Journal of Radiology Open,Single blind
1164-5563,NA,European Journal of Soil Biology,Single blind
7487-983,NA,European Journal of Surgical Oncology,Single blind
2468-7499,NA,European Journal of Trauma & Dissociation,Single blind
1078-5884,NA,European Journal of Vascular and Endovascular Surgery,Single blind
2632-373,NA,European Management Journal,Single blind
1430-57,NA,European Polymer Journal,Single blind
9249-338,NA,European Psychiatry,Single blind
2444-8834,NA,European Research on Management and Business Economics,Single blind
2588-9311,NA,European Urology Oncology,Single blind
1497-189,NA,Evaluation and Program Planning,Single blind
1448-27,1090-2422,Experimental Cell Research,Single blind
1448-35,1096-0007,Experimental Eye Research,Single blind
5315-565,NA,Experimental Gerontology,Single blind
0301-472X,NA,Experimental Hematology,Single blind
1448-94,1090-2449,Experimental Parasitology,Single blind
8941-777,NA,Experimental Thermal and Fluid Science,Single blind
1448-00,1096-0945,Experimental and Molecular Pathology,Single blind
9574-174,NA,Expert Systems with Applications,Single blind
1449-83,1090-2457,Explorations in Economic History,Single blind
7230-869,NA,Expositiones Mathematicae,Single blind
2352-4316,NA,Extreme Mechanics Letters,Single blind
3784-290,NA,Field Crops Research,Single blind
0168-874X,NA,Finite Elements in Analysis and Design,Single blind
1071-5797,1090-2465,Finite Fields and Their Applications,Single blind
3797-112,NA,Fire Safety Journal,Single blind
1657-836,NA,Fisheries Research,Single blind
2115-638,NA,Fisioterapia,Single blind
0367-326X,NA,Fitoterapia,Single blind
2452-2627,NA,FlatChem,Single blind
3672-530,NA,Flora,Single blind
9555-986,NA,Flow Measurement and Instrumentation,Single blind
3783-812,NA,Fluid Phase Equilibria,Single blind
2212-4292,NA,Food Bioscience,Single blind
9567-135,NA,Food Control,Single blind
0268-005X,NA,Food Hydrocolloids,Single blind
7400-020,1095-9998,Food Microbiology,Single blind
2214-2894,NA,Food Packaging and Shelf Life,Single blind
3069-192,NA,Food Policy,Single blind
9503-293,NA,Food Quality and Preference,Single blind
9639-969,NA,Food Research International,Single blind
2213-4530,NA,Food Science and Human Wellness,Single blind
2213-3291,NA,Food Structure,Single blind
2352-2496,NA,Food Webs,Single blind
9603-085,9603-085,Food and Bioproducts Processing,Single blind
2786-915,NA,Food and Chemical Toxicology,Single blind
2405-6766,NA,Food and Waterborne Parasitology,Single blind
1268-7731,1460-9584,Foot and Ankle Surgery,Single blind
2468-1709,NA,Forensic Chemistry,Single blind
3790-738,NA,Forensic Science International,Single blind
1875-1741,NA,Forensic Science International Supplement Series,Single blind
3781-127,NA,Forest Ecology and Management,Single blind
1389-9341,NA,Forest Policy and Economics,Single blind
2542-3649,NA,Frontiers in Laboratory Medicine,Single blind
9130-22,1095-6808,Frontiers in Neuroendocrinology,Single blind
2095-2635,NA,Frontiers of Architectural Research,Single blind
1623-61,NA,Fuel,Single blind
3783-820,NA,Fuel Processing Technology,Single blind
1749-4613,NA,Fungal Biology Reviews,Single blind
1754-5048,NA,Fungal Ecology,Single blind
1087-1845,1096-0937,Fungal Genetics and Biology,Single blind
9203-796,NA,Fusion Engineering and Design,Single blind
2314-7210,NA,Future Business Journal,Single blind
2314-7288,NA,Future Computing and Informatics Journal,Single blind
2314-7180,NA,Future Dental Journal,Single blind
0167-739X,NA,Future Generation Computer Systems,Single blind
2314-7245,NA,Future Journal of Pharmaceutical Sciences,Single blind
1632-87,NA,Futures,Single blind
1650-114,NA,Fuzzy Sets and Systems,Single blind
9666-362,NA,Gait & Posture,Single blind
8998-256,1090-2473,Games and Economic Behavior,Single blind
3781-119,NA,Gene,Single blind
1567-133X,NA,Gene Expression Patterns,Single blind
2452-0144,NA,Gene Reports,Single blind
1638-343,NA,General Hospital Psychiatry,Single blind
1664-80,1095-6840,General and Comparative Endocrinology,Single blind
8887-543,1089-8646,Genomics,Single blind
1670-37,1670-37,Geochimica et Cosmochimica Acta,Single blind
1670-61,NA,Geoderma,Single blind
2352-0094,NA,Geoderma Regional,Single blind
1674-9847,NA,Geodesy and Geodynamics,Single blind
1671-85,NA,Geoforum,Single blind
2352-3808,NA,Geomechanics for Energy and the Environment,Single blind
0169-555X,NA,Geomorphology,Single blind
1674-9871,NA,Geoscience Frontiers,Single blind
3756-505,NA,Geothermics,Single blind
1974-572,NA,Geriatric Nursing,Single blind
2351-9894,NA,Global Ecology and Conservation,Single blind
9593-780,NA,Global Environmental Change,Single blind
1044-0283,NA,Global Finance Journal,Single blind
2211-9124,NA,Global Food Security,Single blind
2211-8160,NA,Global Heart,Single blind
2589-7918,NA,Global Transitions,Single blind
9218-181,NA,Global and Planetary Change,Single blind
1342-937X,NA,Gondwana Research,Single blind
0740-624X,NA,Government Information Quarterly,Single blind
2468-0257,NA,Green Energy & Environment,Single blind
2352-801X,NA,Groundwater for Sustainable Development,Single blind
1096-6374,NA,Growth Hormone & IGF Research,Single blind
9082-58,1095-6859,Gynecologic Oncology,Single blind
2352-5789,NA,Gynecologic Oncology Reports,Single blind
1687-4048,NA,HBRC Journal,Single blind
0018-442X,NA,HOMO,Single blind
1365-182X,1477-2574,HPB,Single blind
1973-975,NA,Habitat International,Single blind
2468-0672,NA,HardwareX,Single blind
1568-9883,NA,Harmful Algae,Single blind
1353-8292,NA,Health & Place,Single blind
1688-510,NA,Health Policy,Single blind
2452-3011,NA,Health Professions Education,Single blind
3785-955,NA,Hearing Research,Single blind
1479-563,NA,Heart & Lung,Single blind
1547-5271,NA,Heart Rhythm,Single blind
2214-0271,NA,HeartRhythm Case Reports,Single blind
1109-9666,NA,Hellenic Journal of Cardiology,Single blind
1658-3876,NA,Hematology/Oncology and Stem Cell Therapy,Single blind
1499-3872,NA,Hepatobiliary & Pancreatic Diseases International,Single blind
1574-1818,NA,High Energy Density Physics,Single blind
3150-860,1090-249X,Historia Mathematica,Single blind
0018-506X,1095-6867,Hormones and Behavior,Single blind
2468-0141,NA,Horticultural Plant Journal,Single blind
1988-859,NA,Human Immunology,Single blind
2452-2317,NA,Human Microbiome Journal,Single blind
1679-457,NA,Human Movement Science,Single blind
4681-77,NA,Human Pathology,Single blind
1053-4822,NA,Human Resource Management Review,Single blind
2589-7578,NA,HydroResearch,Single blind
0304-386X,NA,Hydrometallurgy,Single blind
3861-112,NA,IATSS Research,Single blind
2451-8301,NA,IBRO Reports,Single blind
2405-9595,NA,ICT Express,Single blind
2214-2509,NA,IDCases,Single blind
2468-6018,NA,IFAC Journal of Systems and Control,Single blind
2468-600X,NA,IHJ Cardiovascular Case Reports (CVCR),Single blind
9703-896,NA,IIMB Management Review,Single blind
2352-9067,NA,IJC Heart & Vasculature,Single blind
1959-0318,NA,IRBM,Single blind
9242-716,NA,ISPRS Journal of Photogrammetry and Remote Sensing,Single blind
1910-35,1090-2643,Icarus,Single blind
2628-856,NA,Image and Vision Computing,Single blind
1712-985,NA,Immunobiology,Single blind
1652-478,NA,Immunology Letters,Single blind
1935-77,NA,Indagationes Mathematicae,Single blind
1948-32,NA,Indian Heart Journal,Single blind
9762-884,9762-892,Indian Journal of Medical Specialities,Single blind
1957-07,NA,Indian Journal of Tuberculosis,Single blind
9726-292,NA,Indian Pacing and Electrophysiology Journal,Single blind
9266-690,NA,Industrial Crops and Products,Single blind
1985-01,NA,Industrial Marketing Management,Single blind
1636-383,NA,Infant Behavior and Development,Single blind
2468-0427,NA,Infectious Disease Modelling,Single blind
2352-9148,NA,Informatics in Medicine Unlocked,Single blind
1676-245,NA,Information Economics and Policy,Single blind
1566-2535,NA,Information Fusion,Single blind
3064-573,NA,Information Processing & Management,Single blind
2001-90,NA,Information Processing Letters,Single blind
2214-3173,NA,Information Processing in Agriculture,Single blind
2002-55,NA,Information Sciences,Single blind
3064-379,NA,Information Systems,Single blind
8905-401,1090-2651,Information and Computation,Single blind
1471-7727,NA,Information and Organization,Single blind
9505-849,NA,Information and Software Technology,Single blind
1350-4495,NA,Infrared Physics & Technology,Single blind
1387-7003,NA,Inorganic Chemistry Communications,Single blind
2016-93,2016-93,Inorganica Chimica Acta,Single blind
9651-748,NA,Insect Biochemistry and Molecular Biology,Single blind
1679-260,NA,Integration,Single blind
2213-4220,NA,Integrative Medicine Research,Single blind
1602-896,NA,Intelligence,Single blind
9643-397,NA,Intensive and Critical Care Nursing,Single blind
2214-7519,NA,Interdisciplinary Neurosurgery,Single blind
9669-795,NA,Intermetallics,Single blind
9648-305,NA,International Biodeterioration & Biodegradation,Single blind
1598-4869,NA,International Business Review,Single blind
7351-933,NA,International Communications in Heat and Mass Transfer,Single blind
9586-946,NA,International Dairy Journal,Single blind
2110-7017,NA,International Economics,Single blind
1755-599X,NA,International Emergency Nursing,Single blind
1567-5769,NA,International Immunopharmacology,Single blind
2075-19,NA,International Journal for Parasitology,Single blind
1467-0895,NA,International Journal of Accounting Information Systems,Single blind
1437-496,NA,International Journal of Adhesion and Adhesives,Single blind
2214-1391,NA,International Journal of Africa Nursing Sciences,Single blind
9248-579,NA,International Journal of Antimicrobial Agents,Single blind
3032-434,NA,International Journal of Applied Earth Observation and Geoinformation,Single blind
0888-613X,NA,International Journal of Approximate Reasoning,Single blind
1418-130,NA,International Journal of Biological Macromolecules,Single blind
1675-273,1675-273,International Journal of Cardiology,Single blind
2212-8689,NA,International Journal of Child-Computer Interaction,Single blind
1697-2600,NA,International Journal of Clinical and Health Psychology,Single blind
1665-162,NA,International Journal of Coal Geology,Single blind
7365-748,NA,International Journal of Developmental Neuroscience,Single blind
2212-4209,NA,International Journal of Disaster Risk Reduction,Single blind
9553-959,NA,International Journal of Drug Policy,Single blind
7380-593,NA,International Journal of Educational Development,Single blind
8830-355,NA,International Journal of Educational Research,Single blind
1420-615,NA,International Journal of Electrical Power & Energy Systems,Single blind
2072-25,NA,International Journal of Engineering Science,Single blind
1421-123,NA,International Journal of Fatigue,Single blind
1681-605,NA,International Journal of Food Microbiology,Single blind
1692-070,NA,International Journal of Forecasting,Single blind
1873-9598,NA,International Journal of Gerontology,Single blind
1750-5836,NA,International Journal of Greenhouse Gas Control,Single blind
0142-727X,NA,International Journal of Heat and Fluid Flow,Single blind
1793-10,1793-10,International Journal of Heat and Mass Transfer,Single blind
2784-319,NA,International Journal of Hospitality Management,Single blind
1071-5819,1095-9300,International Journal of Human-Computer Studies,Single blind
1438-4639,NA,International Journal of Hygiene and Environmental Health,Single blind
0734-743X,NA,International Journal of Impact Engineering,Single blind
1698-141,NA,International Journal of Industrial Ergonomics,Single blind
1677-187,NA,International Journal of Industrial Organization,Single blind
1201-9712,NA,International Journal of Infectious Diseases,Single blind
2684-012,NA,International Journal of Information Management,Single blind
2096-2487,NA,International Journal of Innovation Studies,Single blind
1471-767,NA,International Journal of Intercultural Relations,Single blind
1602-527,NA,International Journal of Law and Psychiatry,Single blind
2588-8404,NA,International Journal of Lightweight Materials and Manufacture,Single blind
8906-955,NA,International Journal of Machine Tools and Manufacture,Single blind
2074-03,NA,International Journal of Mechanical Sciences,Single blind
1386-5056,NA,International Journal of Medical Informatics,Single blind
1438-4221,NA,International Journal of Medical Microbiology,Single blind
2095-2686,NA,International Journal of Mining Science and Technology,Single blind
3019-322,NA,International Journal of Multiphase Flow,Single blind
2092-6782,NA,International Journal of Naval Architecture and Ocean Engineering,Single blind
2074-62,NA,International Journal of Non-Linear Mechanics,Single blind
2352-0132,NA,International Journal of Nursing Sciences,Single blind
0959-289X,NA,International Journal of Obstetric Anesthesia,Single blind
1746-0689,NA,International Journal of Osteopathic Medicine,Single blind
1879-9817,NA,International Journal of Paleopathology,Single blind
1996-6814,NA,International Journal of Pavement Research and Technology,Single blind
1655-876,1655-876,International Journal of Pediatric Otorhinolaryngology,Single blind
2588-9109,NA,International Journal of Pediatric Otorhinolaryngology Case Reports,Single blind
2352-6467,NA,International Journal of Pediatrics and Adolescent Medicine,Single blind
3785-173,NA,International Journal of Pharmaceutics,Single blind
7496-419,NA,International Journal of Plasticity,Single blind
9255-273,NA,International Journal of Production Economics,Single blind
2637-863,NA,International Journal of Project Management,Single blind
1678-760,NA,International Journal of Psychophysiology,Single blind
2634-368,NA,International Journal of Refractory Metals and Hard Materials,Single blind
1407-007,NA,International Journal of Refrigeration,Single blind
1678-116,NA,International Journal of Research in Marketing,Single blind
1365-1609,NA,International Journal of Rock Mechanics and Mining Sciences,Single blind
2076-83,NA,International Journal of Solids and Structures,Single blind
1743-9191,NA,International Journal of Surgery,Other
2210-2612,NA,International Journal of Surgery Case Reports,Single blind
2405-8572,NA,International Journal of Surgery Open,Single blind
2468-3574,NA,International Journal of Surgery Protocols,Single blind
1290-0729,NA,International Journal of Thermal Sciences,Single blind
2046-0430,NA,International Journal of Transportation Science and Technology,Single blind
2314-4599,2314-4599,International Journal of Veterinary Science and Medicine,Single blind
2405-5352,NA,International Journal of e-Navigation and Maritime Economy,Single blind
1059-0560,NA,International Review of Economics & Finance,Single blind
1477-3880,NA,International Review of Economics Education,Single blind
1057-5219,NA,International Review of Financial Analysis,Single blind
1448-188,NA,International Review of Law and Economics,Single blind
2095-6339,NA,International Soil and Water Conservation Research,Single blind
2214-7829,NA,Internet Interventions,Single blind
2542-6605,NA,Internet of Things,Single blind
2352-5126,NA,JAAD Case Reports,Single blind
2352-5878,NA,JPRAS Open,Single blind
9221-425,NA,Japan and the World Economy,Single blind
2175-57,2175-57,Jornal de Pediatria,Single blind
1617-1381,NA,Journal for Nature Conservation,Single blind
7485-751,NA,Journal of Accounting Education,Single blind
7374-607,NA,Journal of Accounting Literature,Single blind
1654-101,NA,Journal of Accounting and Economics,Single blind
2784-254,NA,Journal of Accounting and Public Policy,Single blind
1401-971,1095-9254,Journal of Adolescence,Single blind
1054-139X,NA,Journal of Adolescent Health,Single blind
2090-1232,NA,Journal of Advanced Research,Single blind
2185-02,NA,Journal of Aerosol Science,Single blind
1650-327,NA,Journal of Affective Disorders,Single blind
1464-343X,NA,Journal of African Earth Sciences,Single blind
2214-8515,NA,Journal of African Trade,Single blind
8904-065,NA,Journal of Aging Studies,Single blind
9696-997,NA,Journal of Air Transport Management,Single blind
2186-93,1090-266X,Journal of Algebra,Single blind
9167-49,NA,Journal of Allergy and Clinical Immunology,Single blind
9258-388,NA,Journal of Alloys and Compounds,Single blind
1652-370,NA,Journal of Analytical and Applied Pyrolysis,Single blind
2352-4529,NA,Journal of Anesthesia History,Single blind
2784-165,1090-2686,Journal of Anthropological Archaeology,Single blind
8876-185,NA,Journal of Anxiety Disorders,Single blind
2085-216,NA,Journal of Applied Biomedicine,Single blind
1933-973,NA,Journal of Applied Developmental Psychology,Single blind
9269-851,NA,Journal of Applied Geophysics,Single blind
2211-3681,NA,Journal of Applied Research in Memory and Cognition,Single blind
2214-7861,NA,Journal of Applied Research on Medicinal and Aromatic Plants,Single blind
2190-45,1096-0430,Journal of Approximation Theory,Single blind
3054-403,1095-9238,Journal of Archaeological Science,Single blind
2214-9635,NA,Journal of Arthroscopy and Joint Surgery,Single blind
2287-884X,NA,Journal of Asia-Pacific Biodiversity,Single blind
1226-8615,NA,Journal of Asia-Pacific Entomology,Single blind
7439-547,NA,Journal of Asian Earth Sciences,Single blind
1049-0078,NA,Journal of Asian Economics,Single blind
1364-6826,NA,Journal of Atmospheric and Solar-Terrestrial Physics,Single blind
8968-411,1095-9157,Journal of Autoimmunity,Single blind
9759-476,NA,Journal of Ayurveda and Integrative Medicine,Single blind
3784-266,NA,Journal of Banking & Finance,Single blind
5791-6,NA,Journal of Behavior Therapy and Experimental Psychiatry,Single blind
2214-6350,NA,Journal of Behavioral and Experimental Finance,Single blind
1532-0464,1532-0480,Journal of Biomedical Informatics,Single blind
2588-9338,NA,Journal of Biosafety and Biosecurity,Single blind
1681-656,NA,Journal of Biotechnology,Single blind
1360-8592,NA,Journal of Bodywork and Movement Therapies,Single blind
2212-1374,NA,Journal of Bone Oncology,Single blind
2352-7102,NA,Journal of Building Engineering,Single blind
1482-963,NA,Journal of Business Research,Single blind
8839-026,NA,Journal of Business Venturing,Single blind
2352-6734,NA,Journal of Business Venturing Insights,Single blind
2212-9820,NA,Journal of CO2 Utilization,Single blind
2213-5383,NA,Journal of Cancer Policy,Single blind
2311-3006,NA,Journal of Cancer Research and Practice,Single blind
1071-9164,NA,Journal of Cardiac Failure,Single blind
9145-087,NA,Journal of Cardiology,Single blind
1878-5409,NA,Journal of Cardiology Cases,Single blind
1053-0770,NA,Journal of Cardiothoracic and Vascular Anesthesia,Single blind
1934-5925,NA,Journal of Cardiovascular Computed Tomography,Single blind
2195-17,1090-2694,Journal of Catalysis,Single blind
2352-1775,NA,Journal of Cellular Immunotherapy,Single blind
7335-210,1095-9963,Journal of Cereal Science,Single blind
8910-618,NA,Journal of Chemical Neuroanatomy,Single blind
1755-5345,NA,Journal of Choice Modelling,Single blind
2196-73,NA,Journal of Chromatography A,Single blind
1570-0232,NA,Journal of Chromatography B,Single blind
9596-526,NA,Journal of Cleaner Production,Single blind
9528-180,NA,Journal of Clinical Anesthesia,Single blind
8954-356,NA,Journal of Clinical Epidemiology,Single blind
1933-2874,NA,Journal of Clinical Lipidology,Single blind
9675-868,NA,Journal of Clinical Neuroscience,Single blind
9765-662,NA,Journal of Clinical Orthopaedics and Trauma,Single blind
2405-5794,NA,Journal of Clinical Tuberculosis and Other Mycobacterial Diseases,Single blind
1386-6532,NA,Journal of Clinical Virology,Single blind
9736-883,NA,Journal of Clinical and Experimental Hepatology,Single blind
2214-6245,NA,Journal of Clinical and Translational Endocrinology Case Reports,Single blind
2213-297X,NA,Journal of Co-operative Organization and Management,Single blind
2197-97,1095-7103,Journal of Colloid and Interface Science,Single blind
2237-9363,NA,Journal of Coloproctology,Single blind
2405-8513,NA,Journal of Commodity Markets,Single blind
2199-24,NA,Journal of Communication Disorders,Single blind
2199-75,NA,Journal of Comparative Pathology,Single blind
0885-064X,1090-2708,Journal of Complexity,Single blind
2288-4300,NA,Journal of Computational Design and Engineering,Single blind
2199-91,1090-2716,Journal of Computational Physics,Single blind
3770-427,NA,Journal of Computational and Applied Mathematics,Single blind
2200-00,1090-2724,Journal of Computer and System Sciences,Single blind
1697-722,NA,Journal of Contaminant Hydrology,Single blind
2212-1447,NA,Journal of Contextual Behavioral Science,Single blind
1683-659,NA,Journal of Controlled Release,Single blind
9291-199,NA,Journal of Corporate Finance,Single blind
1010-5182,NA,Journal of Cranio-Maxillofacial Surgery,Single blind
4723-52,NA,Journal of Criminal Justice,Single blind
8839-441,NA,Journal of Critical Care,Single blind
2202-48,NA,Journal of Crystal Growth,Single blind
2452-2325,NA,Journal of Current Ophthalmology,Single blind
1569-1993,NA,Journal of Cystic Fibrosis,Single blind
1991-7902,NA,Journal of Dental Sciences,Single blind
3005-712,NA,Journal of Dentistry,Single blind
9231-811,NA,Journal of Dermatological Science,Single blind
2212-571X,NA,Journal of Destination Marketing & Management,Single blind
3043-878,NA,Journal of Development Economics,Single blind
1056-8727,NA,Journal of Diabetes and its Complications,Single blind
2203-96,1090-2732,Journal of Differential Equations,Single blind
1570-8667,NA,Journal of Discrete Algorithms,Single blind
1773-2247,NA,Journal of Drug Delivery Science and Technology,Single blind
1672-681,1672-681,Journal of Economic Behavior & Organization,Single blind
1651-889,NA,Journal of Economic Dynamics and Control,Single blind
1674-870,NA,Journal of Economic Psychology,Single blind
2205-31,1095-7235,Journal of Economic Theory,Single blind
1486-195,NA,Journal of Economics and Business,Single blind
2314-7172,NA,Journal of Electrical Systems and Information Technology,Single blind
1572-6657,NA,Journal of Electroanalytical Chemistry,Single blind
2207-36,NA,Journal of Electrocardiology,Single blind
3043-886,NA,Journal of Electrostatics,Single blind
9917-67,NA,Journal of Emergency Nursing,Single blind
9275-398,NA,Journal of Empirical Finance,Single blind
9923-99,NA,Journal of Endodontics,Single blind
2095-4956,NA,Journal of Energy Chemistry,Single blind
2352-152X,NA,Journal of Energy Storage,Single blind
9234-748,NA,Journal of Engineering and Technology Management,Single blind
1475-1585,NA,Journal of English for Academic Purposes,Single blind
2213-3437,NA,Journal of Environmental Chemical Engineering,Single blind
3014-797,1095-8630,Journal of Environmental Management,Single blind
2724-944,1522-9610,Journal of Environmental Psychology,Single blind
0265-931X,NA,Journal of Environmental Radioactivity,Single blind
1001-0742,NA,Journal of Environmental Sciences,Single blind
2210-6006,2210-6006,Journal of Epidemiology and Global Health,Single blind
7370-806,NA,Journal of Equine Veterinary Science,Single blind
2352-6181,NA,Journal of Ethnic Foods,Single blind
3788-741,NA,Journal of Ethnopharmacology,Single blind
2452-4034,NA,Journal of EuCornea,Single blind
1879-3665,1879-3673,Journal of Eurasian Studies,Single blind
1728-869X,NA,Journal of Exercise Science & Fitness,Single blind
2209-65,1096-0457,Journal of Experimental Child Psychology,Single blind
2210-31,1096-0465,Journal of Experimental Social Psychology,Single blind
0304-405X,NA,Journal of Financial Economics,Single blind
1042-9573,1096-0473,Journal of Financial Intermediation,Single blind
1386-4181,NA,Journal of Financial Markets,Single blind
1572-3089,NA,Journal of Financial Stability,Single blind
0094-730X,NA,Journal of Fluency Disorders,Single blind
8899-746,1095-8622,Journal of Fluids and Structures,Single blind
2211-39,NA,Journal of Fluorine Chemistry,Single blind
8891-575,1096-0481,Journal of Food Composition and Analysis,Single blind
2608-774,NA,Journal of Food Engineering,Single blind
1021-9498,NA,Journal of Food and Drug Analysis,Single blind
2212-4780,NA,Journal of Forensic Radiology and Imaging,Single blind
1752-928X,NA,Journal of Forensic and Legal Medicine,Single blind
1104-6899,NA,Journal of Forest Economics,Single blind
1872-5813,NA,Journal of Fuel Chemistry and Technology,Single blind
2212-36,1096-0783,Journal of Functional Analysis,Single blind
1756-4646,NA,Journal of Functional Foods,Single blind
1687-157X,NA,Journal of Genetic Engineering and Biotechnology,Single blind
1673-8527,NA,Journal of Genetics and Genomics,Single blind
3756-742,NA,Journal of Geochemical Exploration,Single blind
2643-707,NA,Journal of Geodynamics,Single blind
3930-440,NA,Journal of Geometry and Physics,Single blind
1879-4068,NA,Journal of Geriatric Oncology,Single blind
1226-8453,NA,Journal of Ginseng Research,Single blind
2213-7165,NA,Journal of Global Antimicrobial Resistance,Single blind
2468-7847,NA,Journal of Gynecology Obstetrics and Human Reproduction,Single blind
2589-5141,NA,Journal of Hand Surgery Global Online,Single blind
8941-130,NA,Journal of Hand Therapy,Single blind
3043-894,NA,Journal of Hazardous Materials,Single blind
1676-296,NA,Journal of Health Economics,Single blind
2603-6479,NA,Journal of Healthcare Quality Research,Single blind
2210-8033,NA,Journal of Herbal Medicine,Single blind
2214-4048,NA,Journal of High Energy Astrophysics,Single blind
3057-488,1095-8614,Journal of Historical Geography,Single blind
1956-701,NA,Journal of Hospital Infection,Single blind
1447-6770,1839-5260,Journal of Hospitality and Tourism Management,Single blind
1051-1377,1096-0791,Journal of Housing Economics,Single blind
4724-84,1095-8606,Journal of Human Evolution,Single blind
1570-6443,NA,Journal of Hydro-environment Research,Single blind
2216-94,NA,Journal of Hydrology,Single blind
2217-59,NA,Journal of Immunological Methods,Single blind
2468-4988,NA,Journal of Immunology and Regenerative Medicine,Single blind
1561-8811,2213-3615,Journal of Indian College of Cardiology,Single blind
2452-414X,NA,Journal of Industrial Information Integration,Single blind
1226-086X,NA,Journal of Industrial and Engineering Chemistry,Single blind
1634-453,NA,Journal of Infection,Single blind
1341-321X,1437-7780,Journal of Infection and Chemotherapy,Single blind
1876-0341,NA,Journal of Infection and Public Health,Single blind
2214-2126,NA,Journal of Information Security and Applications,Single blind
1751-1577,NA,Journal of Informetrics,Single blind
1620-134,NA,Journal of Inorganic Biochemistry,Single blind
2219-10,2219-10,Journal of Insect Physiology,Single blind
2315-4616,NA,Journal of Integrative Medicine,Single blind
1094-9968,1520-6653,Journal of Interactive Marketing,Single blind
2219-96,NA,Journal of International Economics,Single blind
1075-4253,NA,Journal of International Management,Single blind
2615-606,NA,Journal of International Money and Finance,Single blind
2405-4526,NA,Journal of Interprofessional Education & Practice,Single blind
2220-11,1096-0805,Journal of Invertebrate Pathology,Single blind
0022-202X,1523-1747,Journal of Investigative Dermatology,Single blind
1087-0024,1529-1774,Journal of Investigative Dermatology Symposium Proceedings,Single blind
1319-1578,NA,Journal of King Saud University - Computer and Information Sciences,Single blind
1018-3639,NA,Journal of King Saud University - Engineering Sciences,Single blind
1018-3647,NA,Journal of King Saud University - Science,Single blind
2352-2208,NA,Journal of Logical and Algebraic Methods in Programming,Single blind
9504-230,NA,Journal of Loss Prevention in the Process Industries,Single blind
2223-13,NA,Journal of Luminescence,Single blind
1640-704,NA,Journal of Macroeconomics,Single blind
2213-9567,NA,Journal of Magnesium and Alloys,Single blind
3048-853,NA,Journal of Magnetism and Magnetic Materials,Single blind
1526-6125,NA,Journal of Manufacturing Processes,Single blind
2786-125,NA,Journal of Manufacturing Systems,Single blind
9247-963,NA,Journal of Marine Systems,Single blind
9240-136,NA,Journal of Materials Processing Technology,Single blind
2238-7854,NA,Journal of Materials Research and Technology,Single blind
2352-8478,NA,Journal of Materiomics,Single blind
0022-247X,1096-0813,Journal of Mathematical Analysis and Applications,Single blind
3044-068,NA,Journal of Mathematical Economics,Single blind
2224-96,1096-0880,Journal of Mathematical Psychology,Single blind
1939-8654,NA,Journal of Medical Imaging and Radiation Sciences,Single blind
3767-388,NA,Journal of Membrane Science,Single blind
0749-596X,1096-0821,Journal of Memory and Language,Single blind
1677-012,NA,Journal of Microbiological Methods,Single blind
1553-4650,NA,Journal of Minimally Invasive Gynecology,Single blind
2228-36,1089-8638,Journal of Molecular Biology,Single blind
1677-322,NA,Journal of Molecular Liquids,Single blind
2228-52,1096-083X,Journal of Molecular Spectroscopy,Single blind
2228-60,2228-60,Journal of Molecular Structure,Single blind
2228-28,1095-8584,Journal of Molecular and Cellular Cardiology,Single blind
3043-932,NA,Journal of Monetary Economics,Single blind
1042-444X,NA,Journal of Multinational Financial Management,Single blind
0047-259X,1095-7243,Journal of Multivariate Analysis,Single blind
2468-256X,NA,Journal of Natural Gas Geoscience,Single blind
1875-5100,NA,Journal of Natural Gas Science and Engineering,Single blind
1355-1841,NA,Journal of Neonatal Nursing,Single blind
1084-8045,1095-8592,Journal of Network and Computer Applications,Single blind
1655-728,NA,Journal of Neuroimmunology,Single blind
9116-044,NA,Journal of Neurolinguistics,Single blind
1509-861,NA,Journal of Neuroradiology,Single blind
1650-270,NA,Journal of Neuroscience Methods,Single blind
2230-93,NA,Journal of Non-Crystalline Solids,Single blind
3770-257,NA,Journal of Non-Newtonian Fluid Mechanics,Single blind
2231-15,2231-15,Journal of Nuclear Materials,Single blind
0022-314X,1096-1658,Journal of Number Theory,Single blind
1499-4046,NA,Journal of Nutrition Education and Behavior,Single blind
2211-3649,NA,Journal of Obsessive-Compulsive and Related Disorders,Single blind
1701-2163,NA,Journal of Obstetrics and Gynaecology Canada,Single blind
2468-0133,NA,Journal of Ocean Engineering and Science,Single blind
2452-3364,NA,Journal of Oncological Sciences,Single blind
2726-963,1873-1317,Journal of Operations Management,Single blind
1888-4296,1989-1342,Journal of Optometry,Single blind
2212-4268,NA,Journal of Oral Biology and Craniofacial Research,Single blind
1349-0079,1880-3865,Journal of Oral Biosciences,Single blind
2782-391,NA,Journal of Oral and Maxillofacial Surgery,Single blind
0022-328X,0022-328X,Journal of Organometallic Chemistry,Single blind
9492-658,1436-2023,Journal of Orthopaedic Science,Single blind
0972-978X,NA,Journal of Orthopaedics,Single blind
1672-2930,NA,Journal of Otology,Single blind
8853-924,NA,Journal of Pain and Symptom Management,Single blind
7437-315,1096-0848,Journal of Parallel and Distributed Computing,Single blind
8915-245,NA,Journal of Pediatric Health Care,Single blind
8825-963,NA,Journal of Pediatric Nursing,Single blind
2234-68,1531-5037,Journal of Pediatric Surgery,Single blind
2213-5766,NA,Journal of Pediatric Surgery Case Reports,Single blind
1477-5131,NA,Journal of Pediatric Urology,Single blind
1089-9472,NA,Journal of PeriAnesthesia Nursing,Single blind
9204-105,NA,Journal of Petroleum Science and Engineering,Single blind
2095-1779,NA,Journal of Pharmaceutical Analysis,Single blind
2235-49,1520-6017,Journal of Pharmaceutical Sciences,Single blind
7317-085,NA,Journal of Pharmaceutical and Biomedical Analysis,Single blind
1347-8613,1347-8648,Journal of Pharmacological Sciences,Single blind
1056-8719,NA,Journal of Pharmacological and Toxicological Methods,Single blind
1836-9553,NA,Journal of Physiotherapy,Single blind
1761-617,NA,Journal of Plant Physiology,Single blind
3787-753,3787-753,Journal of Power Sources,Single blind
9591-524,NA,Journal of Process Control,Single blind
8755-7223,NA,Journal of Professional Nursing,Single blind
2239-13,NA,Journal of Prosthetic Dentistry,Single blind
1883-1958,NA,Journal of Prosthodontic Research,Single blind
1874-3919,NA,Journal of Proteomics,Single blind
2239-56,NA,Journal of Psychiatric Research,Single blind
4727-27,NA,Journal of Public Economics,Single blind
2240-49,NA,Journal of Pure and Applied Algebra,Single blind
1687-8507,1687-8507,Journal of Radiation Research and Applied Sciences,Single blind
1546-0843,NA,Journal of Radiology Nursing,Single blind
2210-9706,NA,Journal of Rail Transport Planning & Management,Single blind
1002-0721,NA,Journal of Rare Earths,Single blind
1051-2276,1532-8503,Journal of Renal Nutrition,Single blind
1650-378,NA,Journal of Reproductive Immunology,Single blind
2243-59,NA,Journal of Retailing,Single blind
9696-989,NA,Journal of Retailing and Consumer Services,Single blind
1674-7755,NA,Journal of Rock Mechanics and Geotechnical Engineering,Single blind
1882-4560,2187-2627,Journal of Rural Studies,Single blind
2243-75,NA,Journal of Safety Research,Single blind
1319-6103,NA,Journal of Saudi Chemical Society,Single blind
2244-05,NA,Journal of School Psychology,Single blind
1440-2440,NA,Journal of Science and Medicine in Sport,Single blind
2245-96,1095-726X,Journal of Solid State Chemistry,Single blind
0022-460X,1095-8568,Journal of Sound and Vibration,Single blind
8959-811,NA,Journal of South American Earth Sciences,Single blind
2468-8967,NA,Journal of Space Safety Engineering,Single blind
2095-2546,NA,Journal of Sport and Health Science,Single blind
3783-758,NA,Journal of Statistical Planning and Inference,Single blind
0022-474X,NA,Journal of Stored Products Research,Single blind
1047-8477,1095-8657,Journal of Structural Biology,Single blind
1918-141,NA,Journal of Structural Geology,Single blind
7405-472,NA,Journal of Substance Abuse Treatment,Single blind
1931-7204,NA,Journal of Surgical Education,Single blind
2248-04,1095-8673,Journal of Surgical Research,Single blind
2300-3960,NA,Journal of Sustainable Mining,Single blind
7477-171,1095-855X,Journal of Symbolic Computation,Single blind
1383-7621,NA,Journal of Systems Architecture,Single blind
1641-212,NA,Journal of Systems and Software,Single blind
1658-3612,NA,Journal of Taibah University Medical Sciences,Single blind
2248-98,NA,Journal of Terramechanics,Single blind
1072-7515,NA,Journal of The American College of Surgeons,Single blind
8947-317,NA,Journal of The American Society of Echocardiography,Single blind
1600-32,NA,Journal of The Franklin Institute,Single blind
2251-93,1095-8541,Journal of Theoretical Biology,Single blind
3064-565,NA,Journal of Thermal Biology,Single blind
1556-0864,NA,Journal of Thoracic Oncology,Single blind
0965-206X,NA,Journal of Tissue Viability,Single blind
0946-672X,NA,Journal of Trace Elements in Medicine and Biology,Single blind
2095-7548,NA,Journal of Traditional Chinese Medical Sciences,Single blind
2546-272,NA,Journal of Traditional Chinese Medicine,Single blind
2095-7564,NA,Journal of Traffic and Transportation Engineering (English Edition),Single blind
2214-1405,NA,Journal of Transport & Health,Single blind
9666-923,NA,Journal of Transport Geography,Single blind
9411-90,1095-9068,Journal of Urban Economics,Single blind
2226-5856,NA,Journal of Urban Management,Single blind
1062-0303,NA,Journal of Vascular Nursing,Single blind
1558-7878,NA,Journal of Veterinary Behavior,Single blind
1660-934,NA,Journal of Virological Methods,Single blind
1879-1,1095-9084,Journal of Vocational Behavior,Single blind
8921-997,NA,Journal of Voice,Single blind
3770-273,NA,Journal of Volcanology and Geothermal Research,Single blind
1570-8268,NA,Journal of Web Semantics,Single blind
1090-9516,NA,Journal of World Business,Single blind
1525-8610,NA,Journal of the American Medical Directors Association,Single blind
1544-3191,NA,Journal of the American Pharmacists Association,Single blind
2213-2945,NA,Journal of the American Society of Cytopathology,Single blind
1933-1711,NA,Journal of the American Society of Hypertension,Single blind
1552-8855,1557-1289,Journal of the Association for Vascular Access,Single blind
1055-3290,NA,Journal of the Association of Nurses in AIDS Care,Single blind
1726-4901,NA,Journal of the Chinese Medical Association,Single blind
1110-0362,NA,Journal of the Egyptian National Cancer Institute,Single blind
1110-578X,NA,Journal of the Egyptian Society of Cardio-Thoracic Surgery,Single blind
1442-600,1746-0220,Journal of the Energy Institute,Single blind
9552-219,NA,Journal of the European Ceramic Society,Single blind
9296-646,NA,Journal of the Formosan Medical Association,Single blind
8891-583,1095-8681,Journal of the Japanese and International Economies,Single blind
1226-3192,NA,Journal of the Korean Statistical Society,Single blind
1751-6161,NA,Journal of the Mechanical Behavior of Biomedical Materials,Single blind
2250-96,NA,Journal of the Mechanics and Physics of Solids,Single blind
2796-84,NA,Journal of the National Medical Association,Single blind
1319-9218,NA,Journal of the Saudi Heart Association,Single blind
1658-077X,NA,Journal of the Saudi Society of Agricultural Sciences,Single blind
1876-1070,NA,Journal of the Taiwan Institute of Chemical Engineers,Single blind
2212-4438,NA,Journal of the World Federation of Orthodontists,Single blind
2405-609X,2405-6103,Karbala International Journal of Modern Science,Single blind
2452-3151,NA,Kasetsart Journal of Social Sciences,Single blind
8525-38,1523-1755,Kidney International,Single blind
2468-0249,NA,Kidney International Reports,Single blind
2157-1724,2157-1716,Kidney International Supplements,Single blind
9507-051,NA,Knowledge-Based Systems,Single blind
1212-4117,1804-7122,Kontakt,Single blind
2364-38,NA,LWT,Single blind
2214-4234,NA,La Revue Gestion et Organisation,Single blind
9275-371,NA,Labour Economics,Single blind
2648-377,NA,Land Use Policy,Single blind
1692-046,NA,Landscape and Urban Planning,Single blind
2715-309,NA,Language & Communication,Single blind
3880-001,NA,Language Sciences,Single blind
1041-6080,NA,Learning and Individual Differences,Single blind
9594-752,NA,Learning and Instruction,Single blind
2396-90,1095-9122,Learning and Motivation,Single blind
1344-6223,NA,Legal Medicine,Single blind
1452-126,1452-126,Leukemia Research,Single blind
2213-0489,NA,Leukemia Research Reports,Single blind
7408-188,NA,Library & Information Science Research,Single blind
2432-05,NA,Life Sciences,Single blind
2214-5524,NA,Life Sciences in Space Research,Single blind
7595-11,NA,Limnologica,Single blind
2437-95,NA,Linear Algebra and its Applications,Single blind
8985-898,NA,Linguistics and Education,Single blind
2449-37,NA,Lithos,Single blind
2542-5684,NA,Liver Research,Single blind
1871-1413,NA,Livestock Science,Single blind
2463-01,NA,Long Range Planning,Single blind
1695-002,NA,Lung Cancer,Single blind
0730-725X,NA,Magnetic Resonance Imaging,Single blind
1616-5047,NA,Mammalian Biology,Single blind
1044-5005,1096-1224,Management Accounting Research,Single blind
2213-8463,NA,Manufacturing Letters,Single blind
3044-203,NA,Marine Chemistry,Single blind
1411-136,NA,Marine Environmental Research,Single blind
1874-7787,NA,Marine Genomics,Single blind
2532-27,NA,Marine Geology,Single blind
3778-398,NA,Marine Micropaleontology,Single blind
0308-597X,NA,Marine Policy,Single blind
0025-326X,0025-326X,Marine Pollution Bulletin,Single blind
9518-339,NA,Marine Structures,Single blind
2648-172,NA,Marine and Petroleum Geology,Single blind
2589-1529,NA,Materialia,Single blind
2641-275,NA,Materials & Design,Single blind
2352-9245,NA,Materials Discovery,Single blind
0167-577X,NA,Materials Letters,Single blind
2554-08,NA,Materials Research Bulletin,Single blind
2589-2991,NA,Materials Science for Energy Technologies,Single blind
1369-8001,NA,Materials Science in Semiconductor Processing,Single blind
1369-7021,NA,Materials Today,Single blind
2468-5194,NA,Materials Today Chemistry,Single blind
2352-4928,NA,Materials Today Communications,Single blind
2468-6069,NA,Materials Today Energy,Single blind
2588-8420,NA,Materials Today Nano,Single blind
2542-5293,NA,Materials Today Physics,Single blind
2589-2347,NA,Materials Today Sustainability,Single blind
2555-64,NA,Mathematical Biosciences,Single blind
1654-896,NA,Mathematical Social Sciences,Single blind
3784-754,NA,Mathematics and Computers in Simulation,Single blind
0945-053X,NA,Matrix Biology,Single blind
2468-080X,2468-080X,Matter and Radiation at Extremes,Single blind
3785-122,NA,Maturitas,Single blind
2561-96,1942-5546,Mayo Clinic Proceedings,Single blind
2632-241,NA,Measurement,Single blind
3091-740,NA,Meat Science,Single blind
8883-270,1096-1216,Mechanical Systems and Signal Processing,Single blind
9364-13,NA,Mechanics Research Communications,Single blind
1676-636,NA,Mechanics of Materials,Single blind
0094-114X,NA,Mechanism and Machine Theory,Single blind
4763-74,4763-74,Mechanisms of Ageing and Development,Single blind
9254-773,NA,Mechanisms of Development,Single blind
9574-158,NA,Mechatronics,Single blind
9583-947,NA,Medical Dosimetry,Single blind
1350-4533,NA,Medical Engineering & Physics,Single blind
1361-8415,NA,Medical Image Analysis,Single blind
3771-237,NA,Medical Journal Armed Forces India,Single blind
2211-7539,NA,Medical Mycology Case Reports,Single blind
1134-248X,NA,Medicina Paliativa,Single blind
2212-6570,NA,Mental Health & Prevention,Single blind
1755-2966,NA,Mental Health and Physical Activity,Single blind
2214-5400,NA,Meta Gene,Single blind
1096-7176,1096-7184,Metabolic Engineering,Single blind
2214-0301,NA,Metabolic Engineering Communications,Single blind
2604-95,NA,Metabolism,Single blind
2606-57,NA,Metal Powder Report,Single blind
1046-2023,1095-9130,Methods,Single blind
2211-1220,NA,Methods in Oceanography,Single blind
8824-010,1096-1208,Microbial Pathogenesis,Single blind
2352-3522,NA,Microbial Risk Analysis,Single blind
9445-013,NA,Microbiological Research,Single blind
0026-265X,1095-9149,Microchemical Journal,Single blind
1679-317,NA,Microelectronic Engineering,Single blind
2626-92,NA,Microelectronics Journal,Single blind
2627-14,NA,Microelectronics Reliability,Single blind
9684-328,NA,Micron,Single blind
1387-1811,NA,Microporous and Mesoporous Materials,Single blind
1419-331,1419-331,Microprocessors and Microsystems,Single blind
2628-62,1095-9319,Microvascular Research,Single blind
1110-5690,NA,Middle East Fertility Society Journal,Single blind
2666-138,NA,Midwifery,Single blind
8926-875,NA,Minerals Engineering,Single blind
1567-7249,NA,Mitochondrion,Single blind
9829-97,NA,Molecular Aspects of Medicine,Single blind
2405-6758,NA,Molecular Astrophysics,Single blind
2468-8231,NA,Molecular Catalysis,Single blind
1096-7192,1096-7206,Molecular Genetics and Metabolism,Single blind
2214-4269,NA,Molecular Genetics and Metabolism Reports,Single blind
1615-890,NA,Molecular Immunology,Single blind
2212-8778,NA,Molecular Metabolism,Single blind
1055-7903,1095-9513,Molecular Phylogenetics and Evolution,Single blind
1666-851,NA,Molecular and Biochemical Parasitology,Single blind
3037-207,3037-207,Molecular and Cellular Endocrinology,Single blind
1044-7431,1095-9327,Molecular and Cellular Neuroscience,Single blind
2468-7812,NA,Musculoskeletal Science and Practice,Single blind
9638-695,NA,NDT & E International,Single blind
2352-3646,NA,NFS Journal,Single blind
2090-9977,2090-9977,NRIAG Journal of Astronomy and Geophysics,Single blind
1878-7789,NA,Nano Communication Networks,Single blind
2211-2855,NA,Nano Energy,Single blind
1748-0132,NA,Nano Today,Single blind
2352-507X,NA,Nano-Structures & Nano-Objects,Single blind
2452-0748,NA,NanoImpact,Single blind
2589-5540,NA,Nanotechnology and Precision Engineering,Single blind
2352-8540,NA,Natural Gas Industry B,Single blind
1476-5586,NA,Neoplasia,Single blind
8936-080,NA,Neural Networks,Single blind
1053-8119,1095-9572,NeuroImage,Single blind
0161-813X,NA,NeuroToxicology,Single blind
1974-580,NA,Neurobiology of Aging,Single blind
9699-961,1095-953X,Neurobiology of Disease,Single blind
1074-7427,1095-9564,Neurobiology of Learning and Memory,Single blind
2452-073X,NA,Neurobiology of Pain,Single blind
2352-2895,NA,Neurobiology of Stress,Single blind
1970-186,1970-186,Neurochemistry International,Single blind
2837-70,NA,Neurochirurgie,Single blind
9252-312,NA,Neurocomputing,Single blind
2838-43,1897-4260,Neurologia i Neurochirurgia Polska,Single blind
9608-966,NA,Neuromuscular Disorders,Single blind
1434-179,NA,Neuropeptides,Single blind
2839-08,NA,Neuropharmacology,Single blind
9877-053,NA,Neurophysiologie clinique,Single blind
2839-32,NA,Neuropsychologia,Single blind
3064-522,NA,Neuroscience,Single blind
1497-634,NA,Neuroscience & Biobehavioral Reviews,Single blind
3043-940,NA,Neuroscience Letters,Single blind
1680-102,NA,Neuroscience Research,Single blind
8920-362,NA,Neurotoxicology and Teratology,Single blind
1384-1076,NA,New Astronomy,Single blind
1387-6473,NA,New Astronomy Reviews,Single blind
1871-6784,NA,New Biotechnology,Single blind
1872-5805,NA,New Carbon Materials,Single blind
0732-118X,NA,New Ideas in Psychology,Single blind
2052-2975,NA,New Microbes and New Infections,Single blind
1089-8603,1089-8611,Nitric Oxide,Single blind
2468-0540,NA,Non-coding RNA Research,Single blind
0362-546X,NA,Nonlinear Analysis,Single blind
2954-93,NA,Nuclear Engineering and Design,Single blind
1738-5733,2234-358X,Nuclear Engineering and Technology,Single blind
2352-1791,NA,Nuclear Materials and Energy,Single blind
3759-474,NA,Nuclear Physics A,Single blind
5503-213,5503-213,Nuclear Physics B,Single blind
2405-6014,NA,Nuclear and Particle Physics Proceedings,Single blind
2606-917,NA,Nurse Education Today,Single blind
1471-5953,NA,Nurse Education in Practice,Single blind
1541-4612,NA,Nurse Leader,Single blind
2965-54,NA,Nursing Outlook,Single blind
8999-007,NA,Nutrition,Single blind
2715-317,NA,Nutrition Research,Single blind
2451-8476,NA,Obesity Medicine,Single blind
1871-403X,NA,Obesity Research & Clinical Practice,Single blind
2980-18,NA,Ocean Engineering,Single blind
1463-5003,NA,Ocean Modelling,Single blind
7832-34,2300-7370,Oceanologia,Single blind
3050-483,NA,Omega,Single blind
2542-5633,NA,Oncology Signaling,Single blind
2352-7714,NA,One Health,Single blind
2468-6964,NA,Online Social Networks and Media,Single blind
2352-9520,NA,OpenNano,Single blind
1676-377,NA,Operations Research Letters,Single blind
2214-7160,NA,Operations Research Perspectives,Single blind
2211-6923,NA,Operations Research for Health Care,Single blind
1522-2942,NA,Operative Techniques in Thoracic and Cardiovascular Surgery,Single blind
1616-420,NA,Ophthalmology,Single blind
2589-4196,NA,Ophthalmology Glaucoma,Single blind
2468-6530,NA,Ophthalmology Retina,Single blind
1068-5200,1095-9912,Optical Fiber Technology,Single blind
9253-467,NA,Optical Materials,Single blind
3039-92,NA,Optics & Laser Technology,Single blind
3040-18,NA,Optics Communications,Single blind
1438-166,NA,Optics and Lasers in Engineering,Single blind
3040-26,NA,Optik,Single blind
1230-3402,1896-3757,Opto-Electronics Review,Single blind
1368-8375,NA,Oral Oncology,Single blind
1348-8643,1881-4204,Oral Science International,Single blind
2214-5419,NA,Oral and Maxillofacial Surgery Cases,Single blind
3043-87,NA,Orbis,Single blind
1691-368,NA,Ore Geology Reviews,Single blind
1566-1199,NA,Organic Electronics,Single blind
1466-380,NA,Organic Geochemistry,Single blind
7495-978,1095-9920,Organizational Behavior and Human Decision Processes,Single blind
9026-16,NA,Organizational Dynamics,Single blind
1344-0241,NA,Orthodontic Waves,Single blind
2405-5255,NA,Osteoporosis and Sarcopenia,Single blind
2468-5488,NA,Otolaryngology Case Reports,Single blind
1934-1482,1934-1563,PM&R,Single blind
0927-538X,NA,Pacific-Basin Finance Journal,Single blind
1526-0550,1526-0550,Paediatric Respiratory Reviews,Single blind
1524-9042,NA,Pain Management Nursing,Single blind
1871-174X,NA,Palaeoworld,Single blind
2405-8521,NA,Papillomavirus Research,Single blind
1678-191,NA,Parallel Computing,Single blind
2405-6731,NA,Parasite Epidemiology and Control,Single blind
1383-5769,NA,Parasitology International,Single blind
1353-8020,NA,Parkinsonism & Related Disorders,Single blind
1674-2001,NA,Particuology,Single blind
3130-25,1465-3931,Pathology,Single blind
3440-338,NA,Pathology - Research and Practice,Single blind
9284-680,NA,Pathophysiology,Single blind
7383-991,NA,Patient Education and Counseling,Single blind
3132-03,NA,Pattern Recognition,Single blind
1678-655,NA,Pattern Recognition Letters,Single blind
9172-394,NA,Pediatric Dental Journal,Single blind
2468-1245,NA,Pediatric Hematology Oncology Journal,Single blind
8878-994,NA,Pediatric Neurology,Single blind
3140-56,NA,Pedobiologia,Single blind
1002-0160,NA,Pedosphere,Single blind
1969-781,NA,Peptides,Single blind
2211-2669,NA,Performance Enhancement & Health,Single blind
1665-316,NA,Performance Evaluation,Single blind
2405-6030,NA,Perioperative Care and Operating Room Management,Single blind
1918-869,NA,Personality and Individual Differences,Single blind
2186-4950,NA,Personalized Medicine Universe,Single blind
2468-1717,NA,Personalized Medicine in Psychiatry,Single blind
2530-0644,NA,Perspectives in Ecology and Conservation,Single blind
2213-0209,NA,Perspectives in Science,Single blind
4835-75,1095-9939,Pesticide Biochemistry and Physiology,Single blind
2405-6561,NA,Petroleum,Single blind
1876-3804,NA,Petroleum Exploration and Development,Single blind
2096-2495,NA,Petroleum Research,Single blind
2213-4344,NA,PharmaNutrition,Single blind
1734-1140,NA,Pharmacological Reports,Single blind
1043-6618,1096-1186,Pharmacological Research,Single blind
9130-57,NA,Pharmacology Biochemistry and Behavior,Single blind
2213-5979,NA,Photoacoustics,Single blind
1572-1000,NA,Photodiagnosis and Photodynamic Therapy,Single blind
1569-4410,NA,Photonics and Nanostructures - Fundamentals and Applications,Single blind
1120-1797,NA,Physica Medica,Single blind
1874-4907,NA,Physical Communication,Single blind
1466-853X,NA,Physical Therapy in Sport,Single blind
3759-601,NA,Physics Letters A,Single blind
3702-693,NA,Physics Letters B,Single blind
3701-573,NA,Physics Reports,Single blind
7919-46,NA,Physics and Chemistry of the Earth,Single blind
2352-4510,NA,Physics in Medicine,Single blind
1571-0645,NA,Physics of Life Reviews,Single blind
2212-6864,NA,Physics of the Dark Universe,Single blind
3192-01,3192-01,Physics of the Earth and Planetary Interiors,Single blind
8855-765,1096-1178,Physiological and Molecular Plant Pathology,Single blind
3193-84,NA,Physiology & Behavior,Single blind
1230-8323,2083-8204,Physiotherapy,Single blind
3194-22,NA,Phytochemistry,Single blind
1874-3900,NA,Phytochemistry Letters,Single blind
9447-113,NA,Phytomedicine,Single blind
2139-251,NA,Piel,Single blind
1434-004,NA,Placenta,Single blind
3206-33,NA,Planetary and Space Science,Single blind
2468-2659,NA,Plant Diversity,Single blind
2352-4073,NA,Plant Gene,Single blind
9819-428,NA,Plant Physiology and Biochemistry,Single blind
1689-452,NA,Plant Science,Single blind
0147-619X,1095-9890,Plasmid,Single blind
0304-422X,NA,Poetics,Single blind
1873-9652,NA,Polar Science,Single blind
9626-298,NA,Political Geography,Single blind
2775-387,2775-387,Polyhedron,Single blind
3238-61,NA,Polymer,Single blind
1413-910,NA,Polymer Degradation and Stability,Single blind
1429-418,NA,Polymer Testing,Single blind
9255-214,NA,Postharvest Biology and Technology,Single blind
3259-10,NA,Powder Technology,Single blind
2352-5517,NA,Practical Laboratory Medicine,Single blind
1879-8500,NA,Practical Radiation Oncology,Single blind
3019-268,NA,Precambrian Research,Single blind
1416-359,NA,Precision Engineering,Single blind
2210-7789,NA,Pregnancy Hypertension,Single blind
9174-35,1096-0260,Preventive Medicine,Single blind
2211-3355,NA,Preventive Medicine Reports,Single blind
1675-877,NA,Preventive Veterinary Medicine,Single blind
1751-9918,NA,Primary Care Diabetes,Single blind
2668-920,NA,Probabilistic Engineering Mechanics,Single blind
2212-8271,NA,Procedia CIRP,Single blind
1877-0509,NA,Procedia Computer Science,Single blind
2210-9838,NA,Procedia IUTAM,Single blind
2452-3216,NA,Procedia Structural Integrity,Single blind
3295-92,NA,Process Biochemistry,Single blind
9575-820,9575-820,Process Safety and Environmental Protection,Single blind
9608-974,NA,Progress in Crystal Growth and Characterization of Materials,Single blind
3601-285,NA,Progress in Energy and Combustion Science,Single blind
1637-827,NA,Progress in Lipid Research,Single blind
7964-25,NA,Progress in Materials Science,Single blind
1491-970,NA,Progress in Nuclear Energy,Single blind
7965-65,NA,Progress in Nuclear Magnetic Resonance Spectroscopy,Single blind
7966-11,NA,Progress in Oceanography,Single blind
3009-440,NA,Progress in Organic Coatings,Single blind
1466-410,NA,Progress in Particle and Nuclear Physics,Single blind
1058-9813,NA,Progress in Pediatric Cardiology,Single blind
7967-00,NA,Progress in Polymer Science,Single blind
7967-27,NA,Progress in Quantum Electronics,Single blind
1350-9462,NA,Progress in Retinal and Eye Research,Single blind
7967-86,NA,Progress in Solid State Chemistry,Single blind
7968-16,NA,Progress in Surface Science,Single blind
1098-8823,NA,Prostaglandins & Other Lipid Mediators,Single blind
2287-8882,2287-903X,Prostate International,Single blind
1046-5928,1096-0279,Protein Expression and Purification,Single blind
1434-4610,NA,Protist,Single blind
1651-781,NA,Psychiatry Research,Single blind
3064-530,NA,Psychoneuroendocrinology,Single blind
1469-0292,NA,Psychology of Sport and Exercise,Single blind
3331-82,NA,Psychosomatics,Single blind
3335-06,NA,Public Health,Single blind
3638-111,NA,Public Relations Review,Single blind
2531-0437,NA,Pulmonology,Single blind
1871-1014,NA,Quaternary Geochronology,Single blind
1040-6182,NA,Quaternary International,Single blind
2773-791,NA,Quaternary Science Reviews,Single blind
2531-0488,NA,RAUSP Management Journal,Single blind
2352-3093,NA,REACH,Single blind
1350-4487,NA,Radiation Measurements,Single blind
0969-806X,NA,Radiation Physics and Chemistry,Single blind
1078-8174,NA,Radiography,Single blind
1930-0433,1930-0433,Radiology Case Reports,Single blind
2352-6211,NA,Radiology of Infectious Diseases,Single blind
1550-7424,1551-5028,Rangeland Ecology & Management,Single blind
1900-528,1551-501X,Rangelands,Single blind
1875-5372,NA,Rare Metal Materials and Engineering,Single blind
1381-5148,NA,Reactive and Functional Polymers,Single blind
2213-2317,NA,Redox Biology,Single blind
2352-3204,NA,Regenerative Therapy,Single blind
1660-462,NA,Regional Science and Urban Economics,Single blind
2352-4855,NA,Regional Studies in Marine Science,Single blind
2732-300,1096-0295,Regulatory Toxicology and Pharmacology,Single blind
3436-17,NA,Reinforced Plastics,Single blind
9518-320,NA,Reliability Engineering & System Safety,Single blind
3442-57,NA,Remote Sensing of Environment,Single blind
9601-481,NA,Renewable Energy,Single blind
1472-6483,NA,Reproductive BioMedicine Online,Single blind
1642-431X,NA,Reproductive Biology,Single blind
2405-6618,NA,Reproductive Biomedicine & Society Online,Single blind
8906-238,NA,Reproductive Toxicology,Single blind
4873-33,NA,Research Policy,Single blind
1052-0457,NA,Research in Accounting Regulation,Single blind
1750-9467,NA,Research in Autism Spectrum Disorders,Single blind
8914-222,NA,Research in Developmental Disabilities,Single blind
1090-9443,1090-9451,Research in Economics,Single blind
2755-319,NA,Research in International Business and Finance,Single blind
2765-624,NA,Research in Social Stratification and Mobility,Single blind
1551-7411,NA,Research in Social and Administrative Pharmacy,Single blind
2210-5395,NA,Research in Transportation Business & Management,Single blind
7398-859,NA,Research in Transportation Economics,Single blind
3452-88,NA,Research in Veterinary Science,Single blind
9287-655,NA,Resource and Energy Economics,Single blind
3014-207,NA,Resources Policy,Single blind
2212-5345,NA,Respiratory Investigation,Single blind
9546-111,NA,Respiratory Medicine,Single blind
2213-0071,NA,Respiratory Medicine Case Reports,Single blind
1569-9048,NA,Respiratory Physiology & Neurobiology,Single blind
2211-3797,NA,Results in Physics,Single blind
1879-9337,NA,Review of Development Finance,Single blind
1094-2025,NA,Review of Economic Dynamics,Single blind
3466-67,NA,Review of Palaeobotany and Palynology,Single blind
2405-4283,NA,Reviews in Physics,Single blind
1888-7546,2172-5063,Revista Andaluza de Medicina del Deporte,Single blind
8556-26,8556-26,Revista Brasileira de Entomologia,Single blind
1981-528X,NA,Revista Brasileira de Farmacognosia,Single blind
1982-4378,NA,Revista Brasileira de Ortopedia,Single blind
2255-4971,NA,Revista Brasileira de Ortopedia (English Edition),Single blind
3537-87,NA,Revue Neurologique,Single blind
1878-6227,NA,Revue du Rhumatisme monographies,Single blind
2452-2198,NA,Rhizosphere,Single blind
9218-890,NA,Robotics and Autonomous Systems,Single blind
7365-845,NA,Robotics and Computer-Integrated Manufacturing,Single blind
1068-7971,NA,Russian Geology and Geophysics,Single blind
3043-479,NA,Russian Literature,Single blind
2352-8273,NA,SSM - Population Health,Single blind
9257-535,NA,Safety Science,Single blind
2093-7911,2093-7997,Safety and Health at Work,Single blind
1319-562X,NA,Saudi Journal of Biological Sciences,Single blind
1319-4534,NA,Saudi Journal of Ophthalmology,Single blind
1319-0164,NA,Saudi Pharmaceutical Journal,Single blind
9565-221,NA,Scandinavian Journal of Management,Single blind
1355-0306,NA,Science & Justice,Single blind
2095-9273,2095-9281,Science Bulletin,Single blind
2603-6363,NA,Science and Technology of Materials,Single blind
1676-423,NA,Science of Computer Programming,Single blind
3044-238,NA,Scientia Horticulturae,Single blind
1359-6462,NA,Scripta Materialia,Single blind
3707-38,NA,Sedimentary Geology,Single blind
4901-72,NA,Seminars in Arthritis and Rheumatism,Single blind
1084-9521,1096-3634,Seminars in Cell and Developmental Biology,Single blind
3719-63,NA,Seminars in Hematology,Single blind
1044-5323,1096-3618,Seminars in Immunology,Single blind
2709-295,NA,Seminars in Nephrology,Single blind
9377-54,NA,Seminars in Oncology,Single blind
7492-081,NA,Seminars in Oncology Nursing,Single blind
1043-0679,NA,Seminars in Thoracic and Cardiovascular Surgery,Single blind
8957-967,NA,Seminars in Vascular Surgery,Single blind
2214-1804,NA,Sensing and Bio-Sensing Research,Single blind
1383-5866,NA,Separation and Purification Technology,Single blind
1877-5756,NA,Sexual & Reproductive HealthCare,Single blind
2050-1161,NA,Sexual Medicine,Single blind
2050-0513,2050-0521,Sexual Medicine Reviews,Single blind
1651-684,NA,Signal Processing,Single blind
1569-190X,NA,Simulation Modelling Practice and Theory,Single blind
2352-7218,NA,Sleep Health,Single blind
1389-9457,NA,Sleep Medicine,Single blind
9214-488,NA,Small Ruminant Research,Single blind
2352-6483,NA,Smart Health,Single blind
3788-733,NA,Social Networks,Single blind
2779-536,NA,Social Science & Medicine,Single blind
0049-089X,1096-0317,Social Science Research,Single blind
3801-21,NA,Socio-Economic Planning Sciences,Single blind
2352-7110,NA,SoftwareX,Single blind
3807-17,NA,Soil Biology and Biochemistry,Single blind
2677-261,NA,Soil Dynamics and Earthquake Engineering,Single blind
3808-06,1881-1418,Soils and Foundations,Single blind
0038-092X,NA,Solar Energy,Single blind
2451-912X,NA,Solid Earth Sciences,Single blind
3810-98,NA,Solid State Communications,Single blind
2589-2088,NA,Solid State Electronics Letters,Single blind
1672-738,NA,Solid State Ionics,Single blind
9262-040,NA,Solid State Nuclear Magnetic Resonance,Single blind
1293-2558,NA,Solid State Sciences,Single blind
3811-01,NA,Solid-State Electronics,Single blind
2546-299,NA,South African Journal of Botany,Single blind
1026-9185,NA,South African Journal of Chemical Engineering,Single blind
2659-646,NA,Space Policy,Single blind
2445-4249,NA,Spanish Journal of Legal Medicine,Single blind
2211-6753,NA,Spatial Statistics,Single blind
1877-5845,NA,Spatial and Spatio-temporal Epidemiology,Single blind
1676-393,NA,Speech Communication,Single blind
1441-3523,NA,Sport Management Review,Single blind
1677-152,NA,Statistics & Probability Letters,Single blind
1873-5061,NA,Stem Cell Research,Single blind
0039-128X,NA,Steroids,Single blind
3044-149,NA,Stochastic Processes and their Applications,Single blind
0954-349X,NA,Structural Change and Economic Dynamics,Single blind
1674-730,NA,Structural Safety,Single blind
0191-491X,NA,Studies in Educational Evaluation,Single blind
3936-81,NA,Studies in History and Philosophy of Science Part A,Single blind
1660-616,1872-9797,Studies in Mycology,Single blind
7496-036,1096-3677,Superlattices and Microstructures,Single blind
3960-28,3960-28,Surface Science,Single blind
1675-729,NA,Surface Science Reports,Single blind
2578-972,2578-972,Surface and Coatings Technology,Single blind
2468-0230,NA,Surfaces and Interfaces,Single blind
3960-60,NA,Surgery,Single blind
3962-57,NA,Survey of Ophthalmology,Single blind
2352-5541,NA,Sustainable Chemistry and Pharmacy,Single blind
2210-6707,NA,Sustainable Cities and Society,Single blind
2213-1388,NA,Sustainable Energy Technologies and Assessments,Single blind
2468-2039,2468-2039,Sustainable Environment Research,Single blind
2214-9937,NA,Sustainable Materials and Technologies,Single blind
2352-5509,NA,Sustainable Production and Consumption,Single blind
2210-6502,NA,Swarm and Evolutionary Computation,Single blind
2213-7130,NA,Synergy,Single blind
3796-779,NA,Synthetic Metals,Single blind
2405-805X,NA,Synthetic and Systems Biotechnology,Single blind
0346-251X,NA,System,Single blind
7232-020,NA,Systematic and Applied Microbiology,Single blind
1676-911,NA,Systems & Control Letters,Single blind
3991-40,NA,Talanta,Single blind
1557-3087,NA,Teaching and Learning in Nursing,Single blind
0742-051X,NA,Teaching and Teacher Education,Single blind
2405-6324,NA,Technical Innovations & Patient Support in Radiation Oncology,Single blind
4016-25,NA,Technological Forecasting and Social Change,Single blind
0160-791X,NA,Technology in Society,Single blind
1664-972,NA,Technovation,Single blind
4019-51,NA,Tectonophysics,Single blind
3085-961,NA,Telecommunications Policy,Single blind
7365-853,NA,Telematics and Informatics,Single blind
4040-20,NA,Tetrahedron,Single blind
4040-39,4040-39,Tetrahedron Letters,Single blind
2962-9,NA,The American Journal of the Medical Sciences,Single blind
1974-556,NA,The Arts in Psychotherapy,Single blind
2092-5212,NA,The Asian Journal of Shipping and Logistics,Single blind
9609-776,NA,The Breast,Single blind
8908-389,1095-8347,The British Accounting Review,Single blind
2468-2330,NA,The Cell Surface,Single blind
2214-5141,NA,The Crop Journal,Single blind
1110-2608,NA,The Egyptian Heart Journal,Single blind
2090-7303,NA,The Egyptian Journal of Critical Care Medicine,Single blind
0378-603X,NA,The Egyptian Journal of Radiology and Nuclear Medicine,Single blind
1110-1164,NA,The Egyptian Rheumatologist,Single blind
1040-6190,NA,The Electricity Journal,Single blind
2136-163,2136-163,The European Journal of Psychiatry,Single blind
2214-790X,NA,The Extractive Industries and Society,Single blind
9582-592,NA,The Foot,Single blind
2070-63,2213-3933,The International Journal of Accounting,Single blind
1357-2725,NA,The International Journal of Biochemistry & Cell Biology,Single blind
1096-7516,NA,The Internet and Higher Education,Single blind
1555-4155,NA,The Journal for Nurse Practitioners,Single blind
9913-33,NA,The Journal of Academic Librarianship,Single blind
1703-4949,NA,The Journal of Economic Asymmetries,Single blind
2405-9188,NA,The Journal of Finance and Data Science,Single blind
1067-2516,NA,The Journal of Foot & Ankle Surgery,Single blind
3635-023,NA,The Journal of Hand Surgery,Single blind
1047-8310,NA,The Journal of High Technology Management Research,Single blind
9552-863,NA,The Journal of Nutritional Biochemistry,Single blind
0885-985X,NA,The Journal of Social Studies Research,Single blind
9600-760,NA,The Journal of Steroid Biochemistry and Molecular Biology,Single blind
9638-687,NA,The Journal of Strategic Information Systems,Single blind
8968-446,NA,The Journal of Supercritical Fluids,Single blind
2817-7,NA,The Journal of the American Dental Association,Single blind
2212-828X,NA,The Journal of the Economics of Ageing,Single blind
1607-551X,2410-8650,The Kaohsiung Journal of Medical Sciences,Single blind
9680-160,NA,The Knee,Single blind
1048-9843,NA,The Leadership Quarterly,Single blind
1062-9408,NA,The North American Journal of Economics and Finance,Single blind
1542-0124,NA,The Ocular Surface,Single blind
1080-7446,1525-318X,The Professional Animal Scientist,Single blind
1062-9769,NA,The Quarterly Review of Economics and Finance,Single blind
3623-319,NA,The Social Science Journal,Single blind
1529-9430,NA,The Spine Journal,Single blind
1479-666X,NA,The Surgeon,Single blind
1090-0233,NA,The Veterinary Journal,Single blind
3043-975,NA,Theoretical Computer Science,Single blind
4058-09,1096-0325,Theoretical Population Biology,Single blind
1678-442,NA,Theoretical and Applied Fracture Mechanics,Single blind
2095-0349,2095-0349,Theoretical and Applied Mechanics Letters,Single blind
0093-691X,NA,Theriogenology,Single blind
2451-9049,NA,Thermal Science and Engineering Progress,Single blind
4060-31,NA,Thermochimica Acta,Single blind
4060-90,4060-90,Thin Solid Films,Single blind
2638-231,NA,Thin-Walled Structures,Single blind
1871-1871,NA,Thinking Skills and Creativity,Single blind
4938-48,NA,Thrombosis Research,Single blind
1877-959X,NA,Ticks and Tick-borne Diseases,Single blind
4081-66,NA,Tissue and Cell,Single blind
1668-641,NA,Topology and its Applications,Single blind
2615-177,NA,Tourism Management,Single blind
2211-9736,NA,Tourism Management Perspectives,Single blind
0300-483X,NA,Toxicology,Single blind
3784-274,NA,Toxicology Letters,Single blind
0041-008X,1096-0333,Toxicology and Applied Pharmacology,Single blind
8872-333,NA,Toxicology in Vitro,Single blind
4101-01,4101-01,Toxicon,Single blind
8877-963,NA,Transfusion Medicine Reviews,Single blind
1473-0502,NA,Transfusion and Apheresis Science,Single blind
2468-5011,NA,Translational Medicine of Aging,Single blind
2588-9303,NA,Translational Metabolic Syndrome Research,Single blind
1936-5233,NA,Translational Oncology,Single blind
2214-854X,NA,Translational Research in Anatomy,Single blind
4113-45,4113-45,Transplantation Proceedings,Single blind
2451-9596,NA,Transplantation Reports,Single blind
0955-470X,NA,Transplantation Reviews,Single blind
0967-070X,NA,Transport Policy,Single blind
2214-3912,NA,Transportation Geotechnics,Single blind
2352-1465,NA,Transportation Research Procedia,Single blind
2214-367X,NA,Travel Behaviour and Society,Single blind
1477-8939,NA,Travel Medicine and Infectious Disease,Single blind
2210-8440,NA,Trends in Anaesthesia and Critical Care,Single blind
2214-1588,NA,Trends in Environmental Analytical Chemistry,Single blind
9242-244,NA,Trends in Food Science & Technology,Single blind
2211-9493,NA,Trends in Neuroscience and Education,Single blind
0301-679X,NA,Tribology International,Single blind
1472-9792,NA,Tuberculosis,Single blind
8867-798,NA,Tunnelling and Underground Space Technology,Single blind
1304-7361,NA,Turkish Journal of Emergency Medicine,Single blind
3043-991,NA,Ultramicroscopy,Single blind
0041-624X,NA,Ultrasonics,Single blind
1350-4177,NA,Ultrasonics Sonochemistry,Single blind
2467-9674,NA,Underground Space,Single blind
2212-0955,NA,Urban Climate,Single blind
1618-8667,NA,Urban Forestry & Urban Greening,Single blind
2214-4420,NA,Urology Case Reports,Single blind
9571-787,NA,Utilities Policy,Single blind
0264-410X,0264-410X,Vaccine,Single blind
1576-9887,NA,Vacunas,Single blind
0042-207X,NA,Vacuum,Single blind
1537-1891,NA,Vascular Pharmacology,Single blind
2214-2096,NA,Vehicular Communications,Single blind
1467-2987,1467-2995,Veterinary Anaesthesia and Analgesia,Single blind
1652-427,NA,Veterinary Immunology and Immunopathology,Single blind
3781-135,NA,Veterinary Microbiology,Single blind
3044-017,NA,Veterinary Parasitology,Single blind
2451-943X,NA,Veterinary and Animal Science,Single blind
9242-031,NA,Vibrational Spectroscopy,Single blind
4268-22,1096-0341,Virology,Single blind
1681-702,NA,Virus Research,Single blind
4269-89,4269-89,Vision Research,Single blind
2468-502X,NA,Visual Informatics,Single blind
2405-4690,NA,Visual Journal of Emergency Medicine,Single blind
0956-053X,NA,Waste Management,Single blind
4313-54,NA,Water Research,Single blind
2212-4284,NA,Water Resources and Economics,Single blind
2212-3717,NA,Water Resources and Industry,Single blind
1110-4929,1110-4929,Water Science,Single blind
1674-2370,NA,Water Science and Engineering,Single blind
2468-3124,NA,Water Security,Single blind
2588-9125,NA,Water-Energy Nexus,Single blind
2589-4714,NA,Watershed Ecology and the Environment,Single blind
1652-125,NA,Wave Motion,Single blind
4316-48,NA,Wear,Single blind
2212-0947,NA,Weather and Climate Extremes,Single blind
2212-9774,NA,Wine Economics and Policy,Single blind
1871-5192,NA,Women and Birth,Single blind
0305-750X,NA,World Development,Single blind
2452-2929,NA,World Development Perspectives,Single blind
2095-8811,NA,World Journal of Otorhinolaryngology - Head and Neck Surgery,Single blind
1878-8750,NA,World Neurosurgery,Single blind
1722-190,NA,World Patent Information,Single blind
2213-9095,NA,Wound Medicine,Single blind
4452-31,NA,Zoologischer Anzeiger,Single blind
9442-006,NA,Zoology,Single blind
2625-3410,NA,Clinical Psychology in Europe,Single blind
2534-9260,NA,Rethinking Ecology,Double blind
1896-1800,2569-653X,Social Psychological Bulletin,Double blind
9246-304,2543-1684,Maandblad voor Accountancy en Bedrijfseconomie,Double blind
1314-2836,1314-2828,Biodiversity Data Journal,Single blind
1727-9232,1810-3057,Corporate Ownership and Control,Double blind
1465-6906,1465-6906,Genome Biology,Transparent
1435-1935,1860-0743,Zoosystematics and Evolution,Single blind
1200-73,NA,Deutsche Entomologische Zeitschrift,Single blind
1070-9428,1314-2607,Journal of Hymenoptera Research,Single blind
1993-0771,1993-078X,Comparative Cytogenetics,Single blind
1768-1448,1314-2615,Subterranean Biology,Single blind
3427-536,2367-5365,Nota Lepidopterologica,Single blind
2367-8194,NA,One Ecosystem,Single blind
1681-5556,2305-2562,African Invertebrates,Single blind
2531-4033,NA,Italian Botanist,Single blind
2050-2966,NA,BioDiscovery,Single blind
2535-0889,NA,Alpine Entomology,Single blind
1809-127X,NA,Check List,Single blind
2535-0730,NA,Evolutionary Systematics,Single blind
1082-6467,1937-2426,Journal of Orthoptera Research,Single blind
2534-9708,NA,Metabarcoding and Metagenomics,Single blind
2535-0897,NA,Biodiversity Information Science and Standards,Single blind
2405-4739,2405-4739,Russian Journal of Economics,Single blind
2815-3197,NA,Food and Ecological Systems Modelling Journal,Single blind
2588-0535,NA,Research Results in Pharmacology,Single blind
2452-3038,2452-3038,Nuclear Energy and Technology,Single blind
2452-1779,2452-1779,Modern Electronic Materials,Single blind
2541-8416,2658-7173,Arctic Environmental Research,Single blind
1809-9939,1809-9939,Neotropical Biology and Conservation,Single blind
2658-3798,NA,Population and Economics,Single blind
2625-3410,NA,Clinical Psychology in Europe,Single blind
2534-9260,NA,Rethinking Ecology,Double blind
1896-1800,2569-653X,Social Psychological Bulletin,Double blind
9246-304,2543-1684,Maandblad voor Accountancy en Bedrijfseconomie,Double blind
1314-2836,1314-2828,Biodiversity Data Journal,Single blind
1313-2970,1313-2989,ZooKeys,Single blind
1314-2003,1314-2011,PhytoKeys,Single blind
1314-4049,1314-4057,MycoKeys,Single blind
1314-3301,1314-6947,Nature Conservation,Single blind
1314-2488,1619-0033,Neobiota,Single blind
1435-1935,1860-0743,Zoosystematics and Evolution,Single blind
1200-73,NA,Deutsche Entomologische Zeitschrift,Single blind
1070-9428,1314-2607,Journal of Hymenoptera Research,Single blind
1993-0771,1993-078X,Comparative Cytogenetics,Single blind
1768-1448,1314-2615,Subterranean Biology,Single blind
3427-536,2367-5365,Nota Lepidopterologica,Single blind
2367-8194,NA,One Ecosystem,Single blind
1681-5556,2305-2562,African Invertebrates,Single blind
2531-4033,NA,Italian Botanist,Single blind
2050-2966,NA,BioDiscovery,Single blind
1313-2652,1313-2644,BioRisk,Single blind
1984-4689,NA,Zoologia,Single blind
2535-0889,NA,Alpine Entomology,Single blind
1809-127X,NA,Check List,Single blind
2535-0730,NA,Evolutionary Systematics,Single blind
1082-6467,1937-2426,Journal of Orthoptera Research,Single blind
2534-9708,NA,Metabarcoding and Metagenomics,Single blind
2535-0897,NA,Biodiversity Information Science and Standards,Single blind
2405-4739,2405-4739,Russian Journal of Economics,Single blind
2603-4301,NA,Food Modelling Journal,Single blind
2588-0535,NA,Research Results in Pharmacology,Single blind
2452-3038,2452-3038,Nuclear Energy and Technology,Single blind
2452-1779,2452-1779,Modern Electronic Materials,Single blind
2541-8416,2658-7173,Arctic Environmental Research,Single blind
2409-5834,2500-2910,History of Medicine,Single blind
2247-0735,1223-2254,"Travaux du Muséum National d’Histoire Naturelle “Grigore Antipa""",Single blind
2682-955X,1013-4425,Herpetozoa,Single blind
1809-9939,1809-9939,Neotropical Biology and Conservation,Single blind
2603-557X,0428-0296,Pharmacia,Single blind
2658-3798,NA,Population and Economics,Single blind
1938-2901,NA,Annals of the Entomological Society of America,Single blind
1938-2936,NA,Environmental Entomology,Single blind
2399-3421,NA,Insect Systematics and Diversity,Single blind
1938-291X,NA,Journal of Economic Entomology,Single blind
1938-2928,NA,Journal of Medical Entomology,Single blind
1536-2442,NA,Journal of Insect Science,Single blind
2155-7470,NA,Journal of Integrated Pest Management,Single blind
2409-5834,2500-2910,History of Medicine,Double blind
1432-0576,NA,Annales Geophysicae,Other
1680-7324,NA,Atmospheric Chemistry and Physics,Other
1867-8548,NA,Atmospheric Measurement Techniques,Other
1726-4189,NA,Biogeosciences,Other
1814-9332,NA,Climate of the Past,Other
1996-9465,NA,Drinking Water Engineering and Science,Other
2196-632X,NA,Earth Surface Dynamics,Other
2190-4987,NA,Earth System Dynamics,Other
1866-3516,NA,Earth System Science Data,Other
2628-3719,NA,Geochronology,Other
2193-0864,NA,"Geoscientific Instrumentation, Methods and Data Systems",Other
2569-07110,NA,Geoscience Communication,Other
1991-9603,NA,Geoscientific Model Development,Other
1607-7938,NA,Hydrology and Earth System Sciences,Other
1684-9981,NA,Natural Hazards and Earth System Sciences,Other
1607-7946,NA,Nonlinear Processes in Geophysics,Other
1812-0792,NA,Ocean Science,Other
2199-0398X,NA,SOIL,Other
1994-0424,NA,The Cryosphere,Other
2366-7451,NA,Wind Energy Science,Other
1680-7359,NA,Advances in Geosciences,Single blind
1684-9973,NA,Advances in Radio Science,Single blind
1992-0636,NA,Advances in Science and Research,Single blind
2364-3587,NA,"Advances in Statistical Climatology, Meteorology and Oceanography",Single blind
2363-9822,NA,Archives Animal Breeding,Single blind
2199-3963,NA,ASTRA Proceedings,Single blind
2570-2084,NA,Advances in Cartography and GIScience of the International Cartographic Association,Double blind
2570-2092,NA,Proceedings of the International Cartographic Association,Single blind
2570-2106,NA,Abstracts of the International Cartographic Association,Single blind
2625-8137,NA,DEUQUA Special Publications,Single blind
2199-9090,NA,E&G Quaternary Science Journal,Single blind
2193-0074,NA,Fossil Record,Single blind
2194-8798,NA,Geographica Helvetica,Double blind
2190-5029,NA,History of Geo- and Space Sciences,Single blind
2194-9034,NA,"International Archives of the Photogrammetry, Remote Sensing and Spatial Information Sciences",Single blind
2041-4978,NA,Journal of Micropalaeontology,Single blind
2194-9050,NA,"ISPRS Annals of the Photogrammetry, Remote Sensing and Spatial Information Sciences",Double blind
2194-878X,NA,Journal of Sensors and Sensor Systems,Single blind
2191-916X,NA,Mechanical Sciences,Single blind
2363-4715,NA,Primate Biology,Single blind
2199-899X,NA,Proceedings of the International Association of Hydrological Sciences,Single blind
1816-3459,NA,Scientific Drilling,Single blind
1868-4564,NA,Stephan Mueller Special Publication Series,Single blind
1399-1183,NA,Web Ecology,Single blind
1111-1111,NA,Test,Test peer review type
1111-1111,NA,Test structured responses,Single blind